zip_code,state,area_code,population
00601,PR,787,18570
00602,PR,787,41520
00603,PR,787,54689
00606,PR,787,6615
00610,PR,787,29016
00612,PR,787,63312
00616,PR,787,11017
00617,PR,787,24597
00622,PR,787,7853
00623,PR,787,43061
00624,PR,787,26241
00627,PR,787,35159
00631,PR,787,1852
00637,PR,787,25287
00638,PR,787,18941
00641,PR,787,31191
00646,PR,787,38199
00647,PR,787,6172
00650,PR,787,14998
00652,PR,787,4715
00653,PR,787,13307
00656,PR,787,21481
00659,PR,787,41953
00660,PR,787,17250
00662,PR,787,43282
00664,PR,787,16784
00667,PR,787,25968
00669,PR,787,29744
00670,PR,787,9807
00674,PR,787,44457
00676,PR,787,40316
00677,PR,939,15272
00678,PR,787,27819
00680,PR,787,58140
00682,PR,787,32615
00683,PR,787,33772
00685,PR,787,42831
00687,PR,787,32610
00688,PR,787,13543
00690,PR,787,6255
00692,PR,787,37511
00693,PR,787,61038
00694,PR,787,328
00698,PR,787,41782
00703,PR,787,28605
00704,PR,787,8577
00705,PR,787,25598
00707,PR,787,12225
00714,PR,787,19566
00715,PR,787,3656
00716,PR,787,33779
00717,PR,787,18457
00718,PR,787,26606
00719,PR,787,30990
00720,PR,787,23129
00723,PR,787,19277
00725,PR,787,77244
00727,PR,787,58382
00728,PR,787,44908
00729,PR,787,53750
00730,PR,787,35742
00731,PR,787,15524
00735,PR,787,13730
00736,PR,787,51532
00738,PR,787,34922
00739,PR,787,39678
00740,PR,787,2071
00741,PR,787,4971
00745,PR,787,55062
00751,PR,787,23129
00754,PR,787,40828
00757,PR,787,23263
00765,PR,787,9098
00766,PR,787,26488
00767,PR,787,38019
00769,PR,787,40248
00771,PR,787,38394
00772,PR,787,23105
00773,PR,787,20068
00775,PR,787,1786
00777,PR,787,40684
00778,PR,787,45429
00780,PR,787,13800
00782,PR,787,19304
00783,PR,787,36557
00784,PR,787,44637
00786,PR,787,357
00791,PR,787,53417
00794,PR,787,30585
00795,PR,787,48736
00901,PR,787,7080
00906,PR,787,4
00907,PR,787,17458
00909,PR,787,6230
00911,PR,787,8623
00912,PR,787,6801
00913,PR,787,9312
00915,PR,787,32820
00917,PR,787,21053
00918,PR,787,18056
00920,PR,787,17893
00921,PR,787,37763
00923,PR,787,29086
00924,PR,787,56691
00925,PR,787,8696
00926,PR,787,93751
00927,PR,787,14936
00934,PR,787,288
00936,PR,787,681
00949,PR,787,68031
00950,PR,787,9
00951,PR,787,35
00952,PR,787,10008
00953,PR,787,66079
00956,PR,787,65841
00957,PR,787,45680
00959,PR,787,50560
00960,PR,787,1779
00961,PR,787,32429
00962,PR,787,22491
00965,PR,787,9134
00966,PR,787,16676
00968,PR,787,3478
00969,PR,787,42219
00971,PR,787,30986
00976,PR,787,61638
00979,PR,787,17030
00982,PR,787,16428
00983,PR,787,39234
00985,PR,787,36553
00987,PR,787,63661
01001,MA,413,16769
01002,MA,413,29049
01003,MA,413,10372
01005,MA,978,5079
01007,MA,413,14649
01008,MA,413,1263
01009,MA,413,741
01010,MA,413,3609
01011,MA,413,1370
01012,MA,413,661
01013,MA,413,23188
01020,MA,413,29668
01022,MA,413,2451
01026,MA,413,946
01027,MA,413,17660
01028,MA,413,15720
01029,MA,413,789
01030,MA,413,11669
01031,MA,413,1308
01032,MA,413,570
01033,MA,413,6227
01034,MA,413,2021
01035,MA,413,5250
01036,MA,413,5109
01037,MA,413,838
01038,MA,413,2545
01039,MA,413,1336
01040,MA,413,39880
01050,MA,413,2530
01053,MA,413,1685
01054,MA,413,1851
01056,MA,413,21103
01057,MA,413,8534
01060,MA,413,15284
01062,MA,413,11150
01063,MA,617,430
01066,MA,413,64
01068,MA,508,1902
01069,MA,413,8469
01070,MA,413,629
01071,MA,413,1596
01072,MA,413,1478
01073,MA,413,5792
01074,MA,978,319
01075,MA,413,17527
01077,MA,413,9502
01079,MA,413,692
01080,MA,413,2334
01081,MA,413,1698
01082,MA,413,10322
01083,MA,413,2888
01084,MA,413,176
01085,MA,413,41117
01086,MA,617,687
01088,MA,413,670
01089,MA,413,28391
01092,MA,413,1394
01093,MA,413,325
01094,MA,413,351
01095,MA,413,14319
01096,MA,413,2217
01097,MA,617,111
01098,MA,413,1101
01103,MA,413,2479
01104,MA,413,22865
01105,MA,413,12350
01106,MA,413,16021
01107,MA,413,11611
01108,MA,413,26688
01109,MA,413,30250
01118,MA,413,14071
01119,MA,413,14152
01128,MA,413,2631
01129,MA,413,7019
01151,MA,413,8698
01199,MA,413,0
01201,MA,413,46504
01220,MA,413,8603
01222,MA,413,829
01223,MA,413,2314
01224,MA,617,182
01225,MA,413,3117
01226,MA,413,6945
01229,MA,413,95
01230,MA,413,8430
01235,MA,413,2766
01236,MA,413,1509
01237,MA,413,2496
01238,MA,413,6047
01240,MA,413,4534
01242,MA,413,476
01243,MA,413,334
01244,MA,413,151
01245,MA,413,985
01247,MA,413,16087
01253,MA,413,731
01254,MA,413,972
01255,MA,413,915
01256,MA,413,692
01257,MA,413,2121
01258,MA,413,374
01259,MA,413,635
01260,MA,617,240
01262,MA,413,1238
01264,MA,413,137
01266,MA,413,1463
01267,MA,413,7989
01270,MA,413,778
01301,MA,413,17700
01330,MA,413,1506
01331,MA,978,13263
01337,MA,413,2596
01338,MA,413,187
01339,MA,413,1438
01340,MA,413,1701
01341,MA,413,1833
01342,MA,413,1492
01343,MA,413,75
01344,MA,413,1498
01346,MA,413,533
01347,MA,413,166
01349,MA,413,1091
01350,MA,413,121
01351,MA,413,2270
01354,MA,413,1500
01355,MA,978,878
01360,MA,413,3032
01364,MA,978,7969
01366,MA,978,1277
01367,MA,413,522
01368,MA,978,1261
01370,MA,413,4084
01373,MA,413,4600
01375,MA,413,3684
01376,MA,413,5247
01378,MA,978,774
01379,MA,978,813
01420,MA,978,40337
01430,MA,978,6089
01431,MA,978,3074
01432,MA,978,7089
01434,MA,617,1795
01436,MA,978,3336
01438,MA,978,559
01440,MA,978,20347
01450,MA,978,10646
01451,MA,978,4747
01452,MA,978,4382
01453,MA,978,40883
01460,MA,978,8924
01462,MA,978,10086
01463,MA,978,11497
01464,MA,978,7211
01467,MA,978,316
01468,MA,978,4021
01469,MA,978,6801
01473,MA,978,7277
01474,MA,978,2125
01475,MA,978,10270
01501,MA,508,16075
01503,MA,978,2866
01504,MA,508,9026
01505,MA,774,4355
01506,MA,413,3390
01507,MA,508,12981
01510,MA,978,13606
01515,MA,508,2183
01516,MA,508,8500
01518,MA,508,2974
01519,MA,508,6595
01520,MA,508,13997
01521,MA,413,2481
01522,MA,508,3310
01523,MA,978,7582
01524,MA,508,6696
01525,MA,508,290
01527,MA,508,13246
01529,MA,508,3190
01531,MA,508,999
01532,MA,508,14155
01534,MA,508,5631
01535,MA,508,4680
01536,MA,508,6888
01537,MA,508,2248
01540,MA,508,11291
01541,MA,978,3413
01542,MA,508,2202
01543,MA,508,7973
01545,MA,508,35299
01550,MA,508,16719
01560,MA,508,4527
01561,MA,978,330
01562,MA,508,11688
01564,MA,978,7808
01566,MA,774,6294
01568,MA,508,7480
01569,MA,508,13569
01570,MA,508,16767
01571,MA,508,11390
01581,MA,508,18272
01583,MA,508,7591
01585,MA,413,4554
01588,MA,508,9733
01590,MA,508,8875
01602,MA,508,22819
01603,MA,508,19916
01604,MA,508,34677
01605,MA,508,26221
01606,MA,508,19077
01607,MA,508,8351
01608,MA,508,3888
01609,MA,508,22421
01610,MA,508,23945
01611,MA,508,2242
01612,MA,508,4845
01701,MA,508,31217
01702,MA,508,37206
01718,MA,978,469
01719,MA,978,4996
01720,MA,978,21361
01721,MA,508,16593
01730,MA,781,13221
01731,MA,781,1396
01740,MA,978,4897
01741,MA,978,4852
01742,MA,978,17726
01745,MA,508,397
01746,MA,508,13547
01747,MA,508,5911
01748,MA,508,14925
01749,MA,978,19063
01752,MA,508,38499
01754,MA,978,10106
01756,MA,508,5839
01757,MA,508,28061
01760,MA,508,32786
01770,MA,508,4119
01772,MA,508,9370
01773,MA,781,5112
01775,MA,978,6590
01776,MA,978,17659
01778,MA,508,13109
01801,MA,781,38903
01803,MA,781,24487
01810,MA,978,33201
01821,MA,978,30310
01824,MA,978,24911
01826,MA,978,29422
01827,MA,617,3179
01830,MA,978,25137
01832,MA,978,22060
01833,MA,978,8183
01834,MA,978,6459
01835,MA,978,13682
01840,MA,978,4733
01841,MA,978,47225
01843,MA,978,24425
01844,MA,978,47249
01845,MA,978,28352
01850,MA,978,15237
01851,MA,978,30190
01852,MA,978,33508
01854,MA,978,27606
01860,MA,978,6338
01862,MA,978,10227
01863,MA,978,8891
01864,MA,978,14892
01867,MA,781,23956
01876,MA,978,28667
01879,MA,978,11305
01880,MA,781,24733
01886,MA,978,21951
01887,MA,978,22325
01890,MA,781,21382
01901,MA,781,1689
01902,MA,781,45139
01904,MA,781,18203
01905,MA,781,25251
01906,MA,781,26660
01907,MA,781,14027
01908,MA,781,3410
01913,MA,978,16283
01915,MA,978,39502
01921,MA,978,7961
01922,MA,978,3108
01923,MA,978,26342
01929,MA,978,3504
01930,MA,978,28789
01937,MA,978,151
01938,MA,978,13175
01940,MA,781,12108
01944,MA,978,5136
01945,MA,781,19808
01949,MA,978,8987
01950,MA,978,17416
01951,MA,978,3558
01952,MA,978,8283
01960,MA,978,50944
01966,MA,978,6952
01969,MA,978,5856
01970,MA,978,41109
01982,MA,978,7764
01983,MA,978,6089
01984,MA,978,4875
01985,MA,978,4235
02019,MA,508,16332
02021,MA,781,21561
02025,MA,781,7542
02026,MA,781,24711
02030,MA,508,5589
02032,MA,508,4226
02035,MA,508,16865
02038,MA,508,31635
02043,MA,781,22157
02045,MA,781,10293
02047,MA,781,180
02048,MA,508,23184
02050,MA,781,25429
02052,MA,508,12024
02053,MA,508,12752
02054,MA,508,7891
02056,MA,508,10981
02061,MA,781,10506
02062,MA,781,28602
02066,MA,781,17656
02067,MA,781,17486
02071,MA,508,1707
02072,MA,781,26999
02081,MA,508,18472
02090,MA,781,14636
02093,MA,508,10955
02108,MA,617,4218
02109,MA,617,3771
02110,MA,617,1733
02111,MA,617,7383
02113,MA,617,6915
02114,MA,617,11999
02115,MA,617,28441
02116,MA,617,20628
02118,MA,617,26498
02119,MA,617,25346
02120,MA,617,15181
02121,MA,617,25978
02122,MA,617,23479
02124,MA,617,47783
02125,MA,617,33295
02126,MA,617,25562
02127,MA,617,31799
02128,MA,617,40508
02129,MA,617,16439
02130,MA,617,35401
02131,MA,617,29826
02132,MA,617,25861
02134,MA,617,21503
02135,MA,617,42780
02136,MA,617,28488
02138,MA,617,36314
02139,MA,617,36349
02140,MA,617,17607
02141,MA,617,11910
02142,MA,617,3141
02143,MA,617,24514
02144,MA,617,23891
02145,MA,617,25439
02148,MA,781,59503
02149,MA,617,41550
02150,MA,617,35124
02151,MA,781,51808
02152,MA,617,17497
02155,MA,781,57964
02163,MA,617,2582
02169,MA,617,55055
02170,MA,617,19505
02171,MA,617,17711
02176,MA,781,26983
02180,MA,781,21437
02184,MA,781,35744
02186,MA,617,27003
02188,MA,781,14608
02189,MA,781,14559
02190,MA,781,16119
02191,MA,781,8457
02199,MA,617,1146
02203,MA,617,0
02210,MA,617,2090
02215,MA,617,26125
02301,MA,508,61025
02302,MA,508,32741
02322,MA,508,4356
02324,MA,508,26563
02330,MA,508,11509
02332,MA,781,15059
02333,MA,508,13794
02338,MA,781,7518
02339,MA,781,13879
02341,MA,781,10218
02343,MA,781,10745
02346,MA,508,23106
02347,MA,508,10612
02351,MA,781,16029
02356,MA,508,12564
02357,MA,508,1360
02359,MA,781,17828
02360,MA,508,56271
02364,MA,781,12629
02366,MA,508,197
02367,MA,781,2820
02368,MA,781,32158
02370,MA,781,17489
02375,MA,508,9188
02379,MA,508,6916
02382,MA,781,14489
02420,MA,781,14052
02421,MA,781,17342
02445,MA,617,20679
02446,MA,617,29311
02451,MA,781,17426
02452,MA,781,14238
02453,MA,781,28968
02457,MA,617,1432
02458,MA,617,12131
02459,MA,617,19095
02460,MA,617,8742
02461,MA,617,7059
02462,MA,617,1554
02464,MA,617,2953
02465,MA,617,11710
02466,MA,617,8096
02467,MA,617,22491
02468,MA,617,5273
02472,MA,617,32014
02474,MA,781,26312
02476,MA,781,16532
02478,MA,617,24664
02481,MA,781,16244
02482,MA,781,10306
02492,MA,781,19931
02493,MA,781,11261
02494,MA,781,8955
02532,MA,508,12690
02534,MA,508,842
02535,MA,508,1177
02536,MA,508,19583
02537,MA,508,6293
02538,MA,508,3603
02539,MA,508,4067
02540,MA,508,8221
02542,MA,508,1139
02543,MA,508,635
02553,MA,508,226
02554,MA,508,9852
02556,MA,508,3115
02557,MA,508,4491
02558,MA,508,2156
02559,MA,508,3376
02561,MA,508,539
02562,MA,508,2977
02563,MA,508,10359
02564,MA,508,310
02568,MA,508,4000
02571,MA,508,10481
02575,MA,508,2725
02576,MA,508,3754
02584,MA,617,10
02601,MA,508,14089
02630,MA,508,1850
02631,MA,508,9679
02632,MA,508,10742
02633,MA,508,3884
02635,MA,508,3296
02637,MA,508,253
02638,MA,508,3207
02639,MA,508,2875
02641,MA,508,532
02642,MA,508,4937
02643,MA,508,26
02644,MA,508,3955
02645,MA,508,9663
02646,MA,508,1676
02647,MA,508,129
02648,MA,508,7301
02649,MA,508,14006
02650,MA,508,848
02651,MA,508,16
02652,MA,508,1175
02653,MA,508,5911
02655,MA,508,3518
02657,MA,508,2942
02659,MA,508,1108
02660,MA,508,6261
02663,MA,508,173
02664,MA,508,9371
02666,MA,508,828
02667,MA,508,2580
02668,MA,508,3278
02669,MA,508,285
02670,MA,508,1307
02671,MA,508,1023
02672,MA,508,180
02673,MA,508,8402
02675,MA,508,6577
02702,MA,508,4125
02703,MA,508,43593
02713,MA,617,52
02715,MA,508,3123
02717,MA,508,4745
02718,MA,508,6655
02719,MA,508,15873
02720,MA,508,30287
02721,MA,508,26290
02723,MA,508,14767
02724,MA,508,16908
02725,MA,508,2631
02726,MA,508,15534
02738,MA,508,4907
02739,MA,508,6045
02740,MA,508,43087
02743,MA,508,10307
02744,MA,508,11900
02745,MA,508,24576
02746,MA,508,15342
02747,MA,508,22927
02748,MA,508,11442
02760,MA,508,26739
02762,MA,508,8264
02763,MA,508,1973
02764,MA,508,3988
02766,MA,508,19031
02767,MA,508,13566
02769,MA,508,11608
02770,MA,508,5093
02771,MA,508,13708
02777,MA,508,15840
02779,MA,508,6411
02780,MA,508,49036
02790,MA,508,15717
02791,MA,508,246
02802,RI,401,786
02804,RI,401,2607
02806,RI,401,16310
02807,RI,401,1051
02808,RI,401,2401
02809,RI,401,22938
02812,RI,401,1497
02813,RI,401,7831
02814,RI,401,7496
02815,RI,401,278
02816,RI,401,32611
02817,RI,401,6135
02818,RI,401,18082
02822,RI,401,6111
02825,RI,401,5377
02826,RI,401,791
02827,RI,401,2172
02828,RI,401,7704
02830,RI,401,5976
02831,RI,401,3515
02832,RI,401,4608
02833,RI,401,784
02835,RI,401,5405
02836,RI,401,136
02837,RI,401,3492
02838,RI,401,3400
02839,RI,401,1902
02840,RI,401,23335
02841,RI,401,1392
02842,RI,401,16095
02852,RI,401,22551
02857,RI,401,8412
02858,RI,401,570
02859,RI,401,6738
02860,RI,401,45199
02861,RI,401,26178
02863,RI,401,19385
02864,RI,401,33396
02865,RI,401,16951
02871,RI,401,17171
02872,RI,401,218
02873,RI,401,235
02874,RI,401,5860
02875,RI,401,307
02876,RI,401,430
02878,RI,401,15780
02879,RI,401,20371
02881,RI,401,7841
02882,RI,401,14184
02885,RI,401,10627
02886,RI,401,29269
02888,RI,401,19912
02889,RI,401,28217
02891,RI,401,21198
02892,RI,401,4988
02893,RI,401,29630
02894,RI,401,722
02895,RI,401,41186
02896,RI,401,11537
02898,RI,401,1696
02903,RI,401,10780
02904,RI,401,29359
02905,RI,401,25223
02906,RI,401,28387
02907,RI,401,27445
02908,RI,401,37467
02909,RI,401,43540
02910,RI,401,21000
02911,RI,401,15574
02912,RI,401,1370
02914,RI,401,21963
02915,RI,401,16897
02916,RI,401,8139
02917,RI,401,13762
02919,RI,401,28790
02920,RI,401,37547
02921,RI,401,12361
03031,NH,603,11247
03032,NH,603,4953
03033,NH,603,4987
03034,NH,603,3970
03036,NH,603,4782
03037,NH,603,4219
03038,NH,603,33269
03042,NH,603,6341
03043,NH,603,1573
03044,NH,603,4263
03045,NH,603,13560
03046,NH,603,2758
03047,NH,603,1767
03048,NH,603,3426
03049,NH,603,7688
03051,NH,603,24480
03052,NH,603,8258
03053,NH,603,23957
03054,NH,603,25477
03055,NH,603,15086
03057,NH,603,2500
03060,NH,603,29357
03062,NH,603,26694
03063,NH,603,16216
03064,NH,603,14227
03070,NH,603,5254
03071,NH,603,5109
03076,NH,603,12897
03077,NH,603,10155
03079,NH,603,28776
03082,NH,603,1615
03084,NH,603,1366
03086,NH,603,3728
03087,NH,603,13592
03101,NH,603,3049
03102,NH,603,31096
03103,NH,603,36476
03104,NH,603,32798
03106,NH,603,13374
03109,NH,603,10314
03110,NH,603,21203
03215,NH,603,247
03216,NH,603,2159
03217,NH,603,2076
03218,NH,603,960
03220,NH,603,7430
03221,NH,603,2091
03222,NH,603,5353
03223,NH,603,3427
03224,NH,603,2318
03225,NH,603,3660
03226,NH,603,1117
03227,NH,603,925
03229,NH,603,5589
03230,NH,603,1231
03231,NH,603,202
03233,NH,603,115
03234,NH,603,4572
03235,NH,603,8562
03237,NH,603,2254
03238,NH,603,75
03240,NH,603,1340
03241,NH,603,876
03242,NH,603,4836
03243,NH,603,1085
03244,NH,603,8092
03245,NH,603,2027
03246,NH,603,15963
03249,NH,603,7113
03251,NH,603,1662
03253,NH,603,6219
03254,NH,603,4049
03255,NH,603,2090
03256,NH,603,2169
03257,NH,603,4455
03258,NH,603,2517
03259,NH,603,368
03260,NH,603,809
03261,NH,603,4246
03262,NH,603,1231
03263,NH,603,4114
03264,NH,603,7468
03266,NH,603,2163
03268,NH,603,1272
03269,NH,603,2966
03273,NH,603,312
03275,NH,603,11437
03276,NH,603,8324
03278,NH,603,2952
03279,NH,603,829
03280,NH,603,1123
03281,NH,603,8785
03282,NH,603,902
03284,NH,603,999
03285,NH,603,2479
03287,NH,603,1295
03290,NH,603,4731
03291,NH,603,39
03293,NH,603,143
03301,NH,603,33008
03303,NH,603,15524
03304,NH,603,7519
03307,NH,603,5334
03431,NH,603,25280
03440,NH,603,2692
03441,NH,603,395
03442,NH,603,1491
03443,NH,603,742
03444,NH,603,1590
03445,NH,603,691
03446,NH,603,6285
03447,NH,603,2422
03448,NH,603,811
03449,NH,603,1654
03450,NH,603,961
03451,NH,603,4077
03452,NH,603,5457
03455,NH,603,2086
03456,NH,603,742
03457,NH,603,852
03458,NH,603,6643
03461,NH,603,6014
03462,NH,603,1562
03464,NH,603,1109
03465,NH,603,2156
03466,NH,603,1332
03467,NH,603,1842
03470,NH,603,5033
03561,NH,603,5939
03570,NH,603,10051
03574,NH,603,2526
03575,NH,603,124
03576,NH,603,3238
03579,NH,603,461
03580,NH,603,1369
03581,NH,603,3230
03582,NH,603,2577
03583,NH,603,1107
03584,NH,603,3774
03585,NH,603,2519
03586,NH,603,547
03588,NH,603,1641
03590,NH,603,1052
03592,NH,603,1145
03593,NH,603,313
03595,NH,603,639
03597,NH,603,521
03598,NH,603,3285
03601,NH,603,477
03602,NH,603,2654
03603,NH,603,5412
03604,NH,603,69
03605,NH,603,1160
03607,NH,603,322
03608,NH,603,2811
03609,NH,603,854
03740,NH,603,911
03741,NH,603,4208
03743,NH,603,14103
03745,NH,603,1424
03746,NH,603,216
03748,NH,603,4762
03750,NH,603,870
03751,NH,603,583
03752,NH,603,810
03753,NH,603,2971
03754,NH,603,86
03755,NH,603,10538
03765,NH,603,503
03766,NH,603,8958
03768,NH,603,1716
03770,NH,603,524
03771,NH,603,754
03773,NH,603,7841
03774,NH,603,1966
03777,NH,603,1237
03779,NH,603,790
03780,NH,603,410
03781,NH,603,1840
03782,NH,603,2945
03784,NH,603,4086
03785,NH,603,2400
03801,NH,603,21532
03809,NH,603,3716
03810,NH,603,1538
03811,NH,603,6753
03812,NH,603,824
03813,NH,603,3250
03814,NH,603,2329
03816,NH,603,1368
03817,NH,603,574
03818,NH,603,3807
03819,NH,603,4377
03820,NH,603,30039
03823,NH,603,1719
03824,NH,603,14638
03825,NH,603,8512
03826,NH,603,2470
03827,NH,603,3150
03830,NH,603,1610
03832,NH,603,395
03833,NH,603,20955
03835,NH,603,6786
03836,NH,603,1489
03837,NH,603,1519
03838,NH,603,1031
03839,NH,603,3735
03840,NH,603,3566
03841,NH,603,6334
03842,NH,603,15345
03844,NH,603,2238
03845,NH,603,991
03846,NH,603,799
03847,NH,603,294
03848,NH,603,6020
03849,NH,603,1585
03850,NH,603,372
03851,NH,603,4040
03852,NH,603,558
03853,NH,603,602
03854,NH,603,968
03855,NH,603,2638
03856,NH,603,1680
03857,NH,603,9006
03858,NH,603,4603
03860,NH,603,4056
03861,NH,603,4330
03862,NH,603,4278
03864,NH,603,1696
03865,NH,603,7609
03867,NH,603,20758
03868,NH,603,5323
03869,NH,603,2469
03870,NH,603,5162
03871,NH,603,136
03872,NH,603,3809
03873,NH,603,5711
03874,NH,603,8776
03875,NH,603,833
03878,NH,603,11824
03882,NH,603,1465
03883,NH,603,178
03884,NH,603,3964
03885,NH,603,7261
03886,NH,603,2112
03887,NH,603,2154
03890,NH,603,327
03894,NH,603,6314
03901,ME,207,7246
03902,ME,207,2211
03903,ME,207,6211
03904,ME,207,7703
03905,ME,207,1780
03906,ME,207,4647
03907,ME,207,894
03908,ME,207,7233
03909,ME,207,9738
03910,ME,207,328
03911,ME,207,250
04001,ME,207,2429
04002,ME,207,7351
04003,ME,207,330
04005,ME,207,23146
04006,ME,207,96
04008,ME,207,2723
04009,ME,207,5151
04010,ME,207,1597
04011,ME,207,20278
04015,ME,207,3808
04017,ME,207,341
04019,ME,207,71
04020,ME,207,1403
04021,ME,207,5820
04022,ME,207,1148
04024,ME,207,608
04027,ME,207,6031
04029,ME,207,1725
04030,ME,207,2208
04032,ME,207,7879
04037,ME,207,3834
04038,ME,207,16381
04039,ME,207,7422
04040,ME,207,3111
04041,ME,207,1613
04042,ME,207,4281
04043,ME,207,10810
04046,ME,207,7496
04047,ME,207,1892
04048,ME,207,2946
04049,ME,207,3659
04050,ME,207,230
04051,ME,207,1153
04055,ME,207,3793
04056,ME,207,257
04057,ME,207,56
04061,ME,207,3369
04062,ME,207,17020
04063,ME,207,412
04064,ME,207,8212
04066,ME,207,539
04068,ME,207,1505
04069,ME,207,1465
04071,ME,207,4801
04072,ME,207,18482
04073,ME,207,16189
04074,ME,207,18760
04076,ME,207,2683
04079,ME,207,3871
04083,ME,207,4525
04084,ME,207,8088
04085,ME,207,1786
04086,ME,207,8787
04087,ME,207,2116
04088,ME,207,1516
04090,ME,207,9589
04091,ME,207,911
04092,ME,207,17515
04093,ME,207,8034
04095,ME,207,1274
04096,ME,207,8349
04097,ME,207,3574
04101,ME,207,17227
04102,ME,207,17335
04103,ME,207,30606
04105,ME,207,11158
04106,ME,207,25175
04107,ME,207,8980
04108,ME,207,862
04109,ME,207,93
04110,ME,207,1391
04210,ME,207,23045
04216,ME,207,640
04217,ME,207,3312
04219,ME,207,1472
04220,ME,207,3077
04221,ME,207,1098
04222,ME,207,3848
04224,ME,207,3040
04226,ME,207,190
04227,ME,207,79
04228,ME,207,6
04231,ME,207,236
04234,ME,207,168
04236,ME,207,4350
04237,ME,207,238
04238,ME,207,1416
04239,ME,207,4851
04240,ME,207,36592
04250,ME,207,4228
04252,ME,207,4799
04253,ME,207,2095
04254,ME,207,3181
04255,ME,207,802
04256,ME,207,3064
04257,ME,207,2681
04258,ME,207,2617
04259,ME,207,3264
04260,ME,207,5542
04261,ME,207,444
04263,ME,207,2326
04265,ME,207,918
04267,ME,207,37
04268,ME,207,5023
04270,ME,207,5880
04271,ME,207,67
04274,ME,207,5343
04275,ME,207,514
04276,ME,207,5841
04280,ME,207,6474
04281,ME,207,5116
04282,ME,207,5734
04284,ME,207,1138
04285,ME,207,433
04286,ME,207,47
04287,ME,207,3224
04289,ME,207,1815
04290,ME,207,1541
04292,ME,207,948
04294,ME,207,3995
04330,ME,207,26086
04342,ME,207,1672
04343,ME,207,25
04344,ME,207,2951
04345,ME,207,11646
04346,ME,207,1772
04347,ME,207,2355
04348,ME,207,2976
04349,ME,207,1158
04350,ME,207,3577
04351,ME,207,2571
04352,ME,207,1632
04353,ME,207,2300
04354,ME,207,1535
04355,ME,207,2600
04357,ME,207,3399
04358,ME,207,4276
04359,ME,207,388
04360,ME,207,560
04363,ME,207,2575
04364,ME,207,6025
04401,ME,207,44899
04406,ME,207,819
04408,ME,207,176
04410,ME,207,1290
04411,ME,207,1492
04412,ME,207,9482
04413,ME,207,196
04414,ME,207,1248
04415,ME,207,276
04416,ME,207,5468
04417,ME,207,370
04418,ME,207,1771
04419,ME,207,2794
04421,ME,207,1366
04422,ME,207,1409
04424,ME,207,823
04426,ME,207,4720
04427,ME,207,2858
04428,ME,207,3146
04429,ME,207,4717
04430,ME,207,1728
04431,ME,207,81
04434,ME,207,1246
04435,ME,207,1092
04438,ME,207,1124
04441,ME,207,1840
04442,ME,207,93
04443,ME,207,2537
04444,ME,207,8824
04448,ME,207,1431
04449,ME,207,1489
04450,ME,207,1368
04451,ME,207,259
04453,ME,207,779
04454,ME,207,69
04455,ME,207,923
04456,ME,207,2851
04457,ME,207,5948
04459,ME,207,773
04460,ME,207,1419
04461,ME,207,3070
04462,ME,207,4835
04463,ME,207,2847
04464,ME,207,684
04468,ME,207,9521
04469,ME,207,2702
04471,ME,207,609
04472,ME,207,2144
04473,ME,207,7660
04474,ME,207,3733
04475,ME,207,418
04476,ME,207,1259
04478,ME,207,316
04479,ME,207,1343
04481,ME,207,559
04485,ME,207,233
04487,ME,207,964
04488,ME,207,1202
04489,ME,207,197
04490,ME,207,273
04491,ME,207,140
04492,ME,207,166
04493,ME,207,1967
04495,ME,207,407
04496,ME,207,3757
04497,ME,207,389
04530,ME,207,10818
04535,ME,207,709
04537,ME,207,2073
04538,ME,207,2080
04539,ME,207,1168
04541,ME,207,80
04543,ME,207,2218
04544,ME,207,724
04547,ME,207,1152
04548,ME,207,1042
04551,ME,207,806
04553,ME,207,1752
04554,ME,207,710
04555,ME,207,1643
04556,ME,207,1249
04558,ME,207,308
04562,ME,207,2216
04563,ME,207,1534
04564,ME,207,489
04568,ME,207,391
04570,ME,207,2
04571,ME,207,323
04572,ME,207,5075
04573,ME,207,501
04574,ME,207,1510
04575,ME,207,85
04576,ME,207,604
04578,ME,207,4450
04579,ME,207,3072
04605,ME,207,12974
04606,ME,207,1272
04607,ME,207,1182
04609,ME,207,5222
04611,ME,207,508
04612,ME,207,589
04613,ME,207,183
04614,ME,207,2579
04616,ME,207,824
04617,ME,207,811
04619,ME,207,3121
04622,ME,207,1412
04623,ME,207,1054
04624,ME,207,184
04625,ME,207,47
04626,ME,207,507
04627,ME,207,1636
04628,ME,207,703
04629,ME,207,107
04630,ME,207,1398
04631,ME,207,1331
04634,ME,207,1923
04635,ME,207,61
04637,ME,207,136
04640,ME,207,2261
04642,ME,207,123
04643,ME,207,1018
04644,ME,207,13
04645,ME,207,73
04646,ME,207,94
04648,ME,207,580
04649,ME,207,1370
04650,ME,207,235
04652,ME,207,1690
04653,ME,207,490
04654,ME,207,3424
04655,ME,207,1119
04657,ME,207,363
04658,ME,207,1353
04660,ME,207,1309
04662,ME,207,488
04664,ME,207,1238
04666,ME,207,1172
04667,ME,207,1638
04668,ME,207,1680
04669,ME,207,204
04671,ME,207,576
04673,ME,207,112
04674,ME,207,484
04675,ME,207,253
04676,ME,207,1088
04677,ME,207,274
04679,ME,207,1767
04680,ME,207,1131
04681,ME,207,1043
04683,ME,207,104
04684,ME,207,1466
04685,ME,207,332
04686,ME,207,114
04691,ME,207,441
04693,ME,207,516
04694,ME,207,2376
04730,ME,207,9992
04732,ME,207,1670
04733,ME,207,221
04734,ME,207,800
04735,ME,207,617
04736,ME,207,9876
04739,ME,207,1112
04740,ME,207,1287
04741,ME,207,3
04742,ME,207,3496
04743,ME,207,4676
04745,ME,207,1082
04746,ME,207,470
04747,ME,207,1337
04750,ME,207,2603
04756,ME,207,3344
04757,ME,207,2870
04758,ME,207,1498
04760,ME,207,795
04761,ME,207,529
04762,ME,207,602
04763,ME,207,726
04764,ME,207,66
04765,ME,207,1262
04766,ME,207,386
04768,ME,207,400
04769,ME,207,9692
04772,ME,207,762
04773,ME,207,723
04774,ME,207,730
04776,ME,207,925
04777,ME,207,422
04779,ME,207,398
04780,ME,207,808
04781,ME,207,560
04783,ME,207,426
04785,ME,207,2504
04786,ME,207,1970
04787,ME,207,544
04841,ME,207,7297
04843,ME,207,4851
04847,ME,207,1536
04848,ME,207,566
04849,ME,207,3684
04851,ME,207,75
04852,ME,207,69
04853,ME,207,354
04854,ME,207,1580
04855,ME,207,307
04856,ME,207,3330
04858,ME,207,1533
04859,ME,207,724
04860,ME,207,1591
04861,ME,207,2781
04862,ME,207,3592
04863,ME,207,1165
04864,ME,207,4751
04901,ME,207,26248
04910,ME,207,2041
04911,ME,207,2136
04912,ME,207,1048
04915,ME,207,8806
04917,ME,207,2849
04918,ME,207,349
04920,ME,207,1713
04921,ME,207,1593
04922,ME,207,1164
04923,ME,207,482
04924,ME,207,2275
04925,ME,207,75
04926,ME,207,52
04927,ME,207,3486
04928,ME,207,2198
04929,ME,207,837
04930,ME,207,4295
04932,ME,207,1181
04933,ME,207,65
04936,ME,207,261
04937,ME,207,6645
04938,ME,207,9869
04939,ME,207,1105
04940,ME,207,118
04941,ME,207,1751
04942,ME,207,1326
04943,ME,207,1792
04944,ME,207,42
04945,ME,207,1242
04947,ME,207,1852
04949,ME,207,913
04950,ME,207,4855
04951,ME,207,906
04952,ME,207,1829
04953,ME,207,3228
04955,ME,207,1362
04956,ME,207,760
04957,ME,207,4265
04958,ME,207,1954
04961,ME,207,972
04962,ME,207,125
04963,ME,207,7238
04964,ME,207,221
04965,ME,207,1976
04966,ME,207,1682
04967,ME,207,4230
04969,ME,207,1362
04970,ME,207,1620
04971,ME,207,2005
04973,ME,207,1389
04974,ME,207,2611
04975,ME,207,48
04976,ME,207,9903
04978,ME,207,799
04979,ME,207,1064
04981,ME,207,2316
04982,ME,207,630
04983,ME,207,1752
04984,ME,207,523
04985,ME,207,114
04986,ME,207,1721
04987,ME,207,1030
04988,ME,207,2134
04989,ME,207,4215
04992,ME,207,103
05001,VT,802,9123
05031,VT,802,218
05032,VT,802,2664
05033,VT,802,2744
05034,VT,802,310
05035,VT,802,638
05036,VT,802,1037
05037,VT,802,560
05038,VT,802,1230
05039,VT,802,1110
05040,VT,802,471
05041,VT,802,354
05042,VT,802,605
05043,VT,802,937
05045,VT,802,1758
05046,VT,802,1139
05048,VT,802,2429
05050,VT,802,146
05051,VT,802,1549
05052,VT,802,348
05053,VT,802,332
05055,VT,802,3363
05056,VT,802,567
05058,VT,802,346
05059,VT,802,874
05060,VT,802,4415
05061,VT,802,1679
05062,VT,802,702
05065,VT,802,1064
05067,VT,802,258
05068,VT,802,3125
05069,VT,802,555
05070,VT,802,484
05071,VT,802,324
05072,VT,802,526
05075,VT,802,1113
05076,VT,802,412
05077,VT,802,1215
05079,VT,802,730
05081,VT,802,550
05083,VT,802,151
05084,VT,802,140
05086,VT,802,793
05089,VT,802,4979
05091,VT,802,3288
05101,VT,802,4643
05141,VT,802,112
05142,VT,802,680
05143,VT,802,4343
05146,VT,802,750
05148,VT,802,1140
05149,VT,802,2092
05150,VT,802,831
05151,VT,802,1553
05152,VT,802,448
05153,VT,802,687
05154,VT,802,661
05155,VT,802,828
05156,VT,802,9226
05158,VT,802,1049
05161,VT,802,552
05201,VT,802,14851
05250,VT,802,3408
05251,VT,802,1350
05252,VT,802,274
05253,VT,802,685
05254,VT,802,273
05255,VT,802,4121
05257,VT,802,2718
05260,VT,802,459
05261,VT,802,2738
05262,VT,802,2547
05301,VT,802,16820
05340,VT,802,763
05341,VT,802,407
05342,VT,802,581
05343,VT,802,917
05345,VT,802,2119
05346,VT,802,5184
05350,VT,802,763
05352,VT,802,824
05353,VT,802,1072
05354,VT,802,2210
05355,VT,802,813
05356,VT,802,717
05358,VT,802,148
05359,VT,802,594
05360,VT,802,251
05361,VT,802,947
05362,VT,802,127
05363,VT,802,2021
05401,VT,802,28185
05403,VT,802,17593
05404,VT,802,7240
05405,VT,802,4406
05408,VT,802,10114
05439,VT,802,1734
05440,VT,802,1998
05441,VT,802,958
05442,VT,802,339
05443,VT,802,6656
05444,VT,802,1714
05445,VT,802,3754
05446,VT,802,15373
05447,VT,802,79
05448,VT,802,1134
05450,VT,802,4977
05452,VT,802,19710
05454,VT,802,4447
05455,VT,802,1080
05456,VT,802,1277
05457,VT,802,1617
05458,VT,802,2044
05459,VT,802,2156
05461,VT,802,4542
05462,VT,802,1938
05463,VT,802,471
05464,VT,802,3008
05465,VT,802,5355
05468,VT,802,12942
05471,VT,802,896
05472,VT,802,1643
05473,VT,802,1413
05474,VT,802,803
05476,VT,802,3183
05477,VT,802,4397
05478,VT,802,14449
05481,VT,802,0
05482,VT,802,7198
05483,VT,802,1303
05485,VT,802,93
05486,VT,802,1654
05487,VT,802,1498
05488,VT,802,7690
05489,VT,802,3174
05491,VT,802,5909
05492,VT,802,682
05494,VT,802,1767
05495,VT,802,9341
05602,VT,802,11916
05640,VT,802,161
05641,VT,802,17169
05647,VT,802,1141
05648,VT,802,423
05649,VT,802,574
05650,VT,802,1123
05651,VT,802,1546
05652,VT,802,776
05653,VT,802,547
05654,VT,802,970
05655,VT,802,2868
05656,VT,802,3508
05657,VT,802,56
05658,VT,802,1402
05660,VT,802,1660
05661,VT,802,5620
05663,VT,802,6773
05664,VT,802,80
05667,VT,802,2166
05669,VT,802,634
05672,VT,802,4314
05673,VT,802,2574
05674,VT,802,1705
05675,VT,802,1064
05676,VT,802,4984
05677,VT,802,2232
05678,VT,802,163
05679,VT,802,3296
05680,VT,802,2168
05681,VT,802,458
05682,VT,802,1251
05701,VT,802,20802
05730,VT,802,302
05732,VT,802,708
05733,VT,802,5895
05734,VT,802,1306
05735,VT,802,4402
05736,VT,802,684
05737,VT,802,875
05738,VT,802,1072
05739,VT,802,1407
05740,VT,802,25
05742,VT,802,597
05743,VT,802,4330
05744,VT,802,533
05747,VT,802,280
05748,VT,802,323
05751,VT,802,811
05753,VT,802,10491
05757,VT,802,832
05758,VT,802,784
05759,VT,802,1827
05760,VT,802,1123
05761,VT,802,1000
05762,VT,802,542
05763,VT,802,2747
05764,VT,802,3452
05765,VT,802,1803
05766,VT,802,572
05767,VT,802,1143
05769,VT,802,1216
05770,VT,802,1136
05772,VT,802,713
05773,VT,802,2136
05774,VT,802,1129
05775,VT,802,623
05776,VT,802,714
05777,VT,802,3420
05778,VT,802,733
05819,VT,802,9444
05820,VT,802,662
05821,VT,802,1269
05822,VT,802,1873
05824,VT,802,1139
05825,VT,802,191
05826,VT,802,983
05827,VT,802,309
05828,VT,802,1928
05829,VT,802,2003
05830,VT,802,1502
05832,VT,802,982
05833,VT,802,273
05836,VT,802,1068
05837,VT,802,353
05839,VT,802,775
05841,VT,802,425
05842,VT,802,522
05843,VT,802,2556
05845,VT,802,1096
05846,VT,802,1252
05847,VT,802,879
05850,VT,802,231
05851,VT,802,6528
05853,VT,802,711
05855,VT,802,7170
05857,VT,802,1540
05858,VT,802,368
05859,VT,802,1819
05860,VT,802,2557
05862,VT,802,356
05866,VT,802,732
05867,VT,802,899
05868,VT,802,364
05871,VT,802,1638
05872,VT,802,789
05873,VT,802,675
05874,VT,802,505
05875,VT,802,454
05901,VT,802,20
05902,VT,802,188
05903,VT,802,868
05904,VT,802,267
05905,VT,802,827
05906,VT,802,1178
05907,VT,802,177
06001,CT,860,18385
06002,CT,860,20486
06010,CT,860,60448
06013,CT,860,9326
06016,CT,860,6226
06018,CT,860,2865
06019,CT,860,10129
06020,CT,203,0
06021,CT,860,314
06022,CT,203,163
06023,CT,860,1296
06024,CT,860,647
06026,CT,860,5117
06027,CT,860,1492
06029,CT,860,15547
06031,CT,860,1287
06032,CT,860,17675
06033,CT,860,28762
06035,CT,860,7513
06037,CT,860,18565
06039,CT,860,1942
06040,CT,860,35306
06042,CT,203,22942
06043,CT,860,4986
06051,CT,860,30519
06052,CT,860,7858
06053,CT,860,34863
06057,CT,860,6707
06058,CT,860,1787
06059,CT,203,0
06060,CT,860,2581
06061,CT,203,169
06062,CT,860,17715
06063,CT,860,3285
06065,CT,860,882
06066,CT,860,29219
06067,CT,860,19709
06068,CT,860,1612
06069,CT,860,2535
06070,CT,860,15104
06071,CT,860,11645
06073,CT,860,5651
06074,CT,860,25705
06076,CT,860,12659
06078,CT,860,12413
06081,CT,860,1381
06082,CT,860,44654
06084,CT,860,15067
06085,CT,860,7276
06088,CT,860,4936
06089,CT,860,2813
06090,CT,860,1232
06091,CT,203,140
06092,CT,860,4203
06093,CT,860,3322
06095,CT,860,29079
06096,CT,860,12498
06098,CT,860,12426
06103,CT,860,1410
06105,CT,860,19392
06106,CT,860,39902
06107,CT,860,18786
06108,CT,860,24307
06109,CT,860,26668
06110,CT,860,12650
06111,CT,860,30562
06112,CT,860,22879
06114,CT,860,27449
06117,CT,860,17267
06118,CT,860,26956
06119,CT,860,15474
06120,CT,860,12887
06160,CT,203,0
06226,CT,860,20114
06231,CT,860,4083
06232,CT,860,3297
06234,CT,860,8244
06235,CT,860,2257
06237,CT,860,5492
06238,CT,860,12428
06239,CT,860,11183
06241,CT,860,6650
06242,CT,860,1408
06243,CT,203,60
06247,CT,860,2841
06248,CT,860,5603
06249,CT,860,7308
06250,CT,860,4821
06254,CT,860,1922
06255,CT,860,4744
06256,CT,860,2154
06259,CT,860,4498
06260,CT,860,9510
06262,CT,860,586
06263,CT,203,345
06264,CT,860,166
06266,CT,203,495
06268,CT,860,11481
06269,CT,860,9844
06277,CT,860,4140
06278,CT,860,4454
06279,CT,860,6041
06280,CT,860,3162
06281,CT,860,6930
06282,CT,860,1096
06320,CT,860,27617
06330,CT,860,3282
06331,CT,860,5137
06332,CT,860,258
06333,CT,860,6607
06334,CT,860,2592
06335,CT,860,6729
06336,CT,203,84
06339,CT,860,8302
06340,CT,860,31242
06350,CT,860,67
06351,CT,860,16301
06353,CT,860,162
06354,CT,860,6141
06355,CT,860,12985
06357,CT,860,12552
06359,CT,860,5313
06360,CT,860,37541
06365,CT,860,4720
06370,CT,860,7429
06371,CT,860,9952
06373,CT,203,345
06374,CT,860,8373
06375,CT,860,3660
06376,CT,203,57
06377,CT,860,2962
06378,CT,860,5399
06379,CT,860,9038
06380,CT,860,2862
06382,CT,860,11947
06384,CT,860,2672
06385,CT,860,15893
06387,CT,203,213
06389,CT,203,41
06390,NY,631,236
06401,CT,203,19237
06403,CT,203,6033
06405,CT,203,27860
06409,CT,860,693
06410,CT,203,29161
06412,CT,860,3994
06413,CT,860,13235
06414,CT,203,214
06415,CT,860,16857
06416,CT,860,14005
06417,CT,860,4629
06418,CT,203,12914
06419,CT,860,6525
06420,CT,860,4182
06422,CT,860,7388
06423,CT,860,5097
06424,CT,860,12808
06426,CT,860,3245
06437,CT,203,22375
06438,CT,860,2550
06441,CT,860,5438
06442,CT,860,2745
06443,CT,203,18269
06444,CT,203,370
06447,CT,860,6404
06450,CT,203,36493
06451,CT,203,24419
06455,CT,860,3148
06456,CT,203,295
06457,CT,860,47648
06460,CT,203,38207
06461,CT,203,14552
06467,CT,203,157
06468,CT,203,19479
06469,CT,860,3209
06470,CT,203,16003
06471,CT,203,7720
06472,CT,203,6853
06473,CT,203,24388
06475,CT,860,10242
06477,CT,203,13956
06478,CT,203,12683
06479,CT,860,10431
06480,CT,860,9508
06481,CT,860,1277
06482,CT,203,11557
06483,CT,203,16540
06484,CT,203,39559
06488,CT,203,19904
06489,CT,860,32067
06492,CT,203,45241
06498,CT,860,6963
06510,CT,203,2737
06511,CT,203,53600
06512,CT,203,29861
06513,CT,203,38978
06514,CT,203,26265
06515,CT,203,17141
06516,CT,203,55564
06517,CT,203,14853
06518,CT,203,19848
06519,CT,203,16428
06524,CT,203,5563
06525,CT,203,8990
06604,CT,203,30313
06605,CT,203,23397
06606,CT,203,46236
06607,CT,203,7843
06608,CT,203,13671
06610,CT,203,22735
06611,CT,203,36091
06612,CT,203,7453
06614,CT,203,32929
06615,CT,203,18453
06702,CT,203,3654
06704,CT,203,25139
06705,CT,203,27122
06706,CT,203,14324
06708,CT,203,29418
06710,CT,203,10715
06712,CT,203,9376
06716,CT,203,16680
06750,CT,860,1446
06751,CT,203,3577
06752,CT,860,1735
06754,CT,860,1699
06755,CT,860,1133
06756,CT,860,2853
06757,CT,860,2258
06758,CT,203,354
06759,CT,860,5720
06762,CT,203,7561
06763,CT,860,2033
06770,CT,203,31975
06776,CT,860,26889
06777,CT,860,1733
06778,CT,860,1378
06779,CT,860,8324
06782,CT,860,2376
06783,CT,860,2228
06784,CT,860,3689
06785,CT,860,686
06786,CT,860,9867
06787,CT,860,7975
06790,CT,860,36482
06791,CT,860,5666
06793,CT,860,1140
06794,CT,860,1065
06795,CT,860,14144
06796,CT,860,1009
06798,CT,203,9984
06801,CT,203,18581
06804,CT,203,16466
06807,CT,203,7150
06810,CT,203,49482
06811,CT,203,31400
06812,CT,203,13881
06820,CT,203,20732
06824,CT,203,33900
06825,CT,203,21123
06830,CT,203,24027
06831,CT,203,14792
06840,CT,203,19738
06850,CT,203,18078
06851,CT,203,26703
06853,CT,203,3646
06854,CT,203,29100
06855,CT,203,7892
06856,CT,203,3
06870,CT,203,7316
06877,CT,203,24677
06878,CT,203,8043
06880,CT,203,26647
06883,CT,203,10179
06890,CT,203,4306
06896,CT,203,9110
06897,CT,203,18071
06901,CT,203,6828
06902,CT,203,63406
06903,CT,203,14499
06905,CT,203,19649
06906,CT,203,9088
06907,CT,203,9016
07001,NJ,732,16305
07002,NJ,201,63031
07003,NJ,973,47312
07004,NJ,973,7440
07005,NJ,973,15269
07006,NJ,973,24812
07008,NJ,732,22844
07009,NJ,973,12411
07010,NJ,201,23594
07011,NJ,973,39710
07012,NJ,973,11703
07013,NJ,973,27051
07014,NJ,973,5184
07016,NJ,908,22625
07017,NJ,973,35945
07018,NJ,973,28322
07020,NJ,201,11513
07021,NJ,973,2091
07022,NJ,201,13835
07023,NJ,908,7318
07024,NJ,201,35353
07026,NJ,973,30555
07027,NJ,908,4226
07028,NJ,973,7618
07029,NJ,973,16026
07030,NJ,201,50005
07031,NJ,201,15392
07032,NJ,201,40684
07033,NJ,908,7914
07034,NJ,973,9360
07035,NJ,973,10607
07036,NJ,908,41970
07039,NJ,973,29358
07040,NJ,973,23876
07041,NJ,973,6868
07042,NJ,973,25599
07043,NJ,973,12138
07044,NJ,973,13584
07045,NJ,973,10127
07046,NJ,973,4194
07047,NJ,201,60773
07050,NJ,973,30074
07052,NJ,973,46182
07054,NJ,973,29305
07055,NJ,973,70048
07057,NJ,973,11335
07058,NJ,973,5372
07059,NJ,908,15311
07060,NJ,908,44998
07062,NJ,908,12949
07063,NJ,908,13538
07064,NJ,732,3723
07065,NJ,732,27346
07066,NJ,732,14756
07067,NJ,732,18036
07068,NJ,973,5819
07069,NJ,908,6157
07070,NJ,201,18061
07071,NJ,201,20554
07072,NJ,201,6127
07073,NJ,201,8913
07074,NJ,201,2708
07075,NJ,201,7626
07076,NJ,908,23480
07077,NJ,732,2766
07078,NJ,973,13250
07079,NJ,973,16316
07080,NJ,908,23377
07081,NJ,973,15808
07082,NJ,973,5384
07083,NJ,908,53053
07086,NJ,201,12554
07087,NJ,201,67258
07088,NJ,908,3606
07090,NJ,908,30338
07092,NJ,908,6730
07093,NJ,201,60884
07094,NJ,201,16264
07095,NJ,732,19844
07102,NJ,973,12579
07103,NJ,973,32698
07104,NJ,973,50478
07105,NJ,973,46983
07106,NJ,973,31298
07107,NJ,973,37650
07108,NJ,973,24386
07109,NJ,973,35897
07110,NJ,973,28351
07111,NJ,973,53942
07112,NJ,973,26417
07114,NJ,973,14748
07201,NJ,908,26263
07202,NJ,908,40849
07203,NJ,908,21085
07204,NJ,908,13297
07205,NJ,908,21398
07206,NJ,908,26636
07208,NJ,908,31219
07302,NJ,201,36352
07304,NJ,201,41233
07305,NJ,201,60104
07306,NJ,201,52669
07307,NJ,201,43812
07310,NJ,201,12838
07311,NJ,201,522
07401,NJ,201,6494
07403,NJ,973,7603
07405,NJ,973,17701
07407,NJ,201,19403
07410,NJ,201,32457
07416,NJ,973,5781
07417,NJ,201,10580
07418,NJ,973,2249
07419,NJ,973,9160
07420,NJ,973,4942
07421,NJ,973,7439
07422,NJ,973,6616
07423,NJ,201,4078
07424,NJ,973,26222
07430,NJ,201,25890
07432,NJ,201,7128
07435,NJ,973,2405
07436,NJ,201,12754
07438,NJ,973,11559
07439,NJ,973,2456
07440,NJ,973,4494
07442,NJ,973,11097
07444,NJ,973,11046
07446,NJ,201,14484
07450,NJ,201,24985
07452,NJ,201,11601
07456,NJ,973,12211
07457,NJ,973,3559
07458,NJ,201,11360
07460,NJ,973,3457
07461,NJ,973,19563
07462,NJ,973,6885
07463,NJ,201,9615
07465,NJ,973,6244
07470,NJ,973,54717
07480,NJ,973,16122
07481,NJ,201,16716
07495,NJ,732,0
07501,NJ,973,33543
07502,NJ,973,15406
07503,NJ,973,18723
07504,NJ,973,12882
07505,NJ,973,2256
07506,NJ,973,18791
07508,NJ,973,22600
07512,NJ,973,10804
07513,NJ,973,11508
07514,NJ,973,18289
07522,NJ,973,20883
07524,NJ,973,12709
07601,NJ,201,43010
07603,NJ,201,8187
07604,NJ,201,11842
07605,NJ,201,8950
07606,NJ,201,2310
07607,NJ,201,9555
07608,NJ,201,67
07620,NJ,201,1849
07621,NJ,201,26761
07624,NJ,201,8373
07626,NJ,201,8537
07627,NJ,201,4881
07628,NJ,201,17433
07630,NJ,201,7379
07631,NJ,201,27119
07632,NJ,201,5309
07640,NJ,201,4664
07641,NJ,201,3382
07642,NJ,201,10207
07643,NJ,201,10626
07644,NJ,973,24136
07645,NJ,201,7832
07646,NJ,201,16341
07647,NJ,201,5152
07648,NJ,201,5730
07649,NJ,201,7978
07650,NJ,201,19601
07652,NJ,201,26342
07656,NJ,201,8669
07657,NJ,201,11032
07660,NJ,201,12729
07661,NJ,201,11340
07662,NJ,201,5530
07663,NJ,201,13659
07666,NJ,201,39776
07670,NJ,201,14573
07675,NJ,201,26339
07676,NJ,201,9075
07677,NJ,201,5730
07701,NJ,732,23813
07702,NJ,732,3809
07703,NJ,732,690
07704,NJ,732,6133
07711,NJ,732,1533
07712,NJ,732,39158
07716,NJ,732,8574
07717,NJ,732,1901
07718,NJ,732,6263
07719,NJ,732,21538
07720,NJ,732,4298
07721,NJ,732,2974
07722,NJ,732,10209
07723,NJ,732,1020
07724,NJ,732,21710
07726,NJ,732,42508
07727,NJ,732,7050
07728,NJ,732,56257
07730,NJ,732,17396
07731,NJ,732,38304
07732,NJ,732,5189
07733,NJ,732,16849
07734,NJ,732,13269
07735,NJ,732,19569
07737,NJ,732,4264
07738,NJ,732,6095
07739,NJ,732,5938
07740,NJ,732,31038
07746,NJ,732,18666
07747,NJ,732,30770
07748,NJ,732,28030
07750,NJ,732,3279
07751,NJ,732,19736
07753,NJ,732,37554
07755,NJ,732,6363
07756,NJ,732,3342
07757,NJ,732,5356
07758,NJ,732,4967
07760,NJ,732,9283
07762,NJ,732,8403
07764,NJ,732,8097
07801,NJ,973,25386
07803,NJ,973,3651
07820,NJ,908,39
07821,NJ,973,9193
07822,NJ,973,887
07823,NJ,908,7571
07825,NJ,908,9555
07826,NJ,973,6180
07827,NJ,973,4244
07828,NJ,973,14150
07830,NJ,908,6503
07832,NJ,908,3903
07833,NJ,732,157
07834,NJ,973,17722
07836,NJ,973,12568
07838,NJ,908,3568
07840,NJ,908,29849
07842,NJ,732,130
07843,NJ,973,12241
07846,NJ,908,89
07847,NJ,973,1670
07848,NJ,973,5026
07849,NJ,973,9054
07850,NJ,973,6436
07851,NJ,973,119
07852,NJ,973,3609
07853,NJ,908,13325
07856,NJ,973,3944
07857,NJ,973,3244
07860,NJ,973,26288
07863,NJ,908,4332
07865,NJ,908,2189
07866,NJ,973,22098
07869,NJ,973,25291
07870,NJ,732,26
07871,NJ,973,21165
07874,NJ,973,8905
07876,NJ,973,10619
07878,NJ,973,934
07880,NJ,908,192
07881,NJ,732,16
07882,NJ,908,14492
07885,NJ,973,10078
07901,NJ,908,22806
07920,NJ,908,26747
07921,NJ,908,7621
07922,NJ,908,12246
07924,NJ,908,7534
07926,NJ,732,120
07927,NJ,973,3403
07928,NJ,973,19144
07930,NJ,908,8559
07931,NJ,908,3296
07932,NJ,973,9868
07933,NJ,908,3251
07934,NJ,908,1501
07935,NJ,973,313
07936,NJ,973,11157
07939,NJ,732,228
07940,NJ,973,17278
07945,NJ,973,9539
07946,NJ,908,3144
07950,NJ,973,19564
07960,NJ,973,43747
07961,NJ,973,4
07970,NJ,973,117
07974,NJ,908,11768
07976,NJ,973,754
07977,NJ,908,669
07979,NJ,908,589
07980,NJ,908,2307
07981,NJ,973,8865
08001,NJ,856,844
08002,NJ,856,22274
08003,NJ,856,30629
08004,NJ,856,12350
08005,NJ,609,22448
08006,NJ,609,518
08007,NJ,856,5250
08008,NJ,609,6975
08009,NJ,856,12854
08010,NJ,609,11539
08011,NJ,732,33
08012,NJ,856,38992
08014,NJ,856,504
08015,NJ,609,20763
08016,NJ,609,33540
08019,NJ,609,925
08020,NJ,856,2201
08021,NJ,856,44833
08022,NJ,609,8783
08023,NJ,856,451
08026,NJ,856,2274
08027,NJ,856,4888
08028,NJ,856,20078
08029,NJ,856,4784
08030,NJ,856,13410
08031,NJ,856,11584
08033,NJ,856,16261
08034,NJ,856,18151
08035,NJ,856,7566
08036,NJ,609,5917
08037,NJ,609,24308
08038,NJ,856,124
08039,NJ,856,137
08041,NJ,609,1002
08042,NJ,609,203
08043,NJ,856,29131
08045,NJ,856,2909
08046,NJ,609,31587
08048,NJ,609,12495
08049,NJ,856,5350
08050,NJ,609,24285
08051,NJ,856,10758
08052,NJ,856,19172
08053,NJ,856,45538
08054,NJ,856,41864
08055,NJ,609,27179
08056,NJ,856,4736
08057,NJ,856,21090
08059,NJ,856,5612
08060,NJ,609,24713
08061,NJ,856,2672
08062,NJ,856,15756
08063,NJ,856,3102
08064,NJ,609,311
08065,NJ,856,7398
08066,NJ,856,8437
08067,NJ,856,1635
08068,NJ,609,6727
08069,NJ,856,13076
08070,NJ,856,13059
08071,NJ,856,9551
08072,NJ,856,225
08073,NJ,732,203
08074,NJ,856,58
08075,NJ,856,28894
08077,NJ,856,18307
08078,NJ,856,8385
08079,NJ,856,10987
08080,NJ,856,37433
08081,NJ,856,50589
08083,NJ,856,9455
08084,NJ,856,7040
08085,NJ,856,18737
08086,NJ,856,7699
08087,NJ,609,24104
08088,NJ,609,24664
08089,NJ,856,4253
08090,NJ,856,8358
08091,NJ,856,5357
08092,NJ,609,3673
08093,NJ,856,9741
08094,NJ,856,39940
08095,NJ,856,236
08096,NJ,856,36116
08097,NJ,856,3293
08098,NJ,856,9090
08102,NJ,856,7565
08103,NJ,856,15190
08104,NJ,856,23851
08105,NJ,856,29077
08106,NJ,856,9874
08107,NJ,856,13675
08108,NJ,856,18045
08109,NJ,856,22407
08110,NJ,856,19008
08201,NJ,609,10007
08202,NJ,609,1444
08203,NJ,609,9454
08204,NJ,609,18557
08205,NJ,609,28626
08210,NJ,609,17167
08212,NJ,609,294
08215,NJ,609,13442
08217,NJ,732,70
08221,NJ,609,7092
08223,NJ,609,4125
08224,NJ,609,573
08225,NJ,609,8659
08226,NJ,609,11701
08230,NJ,609,5599
08232,NJ,609,19292
08234,NJ,609,42532
08240,NJ,609,2371
08241,NJ,609,1103
08242,NJ,609,3216
08243,NJ,609,2114
08244,NJ,609,10849
08246,NJ,609,92
08247,NJ,609,925
08248,NJ,609,158
08251,NJ,609,10364
08260,NJ,609,13661
08270,NJ,609,8492
08302,NJ,856,46872
08310,NJ,856,1670
08311,NJ,856,2057
08312,NJ,856,7875
08314,NJ,856,2511
08316,NJ,856,400
08317,NJ,609,1344
08318,NJ,856,12702
08319,NJ,609,1253
08320,NJ,856,1256
08321,NJ,856,247
08322,NJ,856,10524
08323,NJ,856,804
08324,NJ,856,526
08326,NJ,856,1761
08327,NJ,856,3070
08328,NJ,856,1347
08329,NJ,856,221
08330,NJ,609,28167
08332,NJ,856,36768
08340,NJ,609,979
08341,NJ,856,2239
08343,NJ,856,5030
08344,NJ,856,5847
08345,NJ,856,805
08346,NJ,609,843
08348,NJ,856,275
08349,NJ,856,2347
08350,NJ,856,825
08352,NJ,856,448
08353,NJ,856,516
08360,NJ,856,43355
08361,NJ,856,17352
08401,NJ,609,39554
08402,NJ,609,6354
08403,NJ,609,997
08406,NJ,609,10650
08501,NJ,609,6582
08502,NJ,908,11317
08505,NJ,609,17736
08510,NJ,609,5231
08511,NJ,609,826
08512,NJ,609,10105
08514,NJ,609,4477
08515,NJ,609,4637
08518,NJ,609,4986
08520,NJ,609,27869
08525,NJ,609,4767
08527,NJ,732,54392
08528,NJ,609,315
08530,NJ,609,8071
08533,NJ,609,6945
08534,NJ,609,12929
08535,NJ,732,5385
08536,NJ,609,20073
08540,NJ,609,47115
08542,NJ,609,5189
08550,NJ,609,19445
08551,NJ,908,5532
08553,NJ,609,682
08554,NJ,609,3818
08555,NJ,732,877
08558,NJ,609,6629
08559,NJ,908,4982
08560,NJ,609,3656
08561,NJ,609,226
08562,NJ,609,5371
08608,NJ,609,983
08609,NJ,609,13546
08610,NJ,609,30468
08611,NJ,609,28038
08618,NJ,609,38229
08619,NJ,609,22723
08620,NJ,609,14693
08628,NJ,609,9054
08629,NJ,609,12331
08638,NJ,609,22832
08640,NJ,609,7716
08641,NJ,609,3553
08648,NJ,609,32263
08690,NJ,609,18567
08691,NJ,609,15104
08701,NJ,732,134008
08720,NJ,732,843
08721,NJ,732,20512
08722,NJ,732,11045
08723,NJ,732,31641
08724,NJ,732,42352
08730,NJ,732,4774
08731,NJ,609,20009
08732,NJ,732,1484
08733,NJ,732,2752
08734,NJ,609,7651
08735,NJ,732,3114
08736,NJ,732,12578
08738,NJ,732,1042
08740,NJ,732,2010
08741,NJ,732,2488
08742,NJ,732,24405
08750,NJ,732,3528
08751,NJ,732,4212
08752,NJ,732,2074
08753,NJ,732,63678
08755,NJ,732,25302
08757,NJ,732,33217
08758,NJ,609,7043
08759,NJ,732,33263
08801,NJ,908,8551
08802,NJ,908,4067
08804,NJ,908,2771
08805,NJ,732,12254
08807,NJ,908,37972
08808,NJ,908,86
08809,NJ,908,6421
08810,NJ,732,8401
08812,NJ,732,14296
08816,NJ,732,46298
08817,NJ,732,44621
08820,NJ,732,39590
08821,NJ,908,354
08822,NJ,908,30354
08823,NJ,732,9016
08824,NJ,732,12115
08825,NJ,908,4707
08826,NJ,908,5838
08827,NJ,908,4629
08828,NJ,732,2178
08829,NJ,908,3725
08830,NJ,732,18459
08831,NJ,732,45620
08832,NJ,732,2863
08833,NJ,908,8796
08835,NJ,908,10344
08836,NJ,732,3845
08837,NJ,732,15847
08840,NJ,732,16558
08844,NJ,908,38367
08846,NJ,732,13635
08848,NJ,908,8435
08850,NJ,732,8281
08852,NJ,732,17220
08853,NJ,908,5247
08854,NJ,732,55961
08857,NJ,732,39898
08858,NJ,908,144
08859,NJ,732,21526
08861,NJ,732,53099
08863,NJ,732,12320
08865,NJ,908,29840
08867,NJ,908,5042
08869,NJ,908,6881
08872,NJ,732,18811
08873,NJ,732,49921
08876,NJ,908,22179
08879,NJ,732,23537
08880,NJ,732,4563
08882,NJ,732,16008
08884,NJ,732,8257
08886,NJ,908,7077
08887,NJ,908,1106
08889,NJ,908,10063
08890,NJ,732,17
08901,NJ,732,55223
08902,NJ,732,41153
08904,NJ,732,13982
10001,NY,212,27004
10002,NY,212,76518
10003,NY,212,56024
10004,NY,212,3089
10005,NY,212,7135
10006,NY,212,3011
10007,NY,212,6988
10009,NY,212,61347
10010,NY,917,31834
10011,NY,212,50984
10012,NY,212,24090
10013,NY,212,27700
10014,NY,212,31959
10016,NY,212,54183
10017,NY,212,16575
10018,NY,212,5229
10019,NY,212,42870
10020,NY,212,0
10021,NY,212,43631
10022,NY,212,31924
10023,NY,212,60998
10024,NY,212,59283
10025,NY,212,96988
10026,NY,212,34003
10027,NY,212,59707
10028,NY,646,45141
10029,NY,646,75614
10030,NY,212,26999
10031,NY,212,56438
10032,NY,212,57331
10033,NY,212,53926
10034,NY,212,38908
10035,NY,212,33969
10036,NY,212,24711
10037,NY,212,17416
10038,NY,212,20300
10039,NY,212,24527
10040,NY,212,41905
10044,NY,212,11661
10065,NY,212,32270
10069,NY,212,5199
10075,NY,212,26121
10103,NY,212,3
10110,NY,917,0
10111,NY,212,0
10112,NY,212,0
10115,NY,212,0
10119,NY,212,92
10128,NY,212,60453
10152,NY,212,0
10153,NY,212,0
10154,NY,917,0
10162,NY,646,1685
10165,NY,212,2
10167,NY,212,0
10168,NY,212,0
10169,NY,212,0
10170,NY,212,2
10171,NY,212,0
10172,NY,212,0
10173,NY,212,2
10174,NY,212,0
10177,NY,212,0
10199,NY,646,9
10271,NY,212,0
10278,NY,917,0
10279,NY,212,0
10280,NY,212,7853
10282,NY,212,4783
10301,NY,718,39706
10302,NY,718,19088
10303,NY,718,26337
10304,NY,718,42193
10305,NY,718,41749
10306,NY,718,55909
10307,NY,718,14096
10308,NY,718,27357
10309,NY,718,32519
10310,NY,718,24962
10311,NY,718,0
10312,NY,718,59304
10314,NY,718,94355
10451,NY,718,45713
10452,NY,646,78624
10453,NY,718,80385
10454,NY,718,37337
10455,NY,718,39665
10456,NY,718,88575
10457,NY,646,79817
10458,NY,718,82678
10459,NY,718,47308
10460,NY,718,57311
10461,NY,718,50502
10462,NY,718,77230
10463,NY,718,70296
10464,NY,718,4534
10465,NY,718,42230
10466,NY,718,72273
10467,NY,718,98713
10468,NY,718,81397
10469,NY,718,71862
10470,NY,718,15293
10471,NY,718,22922
10472,NY,718,65283
10473,NY,718,58519
10474,NY,718,12281
10475,NY,718,40931
10501,NY,914,1219
10502,NY,914,5487
10503,NY,212,108
10504,NY,914,7987
10505,NY,914,851
10506,NY,914,5790
10507,NY,914,6408
10509,NY,845,19507
10510,NY,914,9988
10511,NY,212,2246
10512,NY,845,25590
10514,NY,914,11946
10516,NY,845,5289
10517,NY,212,539
10518,NY,914,1268
10519,NY,845,316
10520,NY,914,12810
10522,NY,914,10875
10523,NY,914,7444
10524,NY,845,4421
10526,NY,914,1809
10527,NY,914,908
10528,NY,914,12280
10530,NY,914,12604
10532,NY,914,4931
10533,NY,914,7322
10535,NY,914,555
10536,NY,914,10739
10537,NY,845,2416
10538,NY,914,16597
10541,NY,845,26339
10543,NY,914,20135
10545,NY,212,141
10546,NY,914,1277
10547,NY,914,7647
10548,NY,914,3487
10549,NY,914,16638
10550,NY,914,37144
10552,NY,914,19786
10553,NY,914,10170
10560,NY,914,4737
10562,NY,914,31796
10566,NY,914,23570
10567,NY,845,19929
10570,NY,914,12680
10573,NY,914,38352
10576,NY,914,5116
10577,NY,914,6552
10578,NY,845,681
10579,NY,845,8675
10580,NY,914,17208
10583,NY,914,38982
10588,NY,914,2282
10589,NY,914,8475
10590,NY,914,6767
10591,NY,914,22540
10594,NY,914,5117
10595,NY,914,8195
10596,NY,212,1729
10597,NY,914,968
10598,NY,914,28647
10601,NY,914,11376
10603,NY,914,17045
10604,NY,914,11250
10605,NY,914,18126
10606,NY,914,16499
10607,NY,914,6824
10701,NY,914,63393
10703,NY,914,20301
10704,NY,914,30165
10705,NY,914,38777
10706,NY,914,8679
10707,NY,914,10097
10708,NY,914,21225
10709,NY,914,9292
10710,NY,914,25120
10801,NY,914,40827
10803,NY,914,12435
10804,NY,914,14146
10805,NY,914,18414
10901,NY,845,23465
10910,NY,212,21
10911,NY,845,2
10913,NY,845,5532
10914,NY,845,414
10915,NY,845,119
10916,NY,845,4540
10917,NY,845,1968
10918,NY,845,11647
10919,NY,845,1040
10920,NY,845,8554
10921,NY,845,4135
10922,NY,845,1559
10923,NY,845,8732
10924,NY,845,13120
10925,NY,845,4539
10926,NY,845,3203
10927,NY,845,11910
10928,NY,845,4175
10930,NY,845,8958
10931,NY,845,1023
10932,NY,845,60
10933,NY,845,473
10940,NY,845,48418
10941,NY,845,13779
10950,NY,845,47226
10952,NY,845,38917
10953,NY,845,252
10954,NY,845,23045
10956,NY,845,31521
10958,NY,845,3291
10960,NY,845,15093
10962,NY,845,5950
10963,NY,845,4298
10964,NY,845,1472
10965,NY,845,14791
10968,NY,845,2353
10969,NY,845,1267
10970,NY,845,9993
10973,NY,845,2126
10974,NY,845,3152
10975,NY,845,281
10976,NY,845,2258
10977,NY,845,59048
10979,NY,845,234
10980,NY,845,13383
10983,NY,845,5532
10984,NY,845,2842
10985,NY,845,58
10986,NY,845,1974
10987,NY,845,3395
10988,NY,845,896
10989,NY,845,9293
10990,NY,845,20631
10992,NY,845,9621
10993,NY,845,4769
10994,NY,845,7085
10996,NY,845,6756
10998,NY,845,3122
11001,NY,516,26883
11003,NY,516,41356
11004,NY,718,14016
11005,NY,718,1806
11010,NY,516,23821
11020,NY,516,5914
11021,NY,516,17729
11023,NY,516,9027
11024,NY,516,8002
11030,NY,516,17962
11040,NY,516,40782
11042,NY,516,520
11050,NY,516,30171
11096,NY,347,8344
11101,NY,718,25484
11102,NY,718,34133
11103,NY,718,38780
11104,NY,718,27232
11105,NY,718,36688
11106,NY,718,38875
11109,NY,718,3523
11201,NY,718,51128
11203,NY,718,78506
11204,NY,718,80575
11205,NY,718,40366
11206,NY,718,89949
11207,NY,718,96801
11208,NY,718,108180
11209,NY,718,71812
11210,NY,718,62008
11211,NY,718,65511
11212,NY,718,84006
11213,NY,347,63767
11214,NY,718,90796
11215,NY,718,63488
11216,NY,718,54316
11217,NY,718,35881
11218,NY,718,73318
11219,NY,718,92283
11220,NY,718,93008
11221,NY,718,91236
11222,NY,718,36934
11223,NY,718,80113
11224,NY,718,47621
11225,NY,718,56829
11226,NY,718,101053
11228,NY,718,41788
11229,NY,347,81109
11230,NY,718,90245
11231,NY,718,33336
11232,NY,718,28265
11233,NY,718,83125
11234,NY,347,89976
11235,NY,718,83069
11236,NY,718,100082
11237,NY,718,49896
11238,NY,347,49262
11239,NY,718,13393
11351,NY,347,0
11354,NY,718,54878
11355,NY,718,79495
11356,NY,718,23438
11357,NY,718,39150
11358,NY,718,37546
11359,NY,718,0
11360,NY,718,18884
11361,NY,718,28606
11362,NY,718,17823
11363,NY,718,6988
11364,NY,718,34555
11365,NY,718,42252
11366,NY,718,13532
11367,NY,718,41047
11368,NY,718,112750
11369,NY,718,38615
11370,NY,718,39688
11371,NY,914,0
11372,NY,718,67001
11373,NY,718,102618
11374,NY,718,43600
11375,NY,718,75212
11377,NY,718,86977
11378,NY,718,34981
11379,NY,718,34821
11385,NY,718,105521
11411,NY,718,18556
11412,NY,718,34882
11413,NY,718,38912
11414,NY,718,26148
11415,NY,718,19341
11416,NY,718,24861
11417,NY,718,28967
11418,NY,718,36256
11419,NY,718,47211
11420,NY,718,44354
11421,NY,718,39127
11422,NY,718,30425
11423,NY,718,29987
11424,NY,718,0
11425,NY,212,0
11426,NY,516,17590
11427,NY,718,23593
11428,NY,718,19168
11429,NY,718,25105
11430,NY,718,184
11432,NY,718,60809
11433,NY,718,32687
11434,NY,718,59129
11435,NY,718,53687
11436,NY,718,17949
11451,NY,212,0
11501,NY,516,19148
11507,NY,516,7406
11509,NY,516,2653
11510,NY,516,33048
11514,NY,516,4673
11516,NY,516,7556
11518,NY,516,10549
11520,NY,516,43341
11530,NY,516,27273
11542,NY,516,27633
11545,NY,516,12065
11547,NY,212,793
11548,NY,516,2780
11549,NY,516,2922
11550,NY,516,56435
11552,NY,516,23616
11553,NY,516,26034
11554,NY,516,38132
11556,NY,516,17
11557,NY,516,7823
11558,NY,516,8370
11559,NY,516,8176
11560,NY,516,6464
11561,NY,516,37280
11563,NY,516,22666
11565,NY,516,8690
11566,NY,516,35321
11568,NY,516,4555
11569,NY,516,1398
11570,NY,516,26646
11572,NY,516,30574
11575,NY,516,16272
11576,NY,516,12366
11577,NY,516,12337
11579,NY,516,5055
11580,NY,516,40113
11581,NY,516,20844
11590,NY,516,45768
11596,NY,516,10480
11598,NY,516,13328
11691,NY,718,60035
11692,NY,347,18540
11693,NY,718,11916
11694,NY,718,20408
11697,NY,718,4079
11701,NY,631,27109
11702,NY,631,14498
11703,NY,631,16415
11704,NY,631,40222
11705,NY,631,8030
11706,NY,631,62543
11709,NY,516,6669
11710,NY,516,34496
11713,NY,631,10401
11714,NY,516,22658
11715,NY,631,4752
11716,NY,631,10700
11717,NY,631,60745
11718,NY,631,3103
11719,NY,631,3589
11720,NY,631,29189
11721,NY,631,6292
11722,NY,631,35177
11724,NY,516,3220
11725,NY,631,29150
11726,NY,631,19857
11727,NY,631,29030
11729,NY,631,28032
11730,NY,631,14712
11731,NY,631,30184
11732,NY,516,3430
11733,NY,631,18949
11735,NY,631,32098
11738,NY,631,17638
11739,NY,631,1223
11740,NY,631,9454
11741,NY,631,27655
11742,NY,631,13261
11743,NY,631,42230
11746,NY,631,67663
11747,NY,631,19803
11749,NY,631,3345
11751,NY,631,14961
11752,NY,631,9531
11753,NY,516,12014
11754,NY,631,18958
11755,NY,631,12387
11756,NY,516,42791
11757,NY,631,45700
11758,NY,516,53804
11762,NY,516,22360
11763,NY,631,28506
11764,NY,631,13200
11765,NY,516,737
11766,NY,631,12635
11767,NY,631,14530
11768,NY,631,21902
11769,NY,631,9506
11770,NY,631,137
11771,NY,516,10007
11772,NY,631,44837
11776,NY,631,24235
11777,NY,631,8968
11778,NY,631,12709
11779,NY,631,38421
11780,NY,631,15524
11782,NY,631,15814
11783,NY,516,21288
11784,NY,631,24655
11786,NY,631,6344
11787,NY,631,35772
11788,NY,631,16821
11789,NY,631,7895
11790,NY,631,18511
11791,NY,516,25076
11792,NY,631,8523
11793,NY,516,32298
11794,NY,631,3165
11795,NY,631,26030
11796,NY,631,4056
11797,NY,516,9041
11798,NY,631,15347
11801,NY,516,39553
11803,NY,516,28127
11804,NY,516,5010
11901,NY,631,27172
11930,NY,631,1343
11931,NY,631,151
11932,NY,516,1398
11933,NY,631,6844
11934,NY,631,7263
11935,NY,631,3304
11937,NY,631,15398
11939,NY,631,926
11940,NY,631,5210
11941,NY,631,1986
11942,NY,631,4603
11944,NY,631,4299
11946,NY,631,14068
11947,NY,631,416
11948,NY,631,1123
11949,NY,631,14573
11950,NY,631,16268
11951,NY,631,13680
11952,NY,631,4637
11953,NY,631,13553
11954,NY,631,3326
11955,NY,631,3285
11956,NY,631,349
11957,NY,631,743
11958,NY,631,635
11959,NY,631,939
11960,NY,631,1084
11961,NY,631,12834
11962,NY,631,494
11963,NY,631,6622
11964,NY,631,1858
11965,NY,631,534
11967,NY,631,26583
11968,NY,631,11593
11970,NY,631,522
11971,NY,631,5818
11972,NY,631,1321
11973,NY,631,9
11975,NY,631,408
11976,NY,631,1565
11977,NY,631,2467
11978,NY,631,3255
11980,NY,631,4990
12007,NY,518,60
12008,NY,518,497
12009,NY,518,7164
12010,NY,518,28937
12015,NY,518,3010
12017,NY,518,435
12018,NY,518,7930
12019,NY,518,14740
12020,NY,518,31192
12022,NY,518,929
12023,NY,518,2196
12024,NY,518,31
12025,NY,518,5505
12027,NY,518,3882
12028,NY,518,1172
12029,NY,518,1113
12031,NY,518,175
12032,NY,518,836
12033,NY,518,7851
12035,NY,518,802
12036,NY,607,228
12037,NY,518,4015
12040,NY,518,113
12041,NY,518,481
12042,NY,518,271
12043,NY,518,8509
12045,NY,212,584
12046,NY,518,817
12047,NY,518,19664
12051,NY,518,7070
12052,NY,518,1568
12053,NY,518,4587
12054,NY,518,16918
12056,NY,518,2310
12057,NY,518,1835
12058,NY,518,1445
12059,NY,518,1632
12060,NY,518,1507
12061,NY,518,9050
12062,NY,518,1776
12063,NY,518,444
12064,NY,607,563
12065,NY,518,41776
12066,NY,518,2143
12067,NY,518,1506
12068,NY,518,3201
12069,NY,518,256
12070,NY,518,1410
12071,NY,518,270
12072,NY,518,2890
12074,NY,518,2963
12075,NY,518,3418
12076,NY,518,1500
12077,NY,518,6246
12078,NY,518,23773
12083,NY,518,3795
12084,NY,518,4271
12085,NY,518,479
12086,NY,518,1865
12087,NY,518,1073
12089,NY,518,69
12090,NY,518,6262
12092,NY,518,1304
12093,NY,607,1666
12094,NY,518,2268
12095,NY,518,12606
12106,NY,518,2193
12108,NY,518,416
12110,NY,518,21908
12115,NY,518,189
12116,NY,607,1920
12117,NY,518,3256
12118,NY,518,13897
12120,NY,518,613
12121,NY,518,1916
12122,NY,518,4582
12123,NY,518,5124
12124,NY,518,606
12125,NY,518,1373
12130,NY,518,987
12131,NY,518,115
12132,NY,518,338
12134,NY,518,3516
12136,NY,518,804
12137,NY,518,1679
12138,NY,518,3168
12139,NY,518,295
12140,NY,518,1702
12143,NY,518,5137
12144,NY,518,20555
12147,NY,518,499
12148,NY,518,4569
12149,NY,518,2474
12150,NY,518,914
12151,NY,518,708
12153,NY,518,814
12154,NY,518,2818
12155,NY,607,1977
12156,NY,518,848
12157,NY,518,4061
12158,NY,518,6309
12159,NY,518,7896
12160,NY,518,944
12161,NY,518,160
12164,NY,518,365
12165,NY,518,175
12166,NY,518,1363
12167,NY,607,2438
12168,NY,518,1952
12169,NY,518,306
12170,NY,518,4945
12172,NY,518,405
12173,NY,518,1753
12174,NY,518,345
12175,NY,518,797
12176,NY,518,198
12177,NY,518,518
12180,NY,518,53606
12182,NY,518,14733
12183,NY,518,2620
12184,NY,518,7148
12185,NY,518,2037
12186,NY,518,6277
12187,NY,518,697
12188,NY,518,10980
12189,NY,518,17568
12190,NY,518,674
12192,NY,518,1722
12193,NY,518,2016
12194,NY,518,207
12195,NY,518,154
12196,NY,518,3031
12197,NY,518,2233
12198,NY,518,7903
12202,NY,518,9628
12203,NY,518,29952
12204,NY,518,7349
12205,NY,518,26977
12206,NY,518,16395
12207,NY,518,1948
12208,NY,518,20702
12209,NY,518,10121
12210,NY,518,10158
12211,NY,518,11303
12222,NY,518,6489
12302,NY,518,27582
12303,NY,518,29857
12304,NY,518,21482
12305,NY,518,5716
12306,NY,518,25636
12307,NY,518,7692
12308,NY,518,15335
12309,NY,518,29343
12401,NY,845,35040
12404,NY,845,3385
12405,NY,518,780
12406,NY,845,823
12407,NY,518,173
12409,NY,845,804
12410,NY,845,397
12411,NY,201,497
12412,NY,845,673
12413,NY,518,2948
12414,NY,518,10510
12416,NY,845,277
12417,NY,212,581
12418,NY,518,537
12419,NY,845,722
12420,NY,212,363
12421,NY,607,470
12422,NY,518,339
12423,NY,518,1097
12424,NY,518,250
12427,NY,518,576
12428,NY,845,6602
12429,NY,845,281
12430,NY,845,1194
12431,NY,518,1381
12432,NY,845,492
12433,NY,845,483
12434,NY,607,751
12435,NY,845,326
12436,NY,518,417
12438,NY,607,59
12439,NY,518,305
12440,NY,845,1980
12441,NY,845,114
12442,NY,518,953
12443,NY,845,3825
12444,NY,518,497
12446,NY,845,5061
12448,NY,845,388
12449,NY,845,3367
12450,NY,845,183
12451,NY,518,1674
12452,NY,518,213
12453,NY,845,366
12454,NY,518,297
12455,NY,845,1988
12456,NY,845,639
12457,NY,845,763
12458,NY,845,3232
12459,NY,212,161
12460,NY,518,277
12461,NY,845,1634
12463,NY,518,1484
12464,NY,845,1020
12465,NY,845,266
12466,NY,845,2471
12468,NY,518,1036
12469,NY,518,677
12470,NY,518,536
12471,NY,845,215
12472,NY,845,1572
12473,NY,518,861
12474,NY,607,1162
12475,NY,845,354
12477,NY,845,18787
12480,NY,845,634
12481,NY,845,1356
12482,NY,518,680
12483,NY,845,259
12484,NY,845,2733
12485,NY,518,865
12486,NY,845,1523
12487,NY,845,3268
12489,NY,845,1292
12490,NY,845,110
12491,NY,845,1675
12492,NY,518,271
12493,NY,845,495
12494,NY,845,764
12495,NY,845,265
12496,NY,518,1634
12498,NY,845,4851
12501,NY,845,2457
12502,NY,518,1164
12503,NY,518,775
12504,NY,845,1395
12507,NY,845,167
12508,NY,845,19880
12512,NY,212,127
12513,NY,518,651
12514,NY,845,2938
12515,NY,631,1549
12516,NY,518,1833
12517,NY,518,509
12518,NY,845,5870
12520,NY,845,3109
12521,NY,518,1644
12522,NY,845,5172
12523,NY,518,1798
12524,NY,845,15598
12525,NY,845,3311
12526,NY,518,3686
12527,NY,845,147
12528,NY,845,13344
12529,NY,518,2859
12530,NY,518,124
12531,NY,845,3601
12533,NY,845,25307
12534,NY,518,17867
12538,NY,845,14578
12540,NY,845,7802
12542,NY,845,5913
12543,NY,845,3001
12545,NY,845,4763
12546,NY,518,3039
12547,NY,845,2891
12548,NY,845,1494
12549,NY,845,10201
12550,NY,845,54447
12553,NY,845,24438
12561,NY,845,18308
12563,NY,845,8084
12564,NY,845,7338
12565,NY,518,1487
12566,NY,845,10753
12567,NY,518,2854
12569,NY,845,9826
12570,NY,845,7699
12571,NY,845,9918
12572,NY,845,9123
12574,NY,845,329
12575,NY,845,2258
12577,NY,845,2029
12578,NY,845,2411
12580,NY,845,4402
12581,NY,845,2246
12582,NY,845,6191
12583,NY,845,2451
12585,NY,845,885
12586,NY,845,12540
12589,NY,845,17228
12590,NY,845,35102
12592,NY,845,1486
12594,NY,845,4275
12601,NY,845,43398
12603,NY,845,42810
12604,NY,845,586
12701,NY,845,11324
12719,NY,845,1207
12720,NY,845,172
12721,NY,845,6627
12722,NY,845,158
12723,NY,845,1826
12724,NY,845,245
12725,NY,845,277
12726,NY,845,1162
12729,NY,845,1874
12732,NY,845,786
12733,NY,845,1446
12734,NY,845,867
12736,NY,845,118
12737,NY,845,1910
12738,NY,845,320
12740,NY,845,1886
12741,NY,845,351
12742,NY,845,181
12743,NY,845,389
12745,NY,845,178
12746,NY,845,937
12747,NY,845,1714
12748,NY,845,2076
12749,NY,845,300
12750,NY,845,187
12751,NY,845,1054
12752,NY,845,242
12754,NY,845,7221
12758,NY,845,4042
12759,NY,845,1649
12760,NY,845,482
12762,NY,845,512
12763,NY,845,942
12764,NY,845,1802
12765,NY,845,885
12766,NY,845,437
12767,NY,845,126
12768,NY,845,1131
12769,NY,845,253
12770,NY,845,296
12771,NY,845,14511
12775,NY,845,2297
12776,NY,607,2180
12777,NY,845,764
12778,NY,845,633
12779,NY,845,2460
12780,NY,845,2312
12781,NY,212,307
12783,NY,845,1668
12784,NY,845,94
12785,NY,845,1024
12786,NY,845,665
12787,NY,845,452
12788,NY,845,2908
12789,NY,845,1838
12790,NY,845,4518
12791,NY,845,737
12792,NY,845,335
12801,NY,518,14707
12803,NY,518,7567
12804,NY,518,26540
12808,NY,518,306
12809,NY,518,3528
12810,NY,518,627
12811,NY,518,127
12812,NY,518,150
12814,NY,518,1574
12815,NY,518,871
12816,NY,518,4610
12817,NY,518,2274
12819,NY,518,403
12821,NY,518,2750
12822,NY,518,6200
12823,NY,518,238
12824,NY,518,894
12827,NY,518,3877
12828,NY,518,9448
12831,NY,518,17416
12832,NY,518,7106
12833,NY,518,4401
12834,NY,518,6594
12835,NY,518,2603
12836,NY,518,574
12837,NY,518,857
12838,NY,518,608
12839,NY,518,13588
12841,NY,518,77
12842,NY,518,1166
12843,NY,518,600
12844,NY,518,199
12845,NY,518,4842
12846,NY,518,3298
12847,NY,315,605
12849,NY,518,385
12850,NY,518,2835
12851,NY,518,366
12852,NY,518,436
12853,NY,518,1770
12855,NY,518,259
12856,NY,518,187
12857,NY,518,498
12858,NY,518,59
12859,NY,518,2220
12860,NY,518,748
12861,NY,518,609
12862,NY,212,17
12863,NY,518,533
12864,NY,518,36
12865,NY,518,3663
12866,NY,518,36915
12870,NY,518,1509
12871,NY,518,4084
12872,NY,518,31
12873,NY,518,736
12874,NY,518,142
12878,NY,518,719
12883,NY,518,5025
12884,NY,518,486
12885,NY,518,4602
12886,NY,518,269
12887,NY,518,4972
12901,NY,518,33439
12903,NY,518,1217
12910,NY,518,2148
12911,NY,518,36
12912,NY,518,1998
12913,NY,518,1157
12914,NY,518,1044
12916,NY,518,2135
12917,NY,518,1403
12918,NY,518,2381
12919,NY,518,3037
12920,NY,518,2842
12921,NY,518,2410
12922,NY,518,65
12923,NY,518,632
12924,NY,518,158
12926,NY,518,2208
12927,NY,315,224
12928,NY,518,2028
12929,NY,518,3938
12930,NY,518,634
12932,NY,518,1236
12933,NY,518,17
12934,NY,518,1074
12935,NY,518,1748
12936,NY,518,599
12937,NY,518,1572
12939,NY,518,205
12941,NY,518,1428
12942,NY,518,646
12943,NY,518,459
12944,NY,518,4080
12945,NY,518,638
12946,NY,518,5492
12950,NY,518,929
12952,NY,518,546
12953,NY,518,15836
12955,NY,518,381
12956,NY,518,1259
12957,NY,518,1726
12958,NY,518,1929
12959,NY,518,1369
12960,NY,518,1148
12961,NY,518,180
12962,NY,518,5499
12964,NY,518,161
12965,NY,315,516
12966,NY,518,2915
12967,NY,315,1223
12969,NY,518,423
12970,NY,518,963
12972,NY,518,6364
12973,NY,518,187
12974,NY,518,1599
12975,NY,518,265
12976,NY,518,260
12977,NY,518,1753
12978,NY,518,403
12979,NY,518,2304
12980,NY,315,1304
12981,NY,518,2253
12983,NY,518,7494
12985,NY,518,1072
12986,NY,518,6120
12987,NY,518,201
12989,NY,518,1010
12992,NY,518,4778
12993,NY,518,1623
12996,NY,518,2086
12997,NY,518,1239
12998,NY,518,526
13020,NY,212,150
13021,NY,315,39506
13024,NY,212,1733
13026,NY,315,1914
13027,NY,315,31637
13028,NY,315,1350
13029,NY,315,7109
13030,NY,315,3892
13031,NY,315,15551
13032,NY,315,12790
13033,NY,315,3556
13034,NY,315,1989
13035,NY,315,8617
13036,NY,315,8680
13037,NY,315,8897
13039,NY,315,17537
13040,NY,607,2758
13041,NY,315,10705
13042,NY,315,2356
13044,NY,315,2512
13045,NY,607,30112
13051,NY,315,153
13052,NY,315,1679
13053,NY,607,5015
13054,NY,315,1582
13057,NY,315,14992
13060,NY,315,2806
13061,NY,315,1040
13062,NY,607,173
13063,NY,315,1898
13064,NY,315,64
13066,NY,315,12390
13068,NY,607,5368
13069,NY,315,24931
13071,NY,315,1023
13072,NY,315,1123
13073,NY,607,6423
13074,NY,315,4488
13076,NY,315,2393
13077,NY,607,6735
13078,NY,315,9866
13080,NY,315,3631
13081,NY,315,1169
13082,NY,315,4871
13083,NY,315,1809
13084,NY,315,4409
13087,NY,212,168
13088,NY,315,22156
13090,NY,315,30124
13092,NY,315,2606
13101,NY,607,2508
13102,NY,607,85
13103,NY,315,326
13104,NY,315,15567
13108,NY,315,6175
13110,NY,315,2338
13111,NY,315,1700
13112,NY,315,1973
13113,NY,315,287
13114,NY,315,6356
13115,NY,315,224
13116,NY,315,3457
13117,NY,315,188
13118,NY,315,6382
13120,NY,315,2328
13122,NY,315,1174
13123,NY,315,314
13124,NY,315,124
13126,NY,315,37205
13131,NY,315,3895
13132,NY,315,4244
13134,NY,315,119
13135,NY,315,6617
13136,NY,315,534
13138,NY,315,61
13140,NY,315,4488
13141,NY,315,596
13142,NY,315,6451
13143,NY,315,2873
13144,NY,315,1531
13145,NY,315,1926
13146,NY,315,2443
13147,NY,315,1281
13148,NY,315,10750
13152,NY,315,7941
13153,NY,315,399
13155,NY,315,663
13156,NY,315,2000
13157,NY,315,695
13158,NY,315,1855
13159,NY,315,5184
13160,NY,315,2027
13162,NY,315,385
13163,NY,315,339
13164,NY,315,2338
13165,NY,315,10741
13166,NY,315,5610
13167,NY,315,3342
13202,NY,315,5438
13203,NY,315,16029
13204,NY,315,19931
13205,NY,315,19201
13206,NY,315,16443
13207,NY,315,13897
13208,NY,315,22854
13209,NY,315,13243
13210,NY,315,27606
13211,NY,315,6517
13212,NY,315,20356
13214,NY,315,8793
13215,NY,315,15245
13219,NY,315,15363
13224,NY,315,8891
13290,NY,315,0
13301,NY,315,98
13302,NY,315,1610
13303,NY,315,1153
13304,NY,315,1684
13305,NY,315,293
13308,NY,315,3625
13309,NY,315,5889
13310,NY,315,624
13312,NY,315,331
13313,NY,315,526
13314,NY,315,443
13315,NY,607,1419
13316,NY,315,6460
13317,NY,518,3784
13318,NY,315,1325
13319,NY,315,1079
13320,NY,518,2018
13321,NY,315,1049
13322,NY,315,1076
13323,NY,315,11323
13324,NY,315,2149
13325,NY,315,866
13326,NY,607,5561
13327,NY,315,2056
13328,NY,315,1267
13329,NY,315,3889
13331,NY,315,189
13332,NY,315,2460
13333,NY,607,62
13334,NY,315,1374
13335,NY,607,1590
13337,NY,607,790
13338,NY,315,1206
13339,NY,518,6941
13340,NY,315,8205
13341,NY,212,102
13342,NY,607,165
13343,NY,315,1658
13345,NY,315,177
13346,NY,315,6735
13348,NY,607,1469
13350,NY,315,10093
13352,NY,315,65
13353,NY,315,86
13354,NY,315,3342
13355,NY,315,905
13357,NY,315,11096
13360,NY,315,333
13361,NY,315,824
13362,NY,315,60
13363,NY,315,2315
13364,NY,315,243
13365,NY,315,8906
13367,NY,315,8830
13368,NY,315,1118
13402,NY,315,1534
13403,NY,315,7372
13404,NY,315,236
13406,NY,315,725
13407,NY,315,5453
13408,NY,315,4280
13409,NY,315,2374
13410,NY,518,241
13411,NY,607,3264
13413,NY,315,16135
13415,NY,607,77
13416,NY,315,2271
13417,NY,315,3305
13418,NY,315,255
13420,NY,315,1266
13421,NY,315,14125
13424,NY,315,2725
13425,NY,315,1970
13428,NY,518,1635
13431,NY,315,2069
13433,NY,315,1820
13435,NY,315,286
13436,NY,315,108
13437,NY,315,460
13438,NY,315,3789
13439,NY,315,3950
13440,NY,315,42986
13441,NY,315,51
13450,NY,607,104
13452,NY,518,4629
13454,NY,315,826
13456,NY,315,4164
13459,NY,518,2222
13460,NY,607,4429
13461,NY,315,3083
13464,NY,607,1189
13468,NY,315,451
13469,NY,315,847
13470,NY,315,725
13471,NY,315,3540
13472,NY,315,310
13473,NY,315,766
13475,NY,315,28
13476,NY,315,3032
13477,NY,315,1452
13478,NY,315,3083
13480,NY,315,3532
13483,NY,315,256
13484,NY,315,176
13485,NY,315,1132
13486,NY,315,815
13488,NY,607,98
13489,NY,315,658
13490,NY,315,1361
13491,NY,315,3641
13492,NY,315,11596
13493,NY,315,2070
13494,NY,315,314
13495,NY,315,2144
13501,NY,315,38546
13502,NY,315,33257
13601,NY,315,38158
13602,NY,315,3881
13603,NY,315,9760
13605,NY,315,4777
13606,NY,315,2716
13607,NY,315,1822
13608,NY,315,1719
13612,NY,315,2852
13613,NY,315,2726
13614,NY,315,357
13615,NY,315,1271
13616,NY,315,1880
13617,NY,315,11299
13618,NY,315,1711
13619,NY,315,10901
13620,NY,315,2197
13621,NY,315,650
13622,NY,315,2432
13623,NY,315,49
13624,NY,315,5457
13625,NY,315,1868
13626,NY,315,2267
13628,NY,315,220
13630,NY,315,1525
13633,NY,315,345
13634,NY,315,3984
13635,NY,315,1092
13636,NY,315,282
13637,NY,315,4491
13638,NY,315,378
13639,NY,315,243
13640,NY,315,271
13641,NY,315,91
13642,NY,315,10088
13643,NY,315,19
13646,NY,315,2211
13647,NY,315,69
13648,NY,315,2424
13650,NY,315,1391
13651,NY,315,127
13652,NY,315,1815
13654,NY,315,2461
13655,NY,518,3512
13656,NY,315,2861
13658,NY,315,2357
13659,NY,315,593
13660,NY,315,1891
13661,NY,315,1646
13662,NY,315,16582
13664,NY,315,399
13665,NY,315,882
13666,NY,315,266
13667,NY,315,3181
13668,NY,315,3329
13669,NY,315,16452
13670,NY,315,430
13672,NY,315,602
13673,NY,315,2249
13674,NY,315,126
13675,NY,315,160
13676,NY,315,16646
13677,NY,212,93
13678,NY,315,211
13679,NY,315,1853
13680,NY,315,1244
13681,NY,315,897
13682,NY,315,877
13684,NY,315,1131
13685,NY,315,2272
13687,NY,315,479
13690,NY,315,846
13691,NY,315,3176
13692,NY,315,27
13693,NY,315,503
13694,NY,315,1507
13695,NY,315,134
13696,NY,212,87
13697,NY,315,2281
13730,NY,607,2805
13731,NY,845,1162
13732,NY,607,8153
13733,NY,607,5216
13734,NY,607,2287
13736,NY,607,2338
13739,NY,607,953
13740,NY,607,554
13743,NY,607,3806
13744,NY,607,1137
13746,NY,607,2539
13748,NY,607,3800
13750,NY,607,1092
13751,NY,607,189
13752,NY,607,782
13753,NY,607,5848
13754,NY,607,3310
13755,NY,607,1228
13756,NY,607,613
13757,NY,607,1045
13760,NY,607,44264
13774,NY,607,201
13775,NY,607,1631
13776,NY,607,513
13777,NY,607,727
13778,NY,607,5948
13780,NY,607,1045
13782,NY,607,755
13783,NY,607,2670
13784,NY,212,172
13786,NY,607,464
13787,NY,607,3629
13788,NY,607,991
13790,NY,607,19104
13794,NY,607,105
13795,NY,607,3800
13796,NY,607,1236
13797,NY,607,2250
13801,NY,607,1398
13802,NY,607,718
13803,NY,607,3975
13804,NY,607,391
13806,NY,607,205
13807,NY,607,1199
13808,NY,607,1771
13809,NY,607,1517
13810,NY,607,1149
13811,NY,607,4354
13812,NY,607,2348
13813,NY,607,977
13815,NY,607,13999
13820,NY,607,22455
13825,NY,607,3442
13826,NY,607,58
13827,NY,607,11759
13830,NY,607,5042
13832,NY,607,709
13833,NY,607,4255
13834,NY,607,118
13835,NY,607,1511
13838,NY,607,4409
13839,NY,607,1405
13841,NY,607,529
13842,NY,607,695
13843,NY,607,1888
13844,NY,607,724
13845,NY,212,83
13846,NY,607,305
13847,NY,607,67
13849,NY,607,4551
13850,NY,607,22004
13856,NY,607,6596
13859,NY,607,182
13860,NY,212,94
13861,NY,607,432
13862,NY,607,4189
13863,NY,607,688
13864,NY,607,1149
13865,NY,607,6371
13901,NY,607,19773
13902,NY,607,6177
13903,NY,607,18763
13904,NY,607,9579
13905,NY,607,28026
14001,NY,716,9464
14004,NY,716,12704
14005,NY,585,1986
14006,NY,716,9858
14008,NY,716,1467
14009,NY,585,5672
14011,NY,585,9822
14012,NY,716,2362
14013,NY,585,1751
14020,NY,585,23306
14024,NY,585,1688
14025,NY,716,3039
14026,NY,716,674
14028,NY,716,1595
14030,NY,585,1807
14031,NY,716,9392
14032,NY,716,7989
14033,NY,716,2219
14034,NY,716,2742
14035,NY,212,125
14036,NY,585,5201
14037,NY,585,1166
14039,NY,585,101
14040,NY,585,2217
14041,NY,716,237
14042,NY,716,3969
14043,NY,716,24742
14047,NY,716,6440
14048,NY,716,15072
14051,NY,716,19533
14052,NY,716,17329
14054,NY,585,1344
14055,NY,716,1405
14057,NY,716,8116
14058,NY,585,2285
14059,NY,716,8933
14060,NY,212,443
14061,NY,212,349
14062,NY,716,3329
14063,NY,716,14870
14065,NY,585,1896
14066,NY,585,1318
14067,NY,716,5040
14068,NY,716,7150
14069,NY,716,844
14070,NY,716,6732
14072,NY,716,20374
14075,NY,716,41937
14080,NY,716,4330
14081,NY,716,3095
14082,NY,585,426
14085,NY,716,7353
14086,NY,716,31847
14091,NY,716,1079
14092,NY,716,11086
14094,NY,716,50666
14098,NY,585,2958
14101,NY,716,1905
14102,NY,716,1281
14103,NY,585,11183
14105,NY,716,4566
14108,NY,716,5882
14109,NY,716,1117
14111,NY,716,3352
14112,NY,212,85
14113,NY,585,703
14120,NY,716,45100
14125,NY,585,3782
14126,NY,716,588
14127,NY,716,29961
14129,NY,716,1591
14130,NY,585,265
14131,NY,716,5283
14132,NY,716,6218
14134,NY,716,104
14135,NY,716,119
14136,NY,716,5033
14138,NY,716,2018
14139,NY,716,2125
14141,NY,716,7728
14143,NY,585,1214
14145,NY,585,1618
14150,NY,716,41676
14167,NY,585,1663
14168,NY,212,36
14169,NY,716,151
14170,NY,716,2286
14171,NY,716,2077
14172,NY,716,3200
14173,NY,585,396
14174,NY,716,5794
14201,NY,716,11549
14202,NY,716,3911
14203,NY,716,1618
14204,NY,716,8691
14206,NY,716,20751
14207,NY,716,23552
14208,NY,716,11125
14209,NY,716,7926
14210,NY,716,14694
14211,NY,716,22611
14212,NY,716,10641
14213,NY,716,24465
14214,NY,716,19775
14215,NY,716,39999
14216,NY,716,22431
14217,NY,716,23480
14218,NY,716,19039
14219,NY,716,11536
14220,NY,716,24227
14221,NY,716,53555
14222,NY,716,14046
14223,NY,716,22665
14224,NY,716,39889
14225,NY,716,33385
14226,NY,716,29267
14227,NY,716,23426
14228,NY,716,20857
14261,NY,212,5713
14301,NY,716,12817
14302,NY,212,107
14303,NY,716,5981
14304,NY,716,30389
14305,NY,716,16898
14411,NY,585,14491
14414,NY,585,7142
14415,NY,585,132
14416,NY,585,3817
14418,NY,315,1325
14420,NY,585,20467
14422,NY,585,2468
14423,NY,585,4799
14424,NY,585,27007
14425,NY,585,10717
14427,NY,585,1964
14428,NY,585,8096
14432,NY,315,5726
14433,NY,315,4629
14435,NY,585,2941
14437,NY,585,11415
14441,NY,315,325
14445,NY,585,8019
14450,NY,585,41104
14454,NY,585,11073
14456,NY,315,20087
14462,NY,585,655
14464,NY,585,7524
14466,NY,585,1719
14467,NY,585,9105
14468,NY,585,17813
14469,NY,585,6220
14470,NY,585,8016
14471,NY,585,2672
14472,NY,585,8598
14475,NY,585,234
14476,NY,585,2288
14477,NY,585,1732
14478,NY,315,1595
14479,NY,212,275
14480,NY,585,833
14481,NY,585,1820
14482,NY,585,8275
14485,NY,585,4267
14486,NY,585,308
14487,NY,585,6025
14489,NY,315,7192
14502,NY,315,10691
14504,NY,585,1701
14505,NY,315,5393
14506,NY,585,1325
14507,NY,585,1351
14510,NY,585,4895
14511,NY,585,497
14512,NY,585,4721
14513,NY,315,13976
14514,NY,585,6389
14516,NY,315,2365
14517,NY,585,2883
14519,NY,315,11581
14521,NY,607,2761
14522,NY,315,9565
14525,NY,585,2865
14526,NY,585,19804
14527,NY,315,12820
14529,NY,585,67
14530,NY,585,5575
14532,NY,315,4431
14533,NY,585,2000
14534,NY,585,31426
14536,NY,585,687
14537,NY,315,207
14539,NY,585,242
14541,NY,315,4129
14542,NY,315,97
14543,NY,585,3152
14544,NY,585,2101
14545,NY,212,173
14546,NY,585,4695
14548,NY,585,4249
14549,NY,585,91
14550,NY,585,1537
14551,NY,315,5651
14555,NY,315,974
14559,NY,585,18057
14560,NY,585,2164
14561,NY,585,3086
14564,NY,585,14487
14568,NY,315,6048
14569,NY,585,6211
14571,NY,585,1176
14572,NY,585,5081
14580,NY,585,50587
14585,NY,585,120
14586,NY,585,10256
14588,NY,607,749
14589,NY,315,7854
14590,NY,315,5446
14591,NY,585,1748
14592,NY,212,110
14604,NY,585,1743
14605,NY,585,12610
14606,NY,585,28255
14607,NY,585,16223
14608,NY,585,12268
14609,NY,585,42571
14610,NY,585,14233
14611,NY,585,17396
14612,NY,585,34515
14613,NY,585,14730
14614,NY,585,1224
14615,NY,585,16099
14616,NY,585,28534
14617,NY,585,22789
14618,NY,585,22920
14619,NY,585,14749
14620,NY,585,25141
14621,NY,585,33802
14622,NY,585,12108
14623,NY,585,27173
14624,NY,585,36296
14625,NY,585,10387
14626,NY,585,30041
14627,NY,212,2320
14701,NY,716,40730
14706,NY,212,6356
14707,NY,585,239
14708,NY,585,183
14709,NY,585,1535
14710,NY,716,3540
14711,NY,585,1766
14712,NY,716,3342
14714,NY,585,487
14715,NY,585,2747
14716,NY,716,3104
14717,NY,585,636
14718,NY,716,2163
14719,NY,716,3497
14720,NY,212,675
14721,NY,585,230
14722,NY,716,153
14723,NY,716,1295
14724,NY,716,2540
14726,NY,716,2156
14727,NY,585,5450
14728,NY,716,1031
14729,NY,716,948
14731,NY,716,1576
14732,NY,716,211
14733,NY,716,3833
14735,NY,585,2751
14736,NY,716,282
14737,NY,716,4252
14738,NY,716,3651
14739,NY,585,2903
14740,NY,716,1431
14741,NY,716,1873
14742,NY,212,314
14743,NY,716,1783
14744,NY,585,2094
14747,NY,716,2289
14748,NY,716,746
14750,NY,716,4426
14752,NY,716,169
14753,NY,716,1166
14754,NY,585,667
14755,NY,716,2916
14756,NY,716,110
14757,NY,716,3487
14760,NY,716,18775
14767,NY,716,2088
14769,NY,716,919
14770,NY,585,2963
14772,NY,716,4255
14774,NY,585,151
14775,NY,716,2537
14777,NY,716,667
14778,NY,212,1453
14779,NY,716,6932
14781,NY,716,2225
14782,NY,716,2401
14783,NY,716,320
14784,NY,716,1033
14787,NY,716,5121
14788,NY,212,163
14801,NY,607,5475
14802,NY,607,4135
14803,NY,607,1174
14804,NY,607,1479
14805,NY,607,1100
14806,NY,607,2269
14807,NY,607,3076
14808,NY,585,591
14809,NY,607,2552
14810,NY,607,12356
14812,NY,607,3478
14813,NY,585,2520
14814,NY,607,1931
14815,NY,607,946
14816,NY,607,520
14817,NY,607,2380
14818,NY,607,1745
14819,NY,607,733
14820,NY,607,784
14821,NY,607,3314
14822,NY,607,1169
14823,NY,607,3754
14824,NY,607,678
14825,NY,607,919
14826,NY,585,2216
14827,NY,212,191
14830,NY,607,19850
14836,NY,585,1009
14837,NY,607,5648
14838,NY,607,1956
14839,NY,607,793
14840,NY,607,3061
14841,NY,607,915
14842,NY,607,938
14843,NY,607,13043
14845,NY,607,20453
14846,NY,585,792
14847,NY,607,2398
14850,NY,607,63886
14853,NY,607,2755
14854,NY,607,37
14855,NY,607,956
14856,NY,607,215
14858,NY,607,1598
14859,NY,607,1029
14860,NY,607,1039
14861,NY,607,1404
14864,NY,607,1307
14865,NY,607,2607
14867,NY,607,5569
14869,NY,607,1378
14870,NY,607,9821
14871,NY,607,5456
14872,NY,607,605
14873,NY,607,2448
14874,NY,607,250
14877,NY,607,401
14878,NY,607,781
14879,NY,607,2398
14880,NY,585,1668
14881,NY,607,192
14882,NY,607,3826
14883,NY,607,4136
14884,NY,585,273
14885,NY,607,873
14886,NY,607,6753
14889,NY,607,1590
14891,NY,607,4149
14892,NY,607,8189
14893,NY,607,6
14894,NY,607,1454
14895,NY,585,9616
14897,NY,607,980
14898,NY,607,1734
14901,NY,607,16736
14903,NY,607,7567
14904,NY,607,16269
14905,NY,607,9070
15001,PA,724,31964
15003,PA,724,11861
15004,PA,724,351
15005,PA,724,9450
15006,PA,724,240
15007,PA,724,323
15009,PA,724,15082
15010,PA,724,28425
15012,PA,724,15905
15014,PA,724,3184
15015,PA,724,1175
15017,PA,412,16213
15018,PA,412,821
15019,PA,724,1719
15020,PA,412,231
15021,PA,724,7352
15022,PA,724,10340
15024,PA,724,9029
15025,PA,412,15944
15026,PA,724,3390
15027,PA,724,2201
15028,PA,215,142
15030,PA,724,1128
15031,PA,412,513
15033,PA,724,4910
15034,PA,412,1792
15035,PA,412,2129
15037,PA,412,10894
15038,PA,412,325
15042,PA,724,8105
15043,PA,724,2458
15044,PA,724,27049
15045,PA,412,4483
15046,PA,412,2640
15047,PA,412,151
15049,PA,724,895
15050,PA,724,2431
15051,PA,412,461
15052,PA,724,3483
15053,PA,724,154
15054,PA,724,375
15055,PA,724,1360
15056,PA,412,1140
15057,PA,724,13930
15059,PA,724,4193
15060,PA,724,790
15061,PA,724,12799
15062,PA,724,7731
15063,PA,724,11677
15064,PA,412,382
15065,PA,724,11588
15066,PA,724,12785
15067,PA,724,2281
15068,PA,724,38785
15071,PA,412,9956
15072,PA,215,101
15074,PA,724,8874
15075,PA,724,128
15076,PA,724,849
15077,PA,724,198
15078,PA,724,523
15081,PA,724,475
15082,PA,724,350
15083,PA,724,952
15084,PA,724,10130
15085,PA,412,7944
15086,PA,724,300
15087,PA,724,234
15088,PA,412,535
15089,PA,724,6262
15090,PA,724,21202
15101,PA,412,24292
15102,PA,412,29529
15104,PA,412,9038
15106,PA,412,18536
15108,PA,412,40153
15110,PA,412,5565
15112,PA,412,3292
15116,PA,412,14427
15120,PA,412,18931
15122,PA,412,20131
15126,PA,724,7014
15129,PA,412,10920
15131,PA,412,8240
15132,PA,412,21472
15133,PA,412,6432
15135,PA,412,5139
15136,PA,412,21849
15137,PA,412,10228
15139,PA,412,6307
15140,PA,412,3294
15142,PA,412,1163
15143,PA,412,19660
15144,PA,724,4142
15145,PA,412,7132
15146,PA,412,28323
15147,PA,412,17395
15148,PA,412,2814
15201,PA,412,12713
15202,PA,412,19685
15203,PA,412,9949
15204,PA,412,8329
15205,PA,412,21865
15206,PA,412,28615
15207,PA,412,11268
15208,PA,412,10406
15209,PA,412,12438
15210,PA,412,25954
15211,PA,412,11081
15212,PA,412,27895
15213,PA,412,30844
15214,PA,412,14352
15215,PA,412,12615
15216,PA,412,23350
15217,PA,412,27220
15218,PA,412,13851
15219,PA,412,16696
15220,PA,412,17718
15221,PA,412,31060
15222,PA,412,3294
15223,PA,412,7236
15224,PA,412,10141
15225,PA,412,1084
15226,PA,412,13974
15227,PA,412,28156
15228,PA,412,17595
15229,PA,412,13825
15232,PA,412,11374
15233,PA,412,4451
15234,PA,412,14056
15235,PA,412,34580
15236,PA,412,29724
15237,PA,412,41895
15238,PA,412,13162
15239,PA,412,21024
15241,PA,412,20395
15243,PA,412,13406
15260,PA,412,0
15290,PA,412,0
15301,PA,724,49331
15310,PA,724,290
15311,PA,724,1391
15312,PA,724,3579
15313,PA,724,377
15314,PA,724,3788
15315,PA,724,776
15316,PA,724,131
15317,PA,724,36535
15320,PA,724,5384
15321,PA,724,1676
15322,PA,724,2018
15323,PA,724,4542
15324,PA,724,632
15325,PA,724,439
15327,PA,724,1527
15329,PA,724,1709
15330,PA,724,5299
15331,PA,724,1090
15332,PA,724,8148
15333,PA,724,2150
15334,PA,724,113
15337,PA,724,744
15338,PA,724,1606
15340,PA,724,1469
15341,PA,724,869
15342,PA,724,4818
15344,PA,724,1450
15345,PA,412,1642
15346,PA,724,749
15347,PA,724,582
15348,PA,724,283
15349,PA,724,1737
15350,PA,215,425
15351,PA,724,901
15352,PA,724,987
15353,PA,724,64
15357,PA,724,1661
15358,PA,724,923
15359,PA,724,174
15360,PA,724,1731
15361,PA,215,151
15362,PA,724,767
15363,PA,724,760
15364,PA,724,869
15366,PA,724,164
15367,PA,724,8731
15368,PA,724,473
15370,PA,724,14870
15376,PA,724,1740
15377,PA,724,724
15378,PA,215,106
15379,PA,724,132
15380,PA,724,719
15401,PA,724,32288
15410,PA,724,905
15411,PA,814,661
15412,PA,724,470
15413,PA,724,551
15417,PA,724,9469
15419,PA,724,4492
15420,PA,724,251
15421,PA,724,112
15422,PA,724,220
15423,PA,724,1781
15424,PA,814,2489
15425,PA,724,19270
15427,PA,724,1091
15428,PA,724,1806
15429,PA,215,126
15430,PA,724,314
15431,PA,724,4744
15432,PA,724,427
15433,PA,724,741
15434,PA,724,313
15435,PA,724,437
15436,PA,724,2740
15437,PA,724,2573
15438,PA,724,2221
15440,PA,724,349
15442,PA,724,2105
15443,PA,724,377
15444,PA,724,517
15445,PA,724,2693
15446,PA,724,324
15447,PA,215,181
15448,PA,215,192
15449,PA,215,184
15450,PA,724,2323
15451,PA,724,955
15454,PA,724,237
15455,PA,215,298
15456,PA,724,2976
15458,PA,724,2379
15459,PA,724,1763
15460,PA,724,120
15461,PA,724,4333
15462,PA,724,398
15463,PA,724,64
15464,PA,724,1536
15466,PA,724,458
15467,PA,724,141
15468,PA,724,2303
15469,PA,724,2331
15470,PA,724,982
15472,PA,215,306
15473,PA,724,3862
15474,PA,724,2049
15475,PA,724,1356
15476,PA,724,157
15477,PA,724,855
15478,PA,724,6446
15479,PA,724,2113
15480,PA,724,1946
15482,PA,724,604
15483,PA,724,513
15484,PA,215,328
15486,PA,724,2303
15489,PA,215,389
15490,PA,724,628
15492,PA,724,108
15501,PA,814,16861
15502,PA,814,191
15510,PA,215,2229
15520,PA,814,293
15521,PA,814,1872
15522,PA,814,12036
15530,PA,814,5368
15531,PA,814,3861
15532,PA,814,142
15533,PA,814,1370
15534,PA,814,932
15535,PA,814,2203
15536,PA,814,459
15537,PA,814,7952
15538,PA,814,824
15539,PA,814,498
15540,PA,814,290
15541,PA,814,3721
15542,PA,814,1175
15544,PA,814,264
15545,PA,814,2879
15546,PA,814,386
15547,PA,814,504
15550,PA,814,1699
15551,PA,814,860
15552,PA,814,6115
15554,PA,814,2553
15555,PA,215,112
15557,PA,814,3684
15558,PA,814,2126
15559,PA,814,1968
15560,PA,814,175
15561,PA,215,168
15562,PA,814,201
15563,PA,814,3345
15564,PA,814,50
15601,PA,724,59483
15610,PA,724,3738
15611,PA,724,543
15612,PA,724,474
15613,PA,724,13933
15615,PA,724,387
15616,PA,724,23
15617,PA,215,367
15618,PA,724,2634
15620,PA,724,911
15621,PA,724,47
15622,PA,724,1387
15623,PA,724,762
15624,PA,215,410
15625,PA,724,144
15626,PA,724,5105
15627,PA,724,6544
15628,PA,724,525
15629,PA,724,676
15631,PA,724,1075
15632,PA,724,9363
15633,PA,215,293
15634,PA,724,523
15635,PA,215,220
15636,PA,724,3946
15637,PA,724,1861
15638,PA,724,288
15639,PA,724,2301
15640,PA,724,378
15641,PA,724,500
15642,PA,412,45286
15644,PA,724,18836
15646,PA,724,233
15647,PA,724,314
15650,PA,724,28432
15655,PA,724,423
15656,PA,724,10298
15658,PA,724,8916
15660,PA,724,323
15661,PA,724,504
15662,PA,215,271
15663,PA,724,455
15665,PA,724,1472
15666,PA,724,16461
15668,PA,724,13139
15670,PA,412,3649
15671,PA,724,865
15672,PA,724,3334
15673,PA,724,1296
15675,PA,724,1003
15676,PA,724,437
15677,PA,724,389
15678,PA,724,476
15679,PA,724,3343
15680,PA,724,101
15681,PA,724,5241
15683,PA,724,8248
15684,PA,724,841
15686,PA,724,972
15687,PA,724,1476
15688,PA,724,641
15689,PA,724,229
15690,PA,724,9078
15691,PA,215,70
15692,PA,724,941
15693,PA,724,189
15695,PA,724,337
15696,PA,724,384
15697,PA,724,3038
15698,PA,724,791
15701,PA,724,34704
15710,PA,814,266
15711,PA,814,412
15712,PA,814,151
15713,PA,724,294
15714,PA,814,5323
15715,PA,814,621
15716,PA,724,683
15717,PA,724,10847
15721,PA,814,234
15722,PA,814,2432
15723,PA,215,46
15724,PA,814,2412
15725,PA,724,1446
15727,PA,724,168
15728,PA,724,3701
15729,PA,412,1537
15730,PA,215,69
15731,PA,724,315
15732,PA,724,1669
15733,PA,215,108
15734,PA,724,322
15736,PA,724,613
15737,PA,814,83
15738,PA,814,265
15739,PA,724,462
15741,PA,814,83
15742,PA,724,950
15744,PA,215,105
15745,PA,814,337
15746,PA,814,135
15747,PA,724,2027
15748,PA,724,7060
15750,PA,724,245
15752,PA,724,54
15753,PA,814,513
15754,PA,724,502
15756,PA,724,207
15757,PA,814,1618
15759,PA,724,3004
15760,PA,215,152
15761,PA,215,111
15762,PA,814,823
15764,PA,215,163
15765,PA,724,1707
15767,PA,814,14668
15770,PA,814,184
15771,PA,724,991
15772,PA,814,1715
15773,PA,814,516
15774,PA,724,3029
15775,PA,814,751
15776,PA,215,52
15777,PA,724,170
15778,PA,814,140
15779,PA,724,414
15780,PA,724,148
15781,PA,215,94
15783,PA,412,140
15784,PA,814,67
15801,PA,814,19270
15821,PA,814,164
15823,PA,814,1431
15824,PA,814,5407
15825,PA,814,9562
15827,PA,814,231
15828,PA,814,286
15829,PA,814,1274
15832,PA,814,328
15834,PA,814,4533
15840,PA,814,1993
15841,PA,814,389
15845,PA,814,3197
15846,PA,814,3636
15847,PA,814,255
15848,PA,814,1027
15849,PA,814,1399
15851,PA,814,6671
15853,PA,814,6578
15856,PA,814,889
15857,PA,814,13212
15860,PA,814,1065
15861,PA,814,174
15863,PA,814,225
15864,PA,814,1845
15865,PA,814,1295
15866,PA,814,261
15868,PA,814,1350
15870,PA,814,1326
15901,PA,814,4190
15902,PA,814,12513
15904,PA,814,16608
15905,PA,814,21226
15906,PA,814,11144
15909,PA,814,5611
15920,PA,724,922
15921,PA,814,176
15922,PA,814,177
15923,PA,724,1770
15924,PA,814,1034
15925,PA,814,147
15926,PA,814,2676
15927,PA,814,1176
15928,PA,814,1974
15929,PA,814,75
15930,PA,814,241
15931,PA,814,9148
15934,PA,814,218
15935,PA,814,2620
15936,PA,814,1620
15937,PA,814,779
15938,PA,814,2583
15940,PA,814,3992
15942,PA,814,2079
15943,PA,814,3942
15944,PA,724,3472
15945,PA,215,198
15946,PA,814,7093
15948,PA,814,550
15949,PA,724,672
15951,PA,814,453
15952,PA,814,1413
15953,PA,215,83
15954,PA,814,2413
15955,PA,814,2551
15956,PA,814,2739
15957,PA,814,755
15958,PA,814,2301
15960,PA,814,425
15961,PA,814,854
15962,PA,814,149
15963,PA,814,11114
16001,PA,724,40371
16002,PA,724,15877
16020,PA,724,1150
16022,PA,724,368
16023,PA,724,4169
16024,PA,215,209
16025,PA,724,5564
16027,PA,724,306
16028,PA,724,1886
16029,PA,215,705
16030,PA,724,316
16033,PA,724,6165
16034,PA,724,2054
16035,PA,724,122
16036,PA,724,200
16037,PA,724,4589
16038,PA,814,3517
16040,PA,724,975
16041,PA,724,1888
16045,PA,724,1195
16046,PA,724,14396
16048,PA,215,139
16049,PA,724,3241
16050,PA,724,1546
16051,PA,724,3043
16052,PA,724,2447
16053,PA,724,4020
16054,PA,724,497
16055,PA,724,8486
16056,PA,724,4791
16057,PA,724,13909
16059,PA,724,7738
16061,PA,724,2761
16063,PA,724,6559
16066,PA,724,28060
16101,PA,724,34042
16102,PA,724,5755
16105,PA,724,15448
16110,PA,724,314
16111,PA,724,1409
16112,PA,724,1571
16113,PA,724,448
16114,PA,724,606
16115,PA,724,3287
16116,PA,724,3074
16117,PA,724,17185
16120,PA,724,2463
16121,PA,724,4941
16123,PA,724,2237
16124,PA,724,2228
16125,PA,724,18186
16127,PA,724,16145
16130,PA,724,2023
16131,PA,724,933
16132,PA,724,355
16133,PA,724,1573
16134,PA,724,3886
16136,PA,215,801
16137,PA,724,12941
16140,PA,724,123
16141,PA,724,1806
16142,PA,724,7056
16143,PA,724,2901
16145,PA,724,2726
16146,PA,724,14040
16148,PA,724,16959
16150,PA,724,7426
16151,PA,724,77
16153,PA,724,2624
16154,PA,724,2492
16155,PA,724,103
16156,PA,724,3319
16157,PA,724,3477
16159,PA,724,4706
16160,PA,724,864
16161,PA,724,644
16201,PA,724,18214
16210,PA,724,1014
16211,PA,724,104
16212,PA,724,339
16213,PA,814,204
16214,PA,814,10127
16217,PA,814,101
16218,PA,724,1195
16222,PA,814,2526
16223,PA,814,154
16224,PA,814,1181
16226,PA,724,8279
16228,PA,724,371
16229,PA,724,4997
16230,PA,814,494
16232,PA,814,4281
16233,PA,814,1246
16235,PA,814,1256
16236,PA,724,262
16238,PA,724,410
16239,PA,814,4172
16240,PA,814,1533
16242,PA,814,4693
16244,PA,724,265
16245,PA,814,207
16246,PA,724,252
16248,PA,814,3130
16249,PA,724,2089
16250,PA,724,315
16253,PA,814,91
16254,PA,814,3471
16255,PA,814,1943
16256,PA,724,2084
16258,PA,814,1869
16259,PA,724,1934
16260,PA,814,296
16262,PA,724,3007
16263,PA,724,317
16301,PA,814,16321
16311,PA,814,564
16312,PA,814,25
16313,PA,814,1848
16314,PA,814,5507
16316,PA,814,5436
16317,PA,814,1456
16319,PA,814,1355
16321,PA,814,76
16322,PA,215,158
16323,PA,814,16372
16326,PA,814,391
16327,PA,814,2978
16328,PA,215,80
16329,PA,814,528
16331,PA,814,88
16332,PA,814,53
16333,PA,814,240
16334,PA,814,338
16335,PA,814,28445
16340,PA,814,1990
16341,PA,814,2030
16342,PA,814,2281
16343,PA,814,449
16344,PA,814,523
16345,PA,814,3543
16346,PA,814,3247
16347,PA,814,2238
16350,PA,814,2737
16351,PA,814,1716
16352,PA,215,245
16353,PA,814,3348
16354,PA,814,11379
16360,PA,814,1383
16361,PA,814,53
16362,PA,724,1102
16364,PA,814,1347
16365,PA,814,18579
16370,PA,814,358
16371,PA,814,3260
16372,PA,814,499
16373,PA,724,3510
16374,PA,814,1968
16401,PA,814,6581
16402,PA,814,956
16403,PA,814,7029
16404,PA,814,3269
16405,PA,814,922
16406,PA,814,3509
16407,PA,814,11317
16410,PA,814,1854
16411,PA,814,1477
16412,PA,814,10480
16415,PA,814,8916
16416,PA,814,203
16417,PA,814,8329
16420,PA,814,650
16421,PA,814,2518
16422,PA,814,401
16423,PA,814,4450
16424,PA,814,4676
16426,PA,814,3730
16427,PA,814,193
16428,PA,814,12478
16433,PA,814,5384
16434,PA,814,2990
16435,PA,814,2108
16436,PA,814,756
16438,PA,814,8083
16440,PA,814,891
16441,PA,814,10136
16442,PA,814,2958
16443,PA,814,1425
16444,PA,814,1717
16501,PA,814,2044
16502,PA,814,16664
16503,PA,814,16850
16504,PA,814,17322
16505,PA,814,17168
16506,PA,814,23720
16507,PA,814,11088
16508,PA,814,16050
16509,PA,814,26810
16510,PA,814,25625
16511,PA,814,11382
16546,PA,215,1154
16563,PA,215,1621
16601,PA,814,33870
16602,PA,814,29554
16611,PA,814,2410
16613,PA,814,1535
16616,PA,814,116
16617,PA,814,2806
16619,PA,814,347
16620,PA,814,414
16621,PA,814,737
16622,PA,814,175
16623,PA,814,567
16624,PA,814,204
16625,PA,814,3868
16627,PA,814,2278
16630,PA,814,5080
16631,PA,814,90
16633,PA,814,200
16634,PA,814,302
16635,PA,814,11321
16636,PA,814,742
16637,PA,814,2873
16638,PA,215,67
16639,PA,814,1494
16640,PA,814,817
16641,PA,814,2598
16645,PA,814,142
16646,PA,814,2558
16647,PA,814,764
16648,PA,814,15538
16650,PA,814,2036
16651,PA,814,5813
16652,PA,814,18028
16655,PA,814,1601
16656,PA,814,1297
16657,PA,814,1343
16659,PA,814,303
16661,PA,814,951
16662,PA,814,6040
16664,PA,814,2104
16665,PA,814,299
16666,PA,814,2960
16667,PA,814,1392
16668,PA,814,3569
16669,PA,814,2351
16670,PA,814,47
16671,PA,814,505
16672,PA,814,187
16673,PA,814,5519
16674,PA,814,736
16677,PA,814,481
16678,PA,814,2689
16679,PA,814,844
16680,PA,814,427
16682,PA,814,117
16683,PA,814,383
16685,PA,814,249
16686,PA,814,13488
16689,PA,717,462
16691,PA,814,314
16692,PA,814,753
16693,PA,814,4185
16694,PA,814,254
16695,PA,814,1198
16699,PA,215,1469
16701,PA,814,17980
16720,PA,814,1392
16724,PA,814,143
16725,PA,215,166
16726,PA,814,542
16727,PA,814,211
16728,PA,814,25
16729,PA,814,761
16730,PA,814,121
16731,PA,814,2818
16732,PA,814,293
16733,PA,814,222
16734,PA,814,287
16735,PA,814,6309
16738,PA,814,2679
16740,PA,814,1032
16743,PA,814,3942
16744,PA,814,332
16745,PA,814,611
16746,PA,814,1265
16748,PA,814,2997
16749,PA,814,4319
16750,PA,814,417
16801,PA,814,42812
16802,PA,814,12764
16803,PA,814,23685
16820,PA,814,1217
16821,PA,814,318
16822,PA,570,2283
16823,PA,814,26617
16825,PA,814,240
16826,PA,570,616
16827,PA,814,3991
16828,PA,814,4478
16829,PA,814,666
16830,PA,814,13695
16832,PA,814,510
16833,PA,814,5342
16834,PA,814,299
16835,PA,814,238
16836,PA,814,1152
16837,PA,814,186
16838,PA,814,1821
16839,PA,814,489
16840,PA,814,510
16841,PA,814,5934
16843,PA,814,657
16844,PA,814,2769
16845,PA,814,1088
16847,PA,814,335
16848,PA,570,319
16849,PA,814,331
16851,PA,814,866
16852,PA,814,371
16853,PA,814,300
16854,PA,814,947
16855,PA,814,282
16858,PA,814,3688
16859,PA,814,542
16860,PA,215,451
16861,PA,814,311
16863,PA,814,718
16865,PA,814,1839
16866,PA,814,9881
16868,PA,814,483
16870,PA,814,7046
16871,PA,814,46
16872,PA,814,1551
16874,PA,814,1371
16875,PA,814,3945
16876,PA,814,311
16877,PA,814,1762
16878,PA,814,1762
16879,PA,814,532
16881,PA,814,2232
16882,PA,814,300
16901,PA,570,10243
16911,PA,570,332
16912,PA,570,1776
16914,PA,570,2347
16915,PA,814,5929
16917,PA,570,1437
16920,PA,814,2006
16921,PA,814,475
16922,PA,814,2002
16923,PA,814,1470
16925,PA,570,3186
16926,PA,570,872
16927,PA,814,651
16928,PA,814,1387
16929,PA,570,2320
16930,PA,570,1300
16932,PA,570,734
16933,PA,570,7488
16935,PA,570,1256
16936,PA,570,2095
16937,PA,814,172
16938,PA,570,747
16939,PA,570,295
16940,PA,570,302
16941,PA,814,69
16942,PA,814,847
16943,PA,814,549
16946,PA,570,2484
16947,PA,570,4818
16948,PA,814,1634
16950,PA,814,3378
17002,PA,717,784
17003,PA,717,11720
17004,PA,717,5000
17005,PA,717,368
17006,PA,717,1052
17007,PA,717,5591
17009,PA,717,2007
17010,PA,717,182
17011,PA,717,34586
17013,PA,717,34575
17015,PA,215,20798
17016,PA,717,799
17017,PA,570,1755
17018,PA,717,4313
17019,PA,717,17721
17020,PA,717,9047
17021,PA,717,1088
17022,PA,717,29602
17023,PA,717,3535
17024,PA,717,1893
17025,PA,717,16778
17026,PA,717,3616
17027,PA,215,2141
17028,PA,717,3720
17029,PA,717,371
17030,PA,717,832
17032,PA,717,8192
17033,PA,717,16972
17034,PA,717,2414
17035,PA,717,839
17036,PA,717,21913
17037,PA,717,1126
17038,PA,717,8219
17039,PA,717,37
17040,PA,717,2787
17041,PA,717,213
17042,PA,717,37133
17043,PA,717,5957
17044,PA,717,21209
17045,PA,570,3350
17046,PA,717,29790
17047,PA,717,2526
17048,PA,717,4046
17049,PA,717,3360
17050,PA,717,32815
17051,PA,814,4653
17052,PA,814,1635
17053,PA,717,5001
17055,PA,717,34237
17056,PA,717,128
17057,PA,717,21329
17058,PA,215,1909
17059,PA,717,7579
17060,PA,717,1334
17061,PA,717,7157
17062,PA,717,3979
17063,PA,717,3311
17064,PA,717,645
17065,PA,717,4222
17066,PA,814,5348
17067,PA,717,14232
17068,PA,717,4298
17069,PA,215,133
17070,PA,717,15692
17071,PA,717,108
17072,PA,215,193
17073,PA,717,5271
17074,PA,717,7477
17075,PA,814,123
17076,PA,717,48
17077,PA,215,46
17078,PA,717,20218
17080,PA,215,298
17081,PA,215,352
17082,PA,717,3588
17083,PA,215,109
17084,PA,717,4340
17086,PA,570,2499
17087,PA,717,2767
17088,PA,717,823
17090,PA,717,5216
17093,PA,215,801
17094,PA,717,2392
17097,PA,717,925
17098,PA,717,2528
17099,PA,717,1179
17101,PA,717,2212
17102,PA,717,7628
17103,PA,717,11848
17104,PA,717,20962
17109,PA,717,23131
17110,PA,717,24433
17111,PA,717,30714
17112,PA,717,33850
17113,PA,717,10749
17120,PA,717,0
17201,PA,717,25293
17202,PA,215,30200
17210,PA,717,193
17211,PA,814,368
17212,PA,717,702
17213,PA,717,639
17214,PA,717,1089
17215,PA,717,347
17217,PA,717,150
17219,PA,717,405
17220,PA,717,534
17221,PA,717,637
17222,PA,717,10749
17223,PA,717,289
17224,PA,717,1834
17225,PA,717,18879
17228,PA,717,1183
17229,PA,717,1276
17233,PA,717,5047
17235,PA,717,672
17236,PA,717,8895
17237,PA,717,1917
17238,PA,717,1794
17239,PA,215,203
17240,PA,717,3345
17241,PA,717,11853
17243,PA,814,1329
17244,PA,717,2407
17246,PA,717,195
17247,PA,717,366
17249,PA,814,371
17250,PA,215,68
17251,PA,717,158
17252,PA,717,3608
17253,PA,814,337
17254,PA,215,89
17255,PA,814,1125
17256,PA,215,91
17257,PA,717,27996
17260,PA,814,1164
17261,PA,215,193
17262,PA,717,1462
17263,PA,717,467
17264,PA,814,2305
17265,PA,717,496
17266,PA,717,581
17267,PA,717,2810
17268,PA,717,28285
17271,PA,717,339
17272,PA,215,294
17301,PA,717,4053
17302,PA,717,3083
17304,PA,717,3059
17306,PA,717,318
17307,PA,717,5899
17309,PA,717,2086
17311,PA,717,252
17313,PA,717,10899
17314,PA,717,5929
17315,PA,717,25756
17316,PA,717,8266
17317,PA,215,755
17318,PA,717,344
17319,PA,717,10417
17320,PA,717,7823
17321,PA,717,2238
17322,PA,717,6012
17324,PA,717,4219
17325,PA,717,27619
17327,PA,717,7565
17329,PA,717,2494
17331,PA,717,50292
17339,PA,717,6940
17340,PA,717,10896
17343,PA,215,180
17344,PA,717,3656
17345,PA,717,7679
17347,PA,717,6202
17349,PA,717,7570
17350,PA,717,12886
17352,PA,717,1292
17353,PA,717,3228
17355,PA,215,261
17356,PA,717,21610
17360,PA,717,5927
17361,PA,717,5806
17362,PA,717,13397
17363,PA,717,9413
17364,PA,717,3907
17365,PA,717,2510
17366,PA,717,5499
17368,PA,717,7322
17370,PA,717,5683
17371,PA,717,257
17372,PA,717,4101
17401,PA,717,17687
17402,PA,717,36360
17403,PA,717,39042
17404,PA,717,35517
17406,PA,717,22156
17407,PA,717,2355
17408,PA,215,22507
17501,PA,717,4307
17502,PA,717,2464
17505,PA,717,1785
17507,PA,717,62
17508,PA,717,423
17509,PA,610,4664
17512,PA,717,17836
17516,PA,717,4496
17517,PA,717,15391
17518,PA,717,1355
17519,PA,717,6824
17520,PA,717,4686
17522,PA,717,32483
17527,PA,717,6080
17529,PA,717,4317
17532,PA,717,3381
17535,PA,717,2458
17536,PA,717,2839
17538,PA,717,6045
17540,PA,717,9791
17543,PA,717,42626
17545,PA,717,21256
17547,PA,717,7378
17550,PA,717,790
17551,PA,717,10857
17552,PA,717,17831
17554,PA,717,7525
17555,PA,717,7525
17557,PA,717,13811
17560,PA,717,5118
17562,PA,717,4464
17563,PA,717,3849
17565,PA,717,2537
17566,PA,717,12019
17569,PA,717,5448
17570,PA,215,291
17572,PA,717,3859
17576,PA,215,129
17578,PA,717,7485
17579,PA,717,5935
17581,PA,717,951
17582,PA,717,2026
17584,PA,717,8957
17601,PA,717,49779
17602,PA,717,52452
17603,PA,717,61973
17606,PA,215,392
17701,PA,570,44661
17702,PA,570,10721
17721,PA,570,1604
17723,PA,570,34
17724,PA,570,5424
17727,PA,570,72
17728,PA,570,5120
17729,PA,570,159
17730,PA,570,257
17731,PA,570,185
17737,PA,570,6220
17739,PA,570,32
17740,PA,570,12754
17742,PA,570,39
17744,PA,570,3175
17745,PA,570,19063
17747,PA,570,3073
17748,PA,570,300
17749,PA,570,244
17750,PA,570,167
17751,PA,570,7084
17752,PA,570,4635
17754,PA,570,12233
17756,PA,570,12408
17758,PA,570,919
17760,PA,570,557
17762,PA,570,503
17763,PA,570,309
17764,PA,570,2327
17765,PA,570,1162
17768,PA,570,377
17771,PA,570,3158
17772,PA,570,2399
17774,PA,570,1277
17776,PA,570,295
17777,PA,570,7056
17778,PA,814,102
17779,PA,570,235
17801,PA,570,16671
17810,PA,570,4683
17812,PA,570,1480
17813,PA,570,1979
17814,PA,570,4860
17815,PA,570,30967
17820,PA,570,5556
17821,PA,570,18219
17822,PA,570,0
17823,PA,570,1273
17824,PA,570,4115
17827,PA,570,657
17829,PA,570,244
17830,PA,570,1947
17832,PA,570,628
17834,PA,570,3565
17835,PA,570,219
17836,PA,215,266
17837,PA,570,19815
17840,PA,570,533
17841,PA,570,4779
17842,PA,570,8910
17844,PA,570,10042
17845,PA,570,2245
17846,PA,570,3738
17847,PA,570,12051
17850,PA,570,645
17851,PA,570,7841
17853,PA,570,3221
17855,PA,570,992
17856,PA,570,3365
17857,PA,570,7505
17859,PA,570,3106
17860,PA,570,1994
17861,PA,570,143
17862,PA,570,577
17864,PA,570,2445
17865,PA,570,92
17866,PA,570,10310
17867,PA,215,169
17868,PA,215,1052
17870,PA,570,14564
17872,PA,570,9943
17876,PA,570,1698
17878,PA,570,1528
17880,PA,215,72
17881,PA,570,1556
17884,PA,570,305
17885,PA,570,141
17886,PA,570,895
17887,PA,570,1778
17888,PA,570,326
17889,PA,570,2735
17901,PA,570,23990
17920,PA,570,331
17921,PA,570,7676
17922,PA,570,4783
17923,PA,570,433
17925,PA,570,376
17929,PA,570,1606
17930,PA,570,476
17931,PA,570,8472
17933,PA,570,89
17934,PA,570,469
17935,PA,570,1737
17936,PA,570,763
17938,PA,570,2442
17941,PA,570,834
17943,PA,570,229
17944,PA,570,205
17945,PA,570,180
17946,PA,570,263
17948,PA,570,5029
17949,PA,570,263
17951,PA,570,325
17952,PA,570,282
17953,PA,570,469
17954,PA,570,4564
17957,PA,717,328
17959,PA,570,1422
17960,PA,570,3868
17961,PA,570,6958
17963,PA,570,9317
17964,PA,570,798
17965,PA,570,2067
17967,PA,570,2457
17968,PA,570,329
17970,PA,570,3241
17972,PA,570,11627
17974,PA,570,344
17976,PA,570,6937
17978,PA,570,224
17979,PA,570,168
17980,PA,570,3238
17981,PA,570,2751
17982,PA,570,430
17983,PA,570,1620
17985,PA,570,1226
18011,PA,610,5450
18013,PA,610,17802
18014,PA,484,11387
18015,PA,610,32832
18016,PA,484,0
18017,PA,610,37549
18018,PA,610,32413
18020,PA,610,20447
18030,PA,610,623
18031,PA,610,7528
18032,PA,484,9285
18034,PA,610,8256
18035,PA,610,241
18036,PA,610,12822
18037,PA,610,7070
18038,PA,610,3091
18040,PA,610,15742
18041,PA,215,5424
18042,PA,610,41570
18045,PA,610,26391
18046,PA,215,64
18049,PA,610,17341
18051,PA,610,3327
18052,PA,610,26902
18053,PA,610,2375
18054,PA,215,4278
18055,PA,610,11780
18056,PA,215,943
18058,PA,570,9464
18059,PA,610,1228
18062,PA,610,24351
18063,PA,610,548
18064,PA,484,24073
18066,PA,610,6005
18067,PA,610,17852
18068,PA,215,42
18069,PA,610,8017
18070,PA,215,739
18071,PA,610,10578
18072,PA,610,6571
18073,PA,215,9350
18074,PA,215,5775
18076,PA,215,2662
18077,PA,484,2370
18078,PA,610,7074
18079,PA,215,436
18080,PA,484,11456
18081,PA,610,357
18083,PA,610,530
18085,PA,215,1119
18086,PA,215,398
18087,PA,610,738
18088,PA,610,8375
18091,PA,610,5926
18092,PA,215,3223
18101,PA,610,3897
18102,PA,610,49779
18103,PA,610,45336
18104,PA,610,43236
18105,PA,610,12
18106,PA,610,6889
18109,PA,610,16932
18195,PA,610,0
18201,PA,570,27516
18202,PA,570,12083
18210,PA,570,8258
18211,PA,570,1304
18212,PA,215,131
18214,PA,570,2078
18216,PA,570,1067
18218,PA,570,2281
18219,PA,570,1436
18220,PA,570,344
18221,PA,570,389
18222,PA,570,9020
18223,PA,215,115
18224,PA,570,6017
18225,PA,215,114
18229,PA,570,8498
18230,PA,215,132
18231,PA,570,535
18232,PA,570,3941
18234,PA,215,401
18235,PA,610,19353
18237,PA,570,3110
18239,PA,215,232
18240,PA,570,3891
18241,PA,570,646
18242,PA,570,235
18244,PA,610,402
18245,PA,570,348
18246,PA,570,143
18248,PA,570,631
18249,PA,570,4129
18250,PA,570,3034
18251,PA,570,46
18252,PA,570,11188
18254,PA,570,871
18255,PA,570,4337
18256,PA,570,359
18301,PA,570,28561
18302,PA,215,17362
18321,PA,570,1711
18322,PA,570,2781
18323,PA,570,275
18324,PA,570,9714
18325,PA,570,2465
18326,PA,570,4152
18327,PA,570,700
18328,PA,570,7759
18330,PA,570,8927
18331,PA,570,867
18332,PA,570,3085
18333,PA,570,712
18334,PA,570,4156
18335,PA,570,672
18336,PA,570,4082
18337,PA,570,14572
18340,PA,570,174
18342,PA,570,492
18343,PA,610,3982
18344,PA,570,3589
18346,PA,570,2964
18347,PA,570,3364
18349,PA,215,132
18350,PA,570,1931
18351,PA,570,518
18352,PA,570,1098
18353,PA,570,12779
18354,PA,570,951
18355,PA,570,1492
18356,PA,570,136
18357,PA,570,104
18360,PA,570,28362
18370,PA,570,1096
18371,PA,570,747
18372,PA,570,3210
18403,PA,570,7087
18405,PA,570,2561
18407,PA,570,13862
18411,PA,570,21985
18413,PA,570,151
18414,PA,570,5452
18415,PA,570,1245
18417,PA,570,1121
18419,PA,570,4634
18420,PA,570,57
18421,PA,570,4754
18424,PA,570,5613
18425,PA,570,1354
18426,PA,570,4526
18427,PA,570,118
18428,PA,570,12012
18430,PA,570,33
18431,PA,570,12666
18433,PA,570,6508
18434,PA,570,4192
18435,PA,570,795
18436,PA,570,13853
18437,PA,570,211
18438,PA,570,1172
18439,PA,570,500
18441,PA,570,289
18443,PA,570,458
18444,PA,570,13778
18445,PA,570,2329
18446,PA,570,3733
18447,PA,570,10548
18451,PA,570,448
18452,PA,570,4802
18453,PA,570,1104
18454,PA,570,64
18455,PA,570,105
18456,PA,570,423
18457,PA,570,82
18458,PA,570,3017
18459,PA,570,51
18460,PA,570,184
18461,PA,570,404
18462,PA,570,427
18463,PA,570,199
18464,PA,570,1193
18465,PA,570,1340
18466,PA,570,16681
18469,PA,570,357
18470,PA,570,2226
18471,PA,570,685
18472,PA,570,7521
18473,PA,570,495
18503,PA,570,1182
18504,PA,570,21265
18505,PA,570,20586
18507,PA,570,4891
18508,PA,570,12292
18509,PA,570,13589
18510,PA,570,14119
18512,PA,570,12218
18517,PA,570,5274
18518,PA,570,8313
18519,PA,570,5104
18602,PA,570,257
18603,PA,570,19320
18610,PA,570,5008
18612,PA,570,18051
18614,PA,570,2426
18615,PA,570,1867
18616,PA,570,738
18617,PA,570,1924
18618,PA,570,3793
18619,PA,570,273
18621,PA,570,6248
18622,PA,570,257
18623,PA,570,2733
18624,PA,570,718
18625,PA,570,491
18626,PA,570,516
18628,PA,570,192
18629,PA,570,1801
18630,PA,570,3556
18631,PA,570,1286
18632,PA,570,409
18634,PA,570,13569
18635,PA,570,3881
18636,PA,570,1438
18640,PA,570,17155
18641,PA,570,6812
18642,PA,570,4345
18643,PA,570,12908
18644,PA,570,7546
18651,PA,570,8880
18653,PA,570,132
18655,PA,570,6278
18656,PA,570,2195
18657,PA,570,11985
18660,PA,570,3702
18661,PA,570,5730
18701,PA,570,3447
18702,PA,570,40295
18704,PA,570,31206
18705,PA,570,14806
18706,PA,570,16105
18707,PA,570,15557
18708,PA,570,8817
18709,PA,570,2903
18801,PA,570,8266
18810,PA,570,6162
18812,PA,570,1644
18814,PA,570,156
18816,PA,570,128
18817,PA,570,306
18818,PA,570,1394
18821,PA,570,1153
18822,PA,570,3642
18823,PA,570,193
18824,PA,570,1401
18825,PA,570,111
18826,PA,570,1910
18828,PA,570,352
18829,PA,570,868
18830,PA,570,735
18831,PA,570,1039
18832,PA,570,1874
18833,PA,570,2056
18834,PA,570,3691
18837,PA,570,3267
18840,PA,570,10731
18842,PA,570,278
18843,PA,570,277
18844,PA,570,1870
18845,PA,570,297
18846,PA,570,847
18847,PA,570,6024
18848,PA,570,9193
18850,PA,570,2357
18851,PA,570,706
18853,PA,570,4252
18854,PA,570,1510
18901,PA,215,27598
18902,PA,215,20973
18912,PA,215,39
18913,PA,267,185
18914,PA,215,21063
18915,PA,215,1063
18917,PA,267,2158
18920,PA,610,361
18923,PA,267,998
18925,PA,267,6195
18929,PA,267,9306
18930,PA,484,2721
18932,PA,267,388
18935,PA,215,116
18936,PA,215,4
18938,PA,267,13989
18940,PA,215,28825
18942,PA,267,3260
18944,PA,267,24479
18947,PA,267,6172
18950,PA,215,252
18951,PA,267,34651
18954,PA,215,9745
18955,PA,215,1662
18960,PA,215,12473
18962,PA,215,515
18964,PA,267,13812
18966,PA,215,37999
18969,PA,215,15273
18970,PA,215,696
18972,PA,610,3512
18974,PA,215,40953
18976,PA,215,19795
18977,PA,215,4291
18980,PA,215,510
19001,PA,215,17020
19002,PA,215,32412
19003,PA,610,12519
19004,PA,610,9416
19006,PA,215,21423
19007,PA,215,21125
19008,PA,610,20535
19009,PA,215,864
19010,PA,610,21103
19012,PA,215,6670
19013,PA,610,35130
19014,PA,484,21206
19015,PA,610,16632
19017,PA,610,348
19018,PA,610,23360
19020,PA,215,55493
19021,PA,215,10074
19022,PA,610,3669
19023,PA,610,22164
19025,PA,215,5395
19026,PA,610,30738
19027,PA,215,19067
19029,PA,610,3971
19030,PA,267,12122
19031,PA,215,4700
19032,PA,610,6606
19033,PA,610,7777
19034,PA,215,5999
19035,PA,610,3780
19036,PA,610,12942
19038,PA,215,31595
19040,PA,215,20536
19041,PA,610,6248
19043,PA,610,2664
19044,PA,215,15853
19046,PA,215,17809
19047,PA,215,35056
19050,PA,610,28073
19053,PA,215,25966
19054,PA,215,17437
19055,PA,267,13924
19056,PA,215,15486
19057,PA,267,17191
19060,PA,215,11368
19061,PA,610,19997
19063,PA,610,35704
19064,PA,610,24459
19066,PA,610,5864
19067,PA,267,51334
19070,PA,610,7277
19072,PA,610,9539
19073,PA,610,18332
19074,PA,610,5890
19075,PA,215,7354
19076,PA,610,6525
19078,PA,610,11067
19079,PA,610,9168
19081,PA,610,10337
19082,PA,610,40997
19083,PA,610,35878
19085,PA,610,8932
19086,PA,610,11420
19087,PA,610,32225
19090,PA,215,18832
19094,PA,610,4406
19095,PA,215,7063
19096,PA,610,13572
19102,PA,215,4705
19103,PA,215,21908
19104,PA,215,51808
19106,PA,215,11740
19107,PA,215,14875
19109,PA,215,0
19111,PA,215,63090
19112,PA,215,13
19113,PA,610,120
19114,PA,215,30907
19115,PA,267,33207
19116,PA,215,33112
19118,PA,267,9808
19119,PA,215,27035
19120,PA,215,71360
19121,PA,215,36572
19122,PA,215,21653
19123,PA,215,13416
19124,PA,215,72919
19125,PA,215,22958
19126,PA,215,15758
19127,PA,215,5913
19128,PA,215,35239
19129,PA,215,10975
19130,PA,215,24870
19131,PA,215,43172
19132,PA,215,36268
19133,PA,215,26063
19134,PA,215,60675
19135,PA,215,33091
19136,PA,215,40647
19137,PA,215,8638
19138,PA,215,32273
19139,PA,215,41271
19140,PA,215,54133
19141,PA,215,31376
19142,PA,215,29595
19143,PA,215,64849
19144,PA,215,43329
19145,PA,215,47261
19146,PA,215,35113
19147,PA,215,36228
19148,PA,215,49732
19149,PA,215,55006
19150,PA,215,23378
19151,PA,215,29883
19152,PA,215,33293
19153,PA,215,12259
19154,PA,215,34196
19301,PA,610,6402
19310,PA,610,3066
19311,PA,484,8584
19312,PA,610,11539
19316,PA,610,186
19317,PA,484,9530
19319,PA,610,1130
19320,PA,610,52342
19330,PA,610,5421
19333,PA,610,6895
19335,PA,610,46984
19341,PA,484,16709
19342,PA,610,18099
19343,PA,484,8142
19344,PA,610,11919
19345,PA,215,689
19348,PA,484,22232
19350,PA,484,10921
19352,PA,484,10622
19355,PA,610,24760
19358,PA,215,526
19362,PA,610,5815
19363,PA,484,17055
19365,PA,484,7006
19367,PA,215,171
19372,PA,484,1360
19373,PA,484,4273
19374,PA,610,1252
19375,PA,610,104
19380,PA,610,49534
19382,PA,610,52388
19383,PA,215,3169
19390,PA,484,13425
19401,PA,610,41753
19403,PA,610,44260
19405,PA,610,5127
19406,PA,610,23441
19422,PA,610,18506
19425,PA,484,13922
19426,PA,610,38831
19428,PA,610,16580
19435,PA,610,100
19436,PA,267,640
19437,PA,215,757
19438,PA,215,23765
19440,PA,215,18038
19442,PA,610,45
19444,PA,610,10519
19446,PA,215,55138
19453,PA,484,1483
19454,PA,215,27870
19456,PA,610,737
19457,PA,610,125
19460,PA,610,40154
19462,PA,610,14658
19464,PA,610,45788
19465,PA,484,17038
19468,PA,610,25536
19472,PA,610,74
19473,PA,484,15726
19474,PA,610,733
19475,PA,610,11283
19477,PA,215,146
19492,PA,610,717
19501,PA,717,1047
19503,PA,610,1142
19504,PA,610,4998
19505,PA,610,3226
19506,PA,610,7356
19507,PA,610,3280
19508,PA,610,15725
19510,PA,610,7639
19511,PA,610,215
19512,PA,610,16954
19518,PA,610,14734
19519,PA,610,101
19520,PA,610,5465
19522,PA,610,14229
19523,PA,610,250
19525,PA,610,14107
19526,PA,484,11039
19529,PA,610,3131
19530,PA,610,16432
19533,PA,610,7686
19534,PA,610,2041
19535,PA,610,23
19536,PA,610,490
19538,PA,610,64
19539,PA,610,4597
19540,PA,610,11723
19541,PA,610,4403
19543,PA,610,5905
19544,PA,717,196
19545,PA,610,428
19547,PA,610,4222
19549,PA,484,326
19550,PA,717,641
19551,PA,610,5034
19554,PA,610,374
19555,PA,610,3406
19559,PA,610,362
19560,PA,610,7805
19562,PA,610,2622
19564,PA,215,90
19565,PA,610,8531
19567,PA,610,5388
19601,PA,610,32998
19602,PA,610,17900
19604,PA,610,27658
19605,PA,610,18985
19606,PA,610,34416
19607,PA,610,22544
19608,PA,610,22719
19609,PA,610,9946
19610,PA,610,15258
19611,PA,610,10589
19701,DE,302,39194
19702,DE,302,51899
19703,DE,302,14471
19706,DE,302,1822
19707,DE,302,16483
19709,DE,302,35107
19710,DE,302,41
19711,DE,302,51322
19713,DE,302,30408
19716,DE,302,1568
19717,DE,302,3770
19720,DE,302,59250
19730,DE,302,451
19731,DE,302,252
19732,DE,302,25
19733,DE,302,110
19734,DE,302,11651
19735,DE,302,12
19736,DE,302,32
19801,DE,302,16286
19802,DE,302,24621
19803,DE,302,21364
19804,DE,302,17944
19805,DE,302,40937
19806,DE,302,9560
19807,DE,302,7405
19808,DE,302,38442
19809,DE,302,14049
19810,DE,302,25011
19901,DE,302,35055
19902,DE,302,283
19904,DE,302,34132
19930,DE,302,2768
19931,DE,302,211
19933,DE,302,8535
19934,DE,302,12805
19936,DE,302,302
19938,DE,302,8357
19939,DE,302,5979
19940,DE,302,5574
19941,DE,302,2522
19943,DE,302,11425
19944,DE,302,620
19945,DE,302,6862
19946,DE,302,4420
19947,DE,302,18799
19950,DE,302,6951
19951,DE,302,1733
19952,DE,302,10220
19953,DE,302,4386
19954,DE,302,1464
19955,DE,302,72
19956,DE,302,15500
19958,DE,302,19650
19960,DE,302,6295
19962,DE,302,10206
19963,DE,302,19206
19964,DE,302,1340
19966,DE,302,24601
19967,DE,302,354
19968,DE,302,9549
19970,DE,302,6170
19971,DE,302,12385
19973,DE,302,23838
19975,DE,302,8253
19977,DE,302,22984
19979,DE,302,632
20001,DC,202,38551
20002,DC,202,52370
20003,DC,202,26454
20004,DC,202,1622
20005,DC,202,12775
20006,DC,202,3227
20007,DC,202,26866
20008,DC,202,27525
20009,DC,202,47992
20010,DC,202,30138
20011,DC,202,58536
20012,DC,202,13414
20015,DC,202,15332
20016,DC,202,32519
20017,DC,202,17735
20018,DC,202,16894
20019,DC,202,54358
20020,DC,202,49864
20024,DC,202,11510
20032,DC,202,35653
20036,DC,202,5435
20037,DC,202,14642
20045,DC,202,0
20052,DC,202,470
20053,DC,202,0
20057,DC,202,3888
20064,DC,202,1890
20105,VA,703,11315
20106,VA,540,5142
20109,VA,703,37265
20110,VA,703,43876
20111,VA,703,30590
20112,VA,703,25833
20115,VA,540,5838
20117,VA,540,2693
20118,VA,540,7
20119,VA,540,3946
20120,VA,703,40695
20121,VA,703,27988
20124,VA,703,14857
20129,VA,703,618
20130,VA,540,281
20132,VA,540,15900
20135,VA,540,2834
20136,VA,703,28498
20137,VA,540,1510
20139,VA,540,217
20141,VA,540,6131
20143,VA,703,1216
20144,VA,540,1012
20147,VA,703,54086
20148,VA,703,28310
20151,VA,703,21374
20152,VA,703,24946
20155,VA,703,29411
20158,VA,540,4288
20164,VA,703,37747
20165,VA,703,32383
20166,VA,703,9521
20169,VA,571,19801
20170,VA,703,41236
20171,VA,703,45887
20175,VA,703,27169
20176,VA,703,46506
20180,VA,540,6549
20181,VA,703,7877
20184,VA,540,839
20186,VA,540,14557
20187,VA,540,15252
20190,VA,703,17529
20191,VA,703,29128
20194,VA,703,13165
20197,VA,703,1840
20198,VA,540,2492
20202,DC,202,0
20204,DC,202,0
20228,DC,202,0
20230,DC,202,0
20240,DC,202,0
20245,DC,202,0
20260,DC,202,0
20317,DC,202,903
20319,DC,202,84
20373,DC,202,131
20390,DC,202,584
20405,DC,202,0
20418,DC,202,0
20427,DC,202,0
20506,DC,202,0
20510,DC,202,0
20520,DC,202,0
20535,DC,202,8
20540,DC,202,0
20551,DC,202,0
20553,DC,202,0
20560,DC,202,0
20565,DC,202,0
20566,DC,202,0
20593,DC,202,0
20601,MD,301,24156
20602,MD,301,24955
20603,MD,301,28967
20606,MD,301,431
20607,MD,301,9802
20608,MD,301,919
20609,MD,301,1120
20611,MD,240,1078
20612,MD,301,261
20613,MD,301,11860
20615,MD,410,405
20616,MD,301,5857
20617,MD,301,781
20618,MD,301,607
20619,MD,301,10503
20620,MD,240,1443
20621,MD,301,1373
20622,MD,301,4900
20623,MD,240,2744
20624,MD,301,1282
20625,MD,301,1062
20626,MD,301,373
20628,MD,301,594
20629,MD,410,535
20630,MD,301,348
20632,MD,240,347
20634,MD,240,5927
20636,MD,301,9937
20637,MD,301,5423
20639,MD,410,14227
20640,MD,301,10438
20645,MD,240,857
20646,MD,301,18890
20650,MD,240,13717
20653,MD,301,24481
20657,MD,410,20483
20658,MD,301,854
20659,MD,301,23498
20660,MD,301,97
20662,MD,240,2934
20664,MD,301,2987
20667,MD,301,494
20670,MD,301,1014
20674,MD,301,830
20675,MD,301,1671
20676,MD,443,3871
20677,MD,240,2322
20678,MD,410,11045
20680,MD,240,1119
20684,MD,301,1125
20685,MD,410,6471
20686,MD,301,1332
20687,MD,301,313
20688,MD,410,1828
20689,MD,301,1694
20690,MD,301,740
20692,MD,301,1051
20693,MD,301,1088
20695,MD,301,6794
20701,MD,443,2
20705,MD,301,26188
20706,MD,301,38692
20707,MD,301,31538
20708,MD,301,25546
20710,MD,301,9313
20711,MD,240,6643
20712,MD,301,9031
20714,MD,443,4345
20715,MD,301,26382
20716,MD,301,20787
20720,MD,301,21031
20721,MD,301,27016
20722,MD,240,5711
20723,MD,301,28972
20724,MD,301,16093
20732,MD,410,9919
20733,MD,301,2672
20735,MD,301,35421
20736,MD,410,8904
20737,MD,301,20684
20740,MD,301,28780
20742,MD,301,7808
20743,MD,301,38621
20744,MD,301,50722
20745,MD,301,28451
20746,MD,301,28838
20747,MD,301,40054
20748,MD,301,38792
20751,MD,301,2343
20754,MD,410,6951
20755,MD,410,9302
20758,MD,410,721
20759,MD,301,3355
20762,MD,240,2973
20763,MD,301,2664
20764,MD,301,4176
20765,MD,301,514
20769,MD,301,6604
20770,MD,301,25173
20772,MD,301,42625
20774,MD,301,43013
20776,MD,301,3289
20777,MD,410,3314
20778,MD,443,2009
20779,MD,410,1182
20781,MD,301,11440
20782,MD,301,30560
20783,MD,301,44487
20784,MD,301,29449
20785,MD,301,35052
20794,MD,301,14098
20812,MD,301,255
20814,MD,301,27642
20815,MD,301,29082
20816,MD,301,16208
20817,MD,301,36240
20818,MD,301,1962
20832,MD,301,24965
20833,MD,301,7735
20837,MD,301,5789
20838,MD,301,259
20839,MD,301,214
20841,MD,301,10460
20842,MD,301,1824
20850,MD,301,46340
20851,MD,301,14191
20852,MD,301,40365
20853,MD,301,29673
20854,MD,301,49611
20855,MD,301,14295
20860,MD,301,2396
20861,MD,240,1875
20862,MD,301,343
20866,MD,301,13344
20868,MD,301,790
20871,MD,301,13130
20872,MD,301,13104
20874,MD,301,57367
20876,MD,301,25496
20877,MD,301,34321
20878,MD,301,62446
20879,MD,301,24360
20880,MD,301,450
20882,MD,301,14063
20886,MD,301,33282
20895,MD,301,19054
20896,MD,301,906
20899,MD,301,142
20901,MD,301,34832
20902,MD,240,48841
20903,MD,301,23625
20904,MD,301,54612
20905,MD,301,18044
20906,MD,301,64696
20910,MD,301,37445
20912,MD,301,24807
21001,MD,410,21487
21005,MD,410,2112
21009,MD,410,29766
21010,MD,410,104
21012,MD,410,21317
21013,MD,410,4653
21014,MD,410,36047
21015,MD,410,27763
21017,MD,410,7062
21028,MD,410,3460
21029,MD,301,11333
21030,MD,410,24355
21031,MD,410,4
21032,MD,410,8848
21034,MD,410,3387
21035,MD,410,7815
21036,MD,410,2114
21037,MD,410,20618
21040,MD,443,24420
21042,MD,410,38076
21043,MD,410,42246
21044,MD,410,41704
21045,MD,410,38288
21046,MD,410,15080
21047,MD,443,11873
21048,MD,410,10650
21050,MD,410,18202
21051,MD,443,279
21052,MD,410,303
21053,MD,410,3305
21054,MD,410,10127
21056,MD,410,267
21057,MD,410,4112
21060,MD,410,29223
21061,MD,410,53684
21071,MD,443,497
21074,MD,443,15084
21075,MD,443,26344
21076,MD,410,12952
21077,MD,301,224
21078,MD,410,17603
21082,MD,410,654
21084,MD,443,7652
21085,MD,410,16171
21087,MD,410,5451
21090,MD,410,9784
21093,MD,410,36465
21102,MD,443,11751
21104,MD,410,4601
21105,MD,410,65
21108,MD,410,17964
21111,MD,410,4903
21113,MD,410,30469
21114,MD,410,25225
21117,MD,410,53778
21120,MD,410,6967
21122,MD,410,60576
21128,MD,410,12802
21130,MD,301,187
21131,MD,410,7253
21132,MD,410,2634
21133,MD,410,29998
21136,MD,410,33781
21140,MD,410,3457
21144,MD,410,31884
21146,MD,410,26705
21152,MD,410,5544
21153,MD,410,323
21154,MD,410,6464
21155,MD,410,2371
21156,MD,410,358
21157,MD,410,36920
21158,MD,410,20234
21160,MD,410,2408
21161,MD,410,5490
21162,MD,410,3655
21163,MD,410,7026
21201,MD,443,16972
21202,MD,443,22832
21204,MD,410,20253
21205,MD,410,16146
21206,MD,410,50846
21207,MD,410,48133
21208,MD,410,33917
21209,MD,410,26465
21210,MD,410,14292
21211,MD,410,17351
21212,MD,410,32322
21213,MD,410,32733
21214,MD,410,20564
21215,MD,410,60161
21216,MD,410,32071
21217,MD,410,37111
21218,MD,410,49796
21219,MD,443,9379
21220,MD,410,39199
21221,MD,410,42154
21222,MD,410,55786
21223,MD,410,26366
21224,MD,410,49134
21225,MD,410,33545
21226,MD,410,7561
21227,MD,443,33534
21228,MD,410,47577
21229,MD,410,45213
21230,MD,410,33568
21231,MD,410,15748
21234,MD,410,66095
21236,MD,410,38474
21237,MD,410,30059
21239,MD,410,28793
21240,MD,410,0
21244,MD,410,34611
21250,MD,301,3205
21251,MD,443,934
21252,MD,410,2872
21286,MD,410,19206
21401,MD,410,36012
21402,MD,410,5217
21403,MD,443,30269
21405,MD,410,544
21409,MD,301,20064
21502,MD,301,44400
21520,MD,301,2074
21521,MD,301,1265
21522,MD,301,141
21523,MD,301,286
21524,MD,301,626
21529,MD,301,631
21530,MD,301,1591
21531,MD,301,2227
21532,MD,301,15620
21536,MD,301,4121
21538,MD,301,716
21539,MD,301,2819
21540,MD,301,65
21541,MD,301,1546
21542,MD,301,483
21543,MD,301,140
21545,MD,301,1940
21550,MD,301,14194
21555,MD,301,1936
21557,MD,301,1895
21561,MD,301,2627
21562,MD,301,3141
21601,MD,410,23597
21607,MD,410,583
21610,MD,410,378
21612,MD,410,492
21613,MD,410,17330
21617,MD,410,9907
21619,MD,410,5848
21620,MD,410,12853
21622,MD,410,558
21623,MD,410,2111
21624,MD,410,143
21625,MD,410,2719
21626,MD,410,120
21627,MD,410,18
21628,MD,410,556
21629,MD,410,9555
21631,MD,410,2731
21632,MD,410,6353
21634,MD,410,305
21635,MD,410,2098
21636,MD,410,1186
21638,MD,410,4934
21639,MD,410,4408
21640,MD,410,1632
21641,MD,410,117
21643,MD,410,5979
21644,MD,301,111
21645,MD,410,1039
21647,MD,410,289
21648,MD,410,255
21649,MD,410,1858
21650,MD,410,238
21651,MD,410,2898
21652,MD,410,183
21653,MD,410,114
21654,MD,410,1236
21655,MD,410,5009
21657,MD,410,777
21658,MD,410,3862
21659,MD,410,1551
21660,MD,410,4063
21661,MD,410,2653
21662,MD,410,555
21663,MD,410,3308
21664,MD,410,539
21665,MD,410,287
21666,MD,410,12309
21667,MD,410,310
21668,MD,410,1904
21669,MD,410,229
21671,MD,410,756
21672,MD,410,241
21673,MD,410,3136
21675,MD,410,105
21676,MD,410,398
21677,MD,410,440
21678,MD,410,2301
21679,MD,410,483
21701,MD,301,35293
21702,MD,301,38847
21703,MD,301,32854
21704,MD,301,13321
21705,MD,301,8
21710,MD,301,4515
21711,MD,301,1029
21713,MD,301,9502
21714,MD,301,99
21716,MD,301,4885
21717,MD,301,54
21718,MD,301,151
21719,MD,240,1548
21722,MD,301,5545
21723,MD,410,803
21727,MD,240,5850
21733,MD,301,1163
21734,MD,301,771
21737,MD,410,1458
21738,MD,410,3268
21740,MD,301,61859
21742,MD,301,31444
21746,MD,301,1883
21750,MD,301,3766
21754,MD,301,6323
21755,MD,301,5591
21756,MD,301,3612
21757,MD,410,3036
21758,MD,301,4921
21762,MD,240,249
21766,MD,301,700
21767,MD,301,991
21769,MD,301,11236
21770,MD,301,5164
21771,MD,301,29563
21773,MD,301,5460
21774,MD,301,11662
21776,MD,410,5735
21777,MD,301,1470
21778,MD,301,1094
21779,MD,301,983
21780,MD,301,1625
21781,MD,301,136
21782,MD,301,4097
21783,MD,301,9130
21784,MD,410,37941
21787,MD,410,10693
21788,MD,301,11622
21790,MD,301,100
21791,MD,410,5281
21793,MD,301,9775
21794,MD,410,2434
21795,MD,301,9233
21797,MD,410,8839
21798,MD,301,2345
21801,MD,410,29961
21802,MD,410,89
21804,MD,410,38491
21810,MD,301,487
21811,MD,410,22550
21813,MD,410,2852
21814,MD,410,380
21817,MD,443,5236
21821,MD,410,991
21822,MD,410,1930
21824,MD,410,198
21826,MD,410,4837
21829,MD,410,527
21830,MD,410,4026
21835,MD,410,507
21837,MD,410,2614
21838,MD,410,1736
21840,MD,410,375
21841,MD,410,860
21842,MD,410,11089
21849,MD,410,3238
21850,MD,410,2790
21851,MD,410,7315
21853,MD,410,11126
21856,MD,410,1035
21861,MD,410,757
21862,MD,410,106
21863,MD,410,5029
21864,MD,410,611
21865,MD,410,470
21866,MD,410,78
21867,MD,410,114
21869,MD,410,1006
21871,MD,410,2124
21872,MD,410,718
21874,MD,410,2210
21875,MD,410,6467
21890,MD,301,3240
21901,MD,410,15875
21902,MD,410,471
21903,MD,443,5687
21904,MD,443,7252
21911,MD,410,11004
21912,MD,410,1240
21913,MD,410,663
21914,MD,410,765
21915,MD,410,3030
21916,MD,301,37
21917,MD,410,2520
21918,MD,410,4284
21919,MD,410,3467
21920,MD,301,257
21921,MD,443,44471
21930,MD,301,94
22003,VA,703,55990
22015,VA,703,43102
22025,VA,703,17379
22026,VA,703,14258
22027,VA,703,2362
22030,VA,703,55066
22031,VA,703,29795
22032,VA,703,29377
22033,VA,703,37691
22035,VA,202,0
22039,VA,703,18364
22041,VA,703,27989
22042,VA,703,33537
22043,VA,703,24302
22044,VA,703,14092
22046,VA,703,16235
22060,VA,703,8878
22066,VA,703,18099
22079,VA,703,32059
22101,VA,703,29887
22102,VA,703,21985
22124,VA,703,17558
22125,VA,703,711
22134,VA,703,6862
22150,VA,703,27105
22151,VA,703,17456
22152,VA,703,28550
22153,VA,703,31285
22172,VA,703,8699
22180,VA,703,23491
22181,VA,703,14879
22182,VA,703,24863
22185,VA,703,0
22191,VA,703,57598
22192,VA,703,53394
22193,VA,703,83796
22201,VA,703,33476
22202,VA,703,22543
22203,VA,703,21850
22204,VA,703,47233
22205,VA,703,17087
22206,VA,703,19051
22207,VA,703,30920
22209,VA,703,12314
22211,VA,703,648
22213,VA,703,2936
22214,VA,703,0
22301,VA,703,11162
22302,VA,703,16485
22303,VA,703,12601
22304,VA,703,44300
22305,VA,703,15440
22306,VA,703,32326
22307,VA,703,9581
22308,VA,703,12737
22309,VA,703,33220
22310,VA,703,29609
22311,VA,703,17560
22312,VA,703,30614
22314,VA,703,29653
22315,VA,703,26202
22401,VA,540,24286
22405,VA,540,29152
22406,VA,540,20757
22407,VA,540,54962
22408,VA,540,26851
22427,VA,804,3286
22432,VA,804,394
22433,VA,540,232
22435,VA,804,2439
22436,VA,804,746
22437,VA,804,725
22438,VA,804,463
22443,VA,804,8083
22448,VA,540,599
22454,VA,804,1796
22460,VA,804,1876
22469,VA,804,1921
22473,VA,804,5099
22476,VA,804,369
22480,VA,804,714
22482,VA,804,2993
22485,VA,540,23004
22488,VA,804,1398
22503,VA,804,4334
22504,VA,804,263
22508,VA,540,12696
22509,VA,703,31
22511,VA,804,1240
22514,VA,804,2603
22520,VA,804,5402
22529,VA,703,335
22530,VA,703,126
22534,VA,540,2796
22535,VA,804,580
22538,VA,804,307
22539,VA,804,2063
22542,VA,540,1950
22546,VA,804,15850
22548,VA,804,73
22551,VA,703,19242
22553,VA,540,13935
22554,VA,540,51463
22556,VA,703,25675
22560,VA,804,6704
22567,VA,540,3163
22572,VA,804,7470
22576,VA,804,1785
22578,VA,804,2510
22579,VA,804,155
22580,VA,804,5160
22601,VA,540,27813
22602,VA,540,28443
22603,VA,540,13910
22610,VA,540,1842
22611,VA,540,8757
22620,VA,540,2348
22623,VA,540,670
22624,VA,540,2565
22625,VA,540,3641
22627,VA,540,637
22630,VA,540,30292
22637,VA,540,1970
22639,VA,540,560
22640,VA,540,532
22641,VA,540,361
22642,VA,540,4414
22643,VA,540,197
22644,VA,540,2177
22645,VA,540,3880
22646,VA,540,205
22650,VA,540,978
22652,VA,540,1399
22654,VA,540,640
22655,VA,540,19328
22656,VA,540,2381
22657,VA,540,10956
22660,VA,540,1689
22663,VA,540,1536
22664,VA,540,8753
22701,VA,540,31444
22709,VA,540,874
22711,VA,540,92
22712,VA,540,8415
22713,VA,540,1406
22714,VA,540,1129
22715,VA,540,1082
22716,VA,540,853
22718,VA,540,534
22719,VA,540,395
22720,VA,540,1059
22722,VA,540,273
22723,VA,540,128
22724,VA,540,2282
22726,VA,540,776
22727,VA,540,5547
22728,VA,540,3310
22729,VA,540,1338
22730,VA,540,115
22731,VA,540,139
22732,VA,540,191
22733,VA,540,1469
22734,VA,540,3187
22735,VA,540,2277
22736,VA,540,732
22737,VA,540,2936
22738,VA,540,1149
22740,VA,540,1313
22741,VA,540,182
22742,VA,540,1926
22743,VA,540,204
22747,VA,540,1132
22749,VA,540,349
22801,VA,540,37989
22802,VA,540,26293
22807,VA,540,3311
22810,VA,540,863
22811,VA,540,500
22812,VA,540,8927
22815,VA,540,8355
22820,VA,540,214
22821,VA,540,5753
22824,VA,540,6018
22827,VA,540,10388
22830,VA,540,1773
22831,VA,540,813
22832,VA,540,1091
22834,VA,540,1250
22835,VA,540,11634
22840,VA,540,4354
22841,VA,540,2791
22842,VA,540,5063
22843,VA,540,2458
22844,VA,540,4528
22845,VA,540,33
22846,VA,540,1855
22847,VA,540,1066
22849,VA,540,5044
22850,VA,540,899
22851,VA,540,5956
22853,VA,540,4367
22901,VA,434,32532
22902,VA,434,21223
22903,VA,434,38229
22904,VA,434,4633
22911,VA,434,15971
22920,VA,434,4186
22922,VA,434,1993
22923,VA,434,5035
22931,VA,434,382
22932,VA,434,7488
22935,VA,434,926
22936,VA,434,4853
22937,VA,434,1486
22938,VA,434,1444
22939,VA,540,5398
22940,VA,434,1119
22942,VA,540,8113
22943,VA,540,444
22946,VA,434,244
22947,VA,434,4198
22948,VA,540,305
22949,VA,434,1300
22952,VA,540,2029
22958,VA,434,1637
22959,VA,434,1578
22960,VA,540,10722
22963,VA,434,15401
22964,VA,434,261
22967,VA,434,1956
22968,VA,434,9815
22969,VA,434,1437
22971,VA,434,1735
22972,VA,540,439
22973,VA,434,6191
22974,VA,434,5385
22976,VA,434,339
22980,VA,540,31451
22989,VA,703,112
23002,VA,804,10439
23004,VA,434,851
23005,VA,804,15227
23009,VA,804,6279
23011,VA,757,1429
23015,VA,804,4249
23021,VA,804,345
23022,VA,434,930
23023,VA,703,323
23024,VA,540,8120
23025,VA,804,233
23027,VA,804,1413
23030,VA,804,5128
23032,VA,804,283
23035,VA,804,1473
23038,VA,434,1775
23039,VA,804,1056
23040,VA,804,4661
23043,VA,804,1692
23045,VA,703,96
23047,VA,804,1952
23050,VA,804,598
23055,VA,434,915
23056,VA,804,458
23059,VA,804,31919
23060,VA,804,33417
23061,VA,804,21208
23062,VA,804,2340
23063,VA,804,5278
23064,VA,804,131
23065,VA,804,1909
23066,VA,804,471
23068,VA,804,257
23069,VA,804,3197
23070,VA,804,431
23071,VA,804,1563
23072,VA,804,11541
23075,VA,804,9819
23076,VA,804,606
23079,VA,804,437
23083,VA,804,1732
23084,VA,434,1799
23085,VA,804,364
23086,VA,804,3247
23089,VA,804,4914
23091,VA,804,309
23092,VA,804,584
23093,VA,540,12694
23102,VA,804,2659
23103,VA,804,4634
23106,VA,804,976
23108,VA,804,161
23109,VA,804,1821
23110,VA,804,794
23111,VA,804,36490
23112,VA,804,46982
23113,VA,804,23848
23114,VA,804,17449
23115,VA,703,146
23116,VA,804,27228
23117,VA,540,9141
23119,VA,804,295
23120,VA,804,5971
23123,VA,434,1860
23124,VA,804,3185
23125,VA,804,223
23126,VA,804,534
23128,VA,804,1045
23129,VA,804,374
23130,VA,703,268
23138,VA,804,953
23139,VA,804,24425
23140,VA,804,5175
23141,VA,804,6471
23146,VA,804,3093
23148,VA,804,1827
23149,VA,804,3190
23150,VA,804,12045
23153,VA,804,1334
23156,VA,804,1555
23160,VA,804,2708
23161,VA,703,173
23163,VA,804,220
23168,VA,757,6115
23169,VA,804,1325
23173,VA,804,2820
23175,VA,804,1907
23176,VA,804,656
23177,VA,804,616
23180,VA,804,441
23181,VA,804,5426
23185,VA,757,46370
23187,VA,757,267
23188,VA,757,38733
23192,VA,804,7067
23219,VA,804,3781
23220,VA,804,35545
23221,VA,804,13680
23222,VA,804,24563
23223,VA,804,47677
23224,VA,804,33461
23225,VA,804,39169
23226,VA,804,15805
23227,VA,804,24440
23228,VA,804,34198
23229,VA,804,32283
23230,VA,804,5852
23231,VA,804,34685
23233,VA,804,28908
23234,VA,804,42989
23235,VA,804,30165
23236,VA,804,25822
23237,VA,804,21192
23238,VA,703,25134
23250,VA,703,0
23294,VA,804,17558
23301,VA,757,1831
23302,VA,703,155
23303,VA,757,741
23304,VA,703,71
23306,VA,757,1088
23307,VA,757,769
23308,VA,757,2106
23310,VA,757,4736
23313,VA,757,78
23314,VA,757,6991
23315,VA,757,1525
23316,VA,757,342
23320,VA,757,51797
23321,VA,757,33653
23322,VA,757,60473
23323,VA,757,35906
23324,VA,757,22851
23325,VA,757,17592
23336,VA,757,2941
23337,VA,757,377
23347,VA,757,671
23350,VA,757,3403
23354,VA,757,207
23356,VA,757,1246
23357,VA,757,776
23358,VA,703,152
23359,VA,757,776
23389,VA,757,137
23395,VA,757,645
23398,VA,757,153
23401,VA,757,212
23405,VA,757,973
23407,VA,757,411
23408,VA,703,77
23409,VA,757,84
23410,VA,757,2015
23413,VA,757,840
23414,VA,757,100
23415,VA,757,1893
23416,VA,757,356
23417,VA,757,4047
23418,VA,757,863
23420,VA,757,2376
23421,VA,757,4255
23422,VA,757,278
23423,VA,757,344
23426,VA,757,225
23427,VA,757,243
23430,VA,757,17281
23432,VA,757,1538
23433,VA,757,1218
23434,VA,757,47670
23435,VA,757,27053
23436,VA,757,942
23437,VA,757,4283
23438,VA,757,1818
23440,VA,757,727
23441,VA,757,171
23442,VA,757,1059
23451,VA,757,41544
23452,VA,757,59321
23453,VA,757,35960
23454,VA,757,60283
23455,VA,757,47938
23456,VA,757,51748
23457,VA,757,4289
23459,VA,703,1091
23460,VA,757,1201
23461,VA,757,287
23462,VA,757,61973
23464,VA,757,76131
23480,VA,757,328
23486,VA,703,140
23487,VA,757,6298
23488,VA,703,201
23502,VA,757,20678
23503,VA,757,30856
23504,VA,757,23483
23505,VA,757,28503
23507,VA,757,25818
23508,VA,757,20263
23509,VA,757,12817
23510,VA,757,7031
23511,VA,757,2457
23513,VA,757,29595
23517,VA,757,4484
23518,VA,757,28095
23523,VA,757,7793
23551,VA,703,930
23601,VA,757,25127
23602,VA,757,39676
23603,VA,757,3899
23604,VA,757,5720
23605,VA,757,13854
23606,VA,757,29283
23607,VA,757,24519
23608,VA,757,42917
23651,VA,757,696
23661,VA,757,14113
23662,VA,757,12150
23663,VA,757,14495
23664,VA,757,10194
23665,VA,757,5120
23666,VA,757,49825
23669,VA,757,43148
23690,VA,757,3032
23691,VA,703,127
23692,VA,757,18846
23693,VA,757,23292
23696,VA,757,3669
23701,VA,757,25161
23702,VA,757,11424
23703,VA,757,25739
23704,VA,757,18716
23707,VA,757,14236
23708,VA,757,181
23709,VA,757,78
23801,VA,804,3393
23803,VA,804,40542
23805,VA,804,19490
23806,VA,703,2251
23821,VA,434,1597
23824,VA,434,7214
23827,VA,757,1443
23828,VA,757,395
23829,VA,434,2622
23830,VA,434,1491
23831,VA,804,33079
23832,VA,804,33739
23833,VA,804,2297
23834,VA,804,25612
23836,VA,804,11444
23837,VA,757,4298
23838,VA,804,15341
23839,VA,757,741
23840,VA,804,1858
23841,VA,804,3479
23842,VA,804,6906
23843,VA,434,654
23844,VA,434,788
23845,VA,434,356
23846,VA,757,933
23847,VA,434,16962
23850,VA,804,1051
23851,VA,757,13715
23856,VA,434,1033
23857,VA,434,525
23860,VA,804,31970
23866,VA,757,2237
23867,VA,434,2189
23868,VA,434,7367
23872,VA,804,2376
23874,VA,757,1004
23875,VA,804,10878
23876,VA,434,456
23878,VA,757,1118
23879,VA,434,679
23881,VA,757,2176
23882,VA,804,2516
23883,VA,757,2551
23884,VA,703,93
23885,VA,804,2807
23887,VA,434,574
23888,VA,757,2275
23889,VA,434,581
23890,VA,804,4249
23891,VA,703,2358
23893,VA,434,454
23894,VA,804,673
23897,VA,434,595
23898,VA,757,2223
23899,VA,757,351
23901,VA,434,16399
23909,VA,434,2027
23915,VA,434,1220
23917,VA,434,3684
23919,VA,434,2666
23920,VA,434,3489
23921,VA,434,1991
23922,VA,434,3785
23923,VA,434,2592
23924,VA,434,6232
23927,VA,434,4381
23930,VA,434,5690
23934,VA,434,681
23936,VA,434,8212
23937,VA,434,1970
23938,VA,434,407
23942,VA,434,1112
23943,VA,434,225
23944,VA,434,4261
23947,VA,434,4293
23950,VA,434,3348
23952,VA,434,217
23954,VA,434,2017
23958,VA,434,3170
23959,VA,434,1264
23960,VA,434,1990
23962,VA,434,670
23963,VA,434,587
23964,VA,434,1138
23966,VA,434,2337
23967,VA,434,1118
23968,VA,434,837
23970,VA,434,8254
23974,VA,434,5012
23976,VA,434,230
24011,VA,540,219
24012,VA,540,29015
24013,VA,540,8684
24014,VA,540,16570
24015,VA,540,15255
24016,VA,540,9047
24017,VA,540,23392
24018,VA,540,36432
24019,VA,540,26502
24020,VA,703,455
24053,VA,276,2715
24054,VA,276,6797
24055,VA,276,13674
24058,VA,703,324
24059,VA,540,872
24060,VA,540,53311
24064,VA,540,4963
24065,VA,540,6141
24066,VA,540,4883
24067,VA,540,2230
24069,VA,276,1879
24070,VA,540,1363
24072,VA,540,1298
24073,VA,540,29793
24076,VA,276,972
24077,VA,540,932
24078,VA,276,7115
24079,VA,540,1766
24082,VA,276,419
24083,VA,540,2587
24084,VA,540,11304
24085,VA,540,2182
24086,VA,540,210
24087,VA,540,3914
24088,VA,540,5408
24089,VA,276,2640
24090,VA,540,4781
24091,VA,540,7215
24092,VA,540,3063
24093,VA,540,192
24095,VA,540,4677
24101,VA,540,6132
24102,VA,540,1697
24104,VA,540,3469
24105,VA,540,500
24112,VA,276,32646
24120,VA,276,1860
24121,VA,540,10501
24122,VA,540,1683
24124,VA,540,4352
24127,VA,540,4261
24128,VA,540,1872
24130,VA,540,8
24131,VA,540,140
24132,VA,540,460
24133,VA,276,2626
24134,VA,540,5741
24136,VA,540,3393
24137,VA,540,2582
24138,VA,540,1613
24139,VA,434,575
24141,VA,540,20668
24142,VA,540,2470
24147,VA,540,1201
24148,VA,276,8013
24149,VA,540,3339
24150,VA,540,693
24151,VA,540,20000
24153,VA,540,37761
24161,VA,434,471
24162,VA,540,2421
24165,VA,276,1613
24167,VA,540,345
24168,VA,276,187
24171,VA,276,8250
24174,VA,540,2539
24175,VA,540,8818
24176,VA,540,1360
24179,VA,540,18616
24184,VA,540,4705
24185,VA,276,854
24201,VA,276,17116
24202,VA,276,12905
24210,VA,276,16840
24211,VA,276,9922
24216,VA,276,2939
24217,VA,276,406
24219,VA,276,11265
24220,VA,276,895
24221,VA,276,938
24224,VA,276,6734
24225,VA,276,1697
24226,VA,276,1433
24228,VA,276,7016
24230,VA,276,9597
24236,VA,276,3085
24237,VA,276,1192
24239,VA,276,113
24243,VA,276,2222
24244,VA,276,5723
24245,VA,276,1129
24246,VA,276,455
24248,VA,276,2596
24250,VA,276,1319
24251,VA,276,8773
24256,VA,276,3491
24258,VA,276,1624
24260,VA,276,5734
24263,VA,276,7950
24265,VA,276,930
24266,VA,276,9521
24269,VA,276,324
24270,VA,276,582
24271,VA,276,2689
24272,VA,276,527
24273,VA,276,6262
24277,VA,276,5849
24279,VA,276,5541
24280,VA,276,823
24281,VA,276,2487
24282,VA,276,727
24283,VA,276,2171
24290,VA,276,1874
24292,VA,276,535
24293,VA,276,10791
24301,VA,540,14366
24311,VA,276,1977
24312,VA,276,2401
24313,VA,276,884
24314,VA,276,1560
24315,VA,276,3774
24316,VA,276,50
24317,VA,276,3858
24318,VA,276,639
24319,VA,276,6979
24322,VA,276,174
24323,VA,276,644
24324,VA,276,2013
24325,VA,276,1039
24326,VA,276,1058
24328,VA,276,1726
24330,VA,276,3401
24333,VA,276,17996
24340,VA,276,5657
24343,VA,276,9267
24347,VA,540,1931
24348,VA,276,3958
24350,VA,276,1261
24351,VA,276,668
24352,VA,276,890
24354,VA,276,15315
24360,VA,276,6169
24361,VA,276,5431
24363,VA,276,1365
24366,VA,276,781
24368,VA,276,4953
24370,VA,276,6572
24374,VA,276,787
24375,VA,276,1611
24377,VA,276,348
24378,VA,276,1229
24380,VA,540,2639
24381,VA,276,3816
24382,VA,276,14366
24401,VA,540,35499
24411,VA,540,112
24412,VA,540,131
24413,VA,540,178
24415,VA,540,41
24416,VA,540,8807
24421,VA,540,3868
24422,VA,540,6315
24426,VA,540,14329
24430,VA,540,2643
24431,VA,540,2656
24432,VA,540,336
24433,VA,540,99
24435,VA,540,1925
24437,VA,540,904
24439,VA,540,1253
24440,VA,540,2916
24441,VA,540,6140
24442,VA,540,120
24445,VA,540,2673
24448,VA,703,376
24450,VA,540,16741
24457,VA,540,270
24458,VA,540,442
24459,VA,540,818
24460,VA,540,1530
24464,VA,540,213
24465,VA,540,1382
24467,VA,540,2212
24471,VA,540,1355
24472,VA,540,2271
24473,VA,540,922
24474,VA,703,544
24476,VA,540,280
24477,VA,540,10573
24479,VA,540,1537
24482,VA,540,4872
24483,VA,540,587
24484,VA,540,741
24485,VA,540,389
24486,VA,540,3490
24487,VA,540,320
24501,VA,434,26757
24502,VA,434,43426
24503,VA,434,19331
24504,VA,434,9777
24517,VA,434,5693
24520,VA,434,2450
24521,VA,434,10576
24522,VA,434,9213
24523,VA,540,18952
24526,VA,434,1593
24527,VA,434,3027
24528,VA,434,3200
24529,VA,434,1724
24530,VA,434,1088
24531,VA,434,9203
24534,VA,434,1740
24536,VA,434,194
24538,VA,434,4742
24539,VA,434,134
24540,VA,434,32170
24541,VA,434,28221
24549,VA,434,4292
24550,VA,434,7258
24551,VA,434,20667
24553,VA,434,1902
24554,VA,434,3995
24555,VA,540,2140
24556,VA,540,3053
24557,VA,434,7977
24558,VA,434,6347
24562,VA,434,426
24563,VA,434,5489
24565,VA,434,1026
24566,VA,434,1402
24569,VA,434,1064
24570,VA,703,20
24571,VA,434,1979
24572,VA,434,16395
24574,VA,434,3977
24577,VA,434,5239
24578,VA,540,1056
24579,VA,540,1389
24580,VA,434,613
24581,VA,703,23
24586,VA,434,5562
24588,VA,434,9647
24589,VA,434,2271
24590,VA,434,8074
24592,VA,434,13934
24593,VA,434,1963
24594,VA,434,1651
24595,VA,434,679
24597,VA,434,1257
24598,VA,434,1984
24599,VA,434,606
24601,VA,703,77
24602,VA,276,962
24603,VA,276,978
24604,VA,703,342
24605,VA,276,9301
24606,VA,276,170
24607,VA,276,462
24609,VA,276,7630
24612,VA,276,229
24613,VA,276,911
24614,VA,276,8061
24620,VA,276,2774
24622,VA,276,1028
24628,VA,276,295
24630,VA,276,6774
24631,VA,276,2843
24634,VA,276,574
24635,VA,276,1650
24637,VA,276,3410
24639,VA,276,3533
24641,VA,276,5953
24646,VA,276,750
24649,VA,276,2760
24651,VA,276,6314
24656,VA,276,3404
24657,VA,276,321
24701,WV,304,20786
24712,WV,304,2063
24714,WV,304,257
24715,WV,304,594
24716,WV,304,508
24719,WV,304,223
24724,WV,304,66
24726,WV,304,566
24729,WV,304,149
24731,WV,304,255
24733,WV,304,853
24736,WV,304,902
24737,WV,304,243
24738,WV,304,308
24740,WV,304,30435
24747,WV,304,3006
24801,WV,304,3858
24808,WV,304,675
24811,WV,304,599
24813,WV,304,511
24815,WV,304,559
24816,WV,304,151
24817,WV,304,954
24818,WV,304,1409
24822,WV,304,955
24823,WV,304,383
24826,WV,304,150
24827,WV,304,1501
24828,WV,304,927
24830,WV,304,139
24831,WV,304,250
24834,WV,304,412
24836,WV,304,800
24839,WV,304,1523
24843,WV,304,158
24844,WV,304,1810
24845,WV,304,282
24846,WV,304,244
24847,WV,304,293
24848,WV,304,262
24849,WV,304,337
24850,WV,304,1093
24851,WV,304,419
24853,WV,304,793
24854,WV,304,550
24857,WV,304,984
24860,WV,304,552
24861,WV,304,307
24862,WV,304,651
24866,WV,304,240
24867,WV,304,409
24868,WV,304,1686
24869,WV,304,351
24870,WV,304,2874
24871,WV,304,309
24872,WV,304,783
24873,WV,304,600
24874,WV,304,2729
24878,WV,304,337
24879,WV,304,657
24880,WV,304,356
24881,WV,304,601
24882,WV,304,483
24884,WV,304,265
24887,WV,304,67
24888,WV,304,167
24892,WV,304,1513
24894,WV,304,388
24898,WV,304,198
24901,WV,304,9128
24910,WV,304,5383
24915,WV,304,590
24916,WV,304,558
24918,WV,304,1677
24920,WV,304,346
24924,WV,304,512
24925,WV,304,935
24927,WV,304,365
24931,WV,304,1544
24934,WV,304,503
24935,WV,304,688
24938,WV,304,1518
24941,WV,304,1059
24944,WV,304,401
24945,WV,304,393
24946,WV,304,1533
24951,WV,304,1489
24954,WV,304,3514
24957,WV,304,346
24962,WV,304,186
24963,WV,304,4095
24966,WV,304,1286
24970,WV,304,4575
24974,WV,304,299
24976,WV,304,1005
24977,WV,304,441
24981,WV,304,631
24983,WV,304,2443
24984,WV,304,185
24986,WV,304,5216
24991,WV,304,521
25002,WV,304,112
25003,WV,304,2782
25005,WV,304,264
25007,WV,304,604
25008,WV,304,210
25009,WV,304,1153
25011,WV,304,800
25015,WV,304,4691
25019,WV,304,575
25021,WV,304,305
25022,WV,304,153
25024,WV,304,586
25025,WV,304,230
25028,WV,304,381
25030,WV,304,414
25031,WV,304,615
25033,WV,304,2234
25035,WV,304,1112
25036,WV,304,468
25039,WV,304,1304
25040,WV,304,546
25043,WV,304,1659
25044,WV,304,384
25045,WV,304,5801
25047,WV,304,411
25048,WV,304,38
25049,WV,304,630
25051,WV,304,164
25053,WV,304,4296
25054,WV,304,426
25057,WV,304,337
25059,WV,304,678
25060,WV,304,618
25061,WV,304,756
25062,WV,304,230
25063,WV,304,1797
25064,WV,304,9962
25067,WV,304,1120
25070,WV,304,1683
25071,WV,304,11697
25075,WV,304,976
25076,WV,304,298
25081,WV,304,1251
25082,WV,304,1673
25083,WV,304,672
25085,WV,304,830
25086,WV,304,928
25088,WV,304,164
25090,WV,304,203
25093,WV,304,207
25102,WV,304,349
25103,WV,304,366
25106,WV,304,642
25107,WV,304,739
25108,WV,304,692
25109,WV,304,661
25110,WV,304,599
25111,WV,304,694
25112,WV,304,166
25113,WV,304,957
25114,WV,304,557
25115,WV,304,90
25118,WV,304,998
25119,WV,304,444
25121,WV,304,972
25123,WV,304,3535
25124,WV,304,1214
25125,WV,304,1011
25126,WV,304,58
25130,WV,304,3846
25132,WV,304,276
25133,WV,304,922
25134,WV,304,423
25136,WV,304,1798
25139,WV,304,440
25140,WV,304,1012
25141,WV,304,195
25142,WV,304,416
25143,WV,304,8579
25148,WV,304,332
25149,WV,304,242
25152,WV,304,368
25154,WV,304,868
25156,WV,304,105
25159,WV,304,5163
25160,WV,304,303
25161,WV,304,369
25162,WV,304,571
25164,WV,304,1257
25165,WV,304,612
25168,WV,304,2503
25169,WV,304,516
25173,WV,304,452
25174,WV,304,420
25177,WV,304,24084
25180,WV,304,83
25181,WV,304,1853
25183,WV,304,73
25185,WV,304,1042
25186,WV,304,881
25187,WV,304,719
25193,WV,304,477
25201,WV,304,55
25202,WV,304,1370
25203,WV,304,89
25204,WV,304,211
25205,WV,304,391
25206,WV,304,601
25208,WV,304,992
25209,WV,304,1227
25211,WV,304,135
25213,WV,304,5512
25214,WV,304,614
25234,WV,304,1200
25235,WV,304,949
25239,WV,304,1732
25241,WV,304,1710
25243,WV,304,899
25244,WV,304,732
25245,WV,304,739
25247,WV,304,509
25248,WV,304,3090
25251,WV,304,429
25252,WV,304,1071
25253,WV,304,2051
25259,WV,304,699
25260,WV,304,1577
25261,WV,304,335
25262,WV,304,898
25264,WV,304,441
25265,WV,304,1564
25266,WV,304,797
25267,WV,304,758
25268,WV,304,871
25270,WV,304,972
25271,WV,304,9304
25275,WV,304,2287
25276,WV,304,7752
25285,WV,304,595
25286,WV,304,1692
25287,WV,304,1272
25301,WV,304,2771
25302,WV,304,15078
25303,WV,304,7112
25304,WV,304,8773
25305,WV,304,0
25306,WV,304,6417
25309,WV,304,13356
25311,WV,304,10815
25312,WV,304,14886
25313,WV,304,13436
25314,WV,304,14542
25315,WV,304,3255
25320,WV,304,6084
25401,WV,304,14622
25403,WV,304,12591
25404,WV,304,19551
25405,WV,304,12029
25411,WV,304,12633
25413,WV,304,7508
25414,WV,304,17024
25419,WV,304,9251
25420,WV,304,4024
25422,WV,304,1700
25425,WV,304,12835
25427,WV,304,14322
25428,WV,304,10776
25430,WV,304,8112
25431,WV,304,453
25432,WV,304,121
25434,WV,304,2521
25437,WV,304,212
25438,WV,304,6266
25442,WV,304,1925
25443,WV,304,7445
25444,WV,304,605
25446,WV,304,1463
25501,WV,304,1130
25502,WV,304,1034
25503,WV,304,729
25504,WV,304,12661
25505,WV,304,477
25506,WV,304,5037
25507,WV,304,987
25508,WV,304,9837
25510,WV,304,5074
25511,WV,304,1092
25512,WV,304,1237
25514,WV,304,4024
25515,WV,304,2335
25517,WV,304,2071
25520,WV,304,1561
25521,WV,304,1101
25523,WV,304,2647
25524,WV,304,3486
25526,WV,304,21902
25529,WV,304,1013
25530,WV,304,5877
25534,WV,304,282
25535,WV,304,2783
25537,WV,304,1993
25540,WV,304,290
25541,WV,304,9350
25545,WV,304,4512
25547,WV,304,969
25550,WV,304,9077
25555,WV,304,2325
25557,WV,304,1754
25559,WV,304,2152
25560,WV,304,7997
25564,WV,304,1250
25565,WV,304,651
25567,WV,304,924
25570,WV,304,6640
25571,WV,304,2206
25573,WV,304,970
25601,WV,304,5206
25606,WV,304,964
25607,WV,304,1140
25608,WV,304,1004
25611,WV,304,682
25617,WV,304,999
25621,WV,304,2155
25624,WV,304,480
25625,WV,304,1452
25628,WV,304,539
25630,WV,304,683
25632,WV,304,834
25634,WV,304,771
25635,WV,304,1227
25637,WV,304,936
25638,WV,304,1148
25639,WV,304,608
25644,WV,304,536
25646,WV,304,940
25647,WV,304,768
25649,WV,304,1397
25650,WV,304,547
25651,WV,304,737
25652,WV,304,1608
25653,WV,304,459
25654,WV,304,310
25661,WV,304,6837
25666,WV,304,654
25669,WV,304,887
25670,WV,304,5829
25671,WV,304,1286
25672,WV,304,408
25674,WV,304,3202
25676,WV,304,1250
25678,WV,304,1595
25688,WV,304,448
25690,WV,304,249
25692,WV,304,1021
25696,WV,304,295
25699,WV,304,200
25701,WV,304,23284
25702,WV,304,7788
25703,WV,304,6751
25704,WV,304,16441
25705,WV,304,20711
25801,WV,304,33590
25810,WV,304,261
25811,WV,304,154
25812,WV,304,1902
25813,WV,304,8063
25817,WV,304,784
25818,WV,304,472
25820,WV,304,437
25823,WV,304,2176
25825,WV,304,2390
25826,WV,304,296
25827,WV,304,2488
25831,WV,304,1421
25832,WV,304,3994
25836,WV,304,488
25837,WV,304,391
25839,WV,304,691
25840,WV,304,8179
25841,WV,304,575
25843,WV,304,791
25844,WV,304,1417
25845,WV,304,627
25846,WV,304,363
25848,WV,304,443
25849,WV,304,266
25853,WV,304,182
25854,WV,304,1101
25855,WV,304,209
25857,WV,304,308
25862,WV,304,266
25864,WV,304,309
25865,WV,304,1475
25868,WV,304,432
25870,WV,304,103
25871,WV,304,695
25873,WV,304,607
25875,WV,304,486
25876,WV,304,128
25878,WV,304,930
25879,WV,304,359
25880,WV,304,6928
25882,WV,304,2033
25901,WV,304,11920
25902,WV,304,420
25904,WV,304,365
25906,WV,304,287
25907,WV,304,123
25908,WV,304,172
25911,WV,304,55
25913,WV,304,397
25915,WV,304,311
25916,WV,304,202
25917,WV,304,2139
25918,WV,304,4430
25920,WV,304,221
25921,WV,304,2157
25922,WV,304,299
25928,WV,304,375
25932,WV,304,339
25936,WV,304,43
25938,WV,304,1287
25942,WV,304,162
25951,WV,304,6208
25958,WV,304,851
25962,WV,304,3806
25969,WV,304,973
25971,WV,304,1130
25972,WV,304,299
25976,WV,304,2663
25977,WV,304,155
25978,WV,304,606
25979,WV,304,893
25981,WV,304,951
25984,WV,304,1886
25985,WV,304,430
25989,WV,304,280
26003,WV,304,43002
26030,WV,304,516
26031,WV,304,1755
26032,WV,304,1243
26033,WV,304,3044
26034,WV,304,4905
26035,WV,304,2491
26036,WV,304,425
26037,WV,304,6642
26038,WV,304,2855
26039,WV,304,1061
26040,WV,304,2103
26041,WV,304,16183
26047,WV,304,6222
26050,WV,304,1575
26055,WV,304,1756
26056,WV,304,93
26059,WV,304,3082
26060,WV,304,1881
26062,WV,304,21801
26070,WV,304,8441
26074,WV,304,1184
26075,WV,304,505
26101,WV,304,29999
26104,WV,304,16769
26105,WV,304,12333
26133,WV,304,1415
26134,WV,304,888
26136,WV,304,644
26137,WV,304,939
26138,WV,304,127
26141,WV,304,364
26142,WV,304,2574
26143,WV,304,4547
26146,WV,304,1003
26147,WV,304,2188
26148,WV,304,245
26149,WV,304,2452
26150,WV,304,6309
26151,WV,304,558
26152,WV,304,56
26155,WV,304,8823
26159,WV,304,2745
26160,WV,304,960
26161,WV,304,480
26164,WV,304,8262
26167,WV,304,865
26169,WV,304,842
26170,WV,304,6137
26175,WV,304,3326
26178,WV,304,587
26180,WV,304,2284
26181,WV,304,6127
26184,WV,304,2361
26187,WV,304,5982
26201,WV,304,19701
26202,WV,304,641
26203,WV,304,198
26205,WV,304,3690
26206,WV,304,2976
26208,WV,304,973
26209,WV,304,112
26215,WV,304,167
26217,WV,304,354
26218,WV,304,2583
26222,WV,304,454
26224,WV,304,221
26228,WV,304,109
26230,WV,304,124
26234,WV,304,1454
26236,WV,304,29
26237,WV,304,571
26238,WV,304,739
26241,WV,304,14591
26250,WV,304,5570
26253,WV,304,3490
26254,WV,304,303
26257,WV,304,957
26259,WV,304,176
26260,WV,304,1377
26261,WV,304,2701
26263,WV,304,316
26264,WV,304,642
26266,WV,304,252
26267,WV,304,369
26268,WV,304,82
26269,WV,304,1018
26270,WV,304,755
26271,WV,304,383
26273,WV,304,2041
26275,WV,304,744
26276,WV,304,356
26278,WV,304,591
26280,WV,304,1710
26282,WV,304,60
26283,WV,304,1734
26285,WV,304,304
26287,WV,304,3131
26288,WV,304,3603
26291,WV,304,165
26292,WV,304,836
26293,WV,304,600
26294,WV,304,729
26296,WV,304,177
26298,WV,304,96
26301,WV,304,30435
26320,WV,304,1000
26321,WV,304,354
26323,WV,304,602
26325,WV,304,320
26327,WV,304,83
26330,WV,304,14377
26335,WV,304,1378
26337,WV,304,1218
26338,WV,304,629
26339,WV,304,255
26342,WV,304,509
26343,WV,304,445
26346,WV,304,972
26347,WV,304,2068
26348,WV,304,196
26349,WV,304,132
26351,WV,304,5120
26354,WV,304,11135
26361,WV,304,263
26362,WV,304,3378
26366,WV,304,144
26369,WV,304,762
26372,WV,304,686
26374,WV,304,1375
26376,WV,304,463
26377,WV,304,700
26378,WV,304,3820
26384,WV,304,520
26385,WV,304,3872
26386,WV,304,2411
26404,WV,304,458
26405,WV,304,1179
26408,WV,304,2852
26410,WV,304,1037
26411,WV,304,707
26412,WV,304,546
26415,WV,304,4016
26416,WV,304,7529
26419,WV,304,1131
26421,WV,304,262
26422,WV,304,606
26424,WV,304,318
26425,WV,304,1216
26426,WV,304,7003
26430,WV,304,466
26431,WV,304,5950
26435,WV,304,98
26436,WV,304,204
26437,WV,304,645
26438,WV,304,176
26440,WV,304,1135
26443,WV,304,258
26444,WV,304,3639
26447,WV,304,1055
26448,WV,304,1421
26451,WV,304,685
26452,WV,304,9676
26456,WV,304,3734
26501,WV,304,19616
26505,WV,304,38772
26508,WV,304,29170
26519,WV,304,1836
26520,WV,304,778
26521,WV,304,346
26525,WV,304,7064
26534,WV,304,789
26537,WV,304,5721
26541,WV,304,2624
26542,WV,304,2547
26543,WV,304,252
26547,WV,304,2376
26554,WV,304,41369
26559,WV,304,1269
26560,WV,304,227
26562,WV,304,634
26563,WV,304,381
26568,WV,304,679
26570,WV,304,3595
26571,WV,304,1833
26572,WV,304,136
26574,WV,304,664
26575,WV,304,827
26576,WV,304,608
26581,WV,304,1104
26582,WV,304,5335
26585,WV,304,479
26586,WV,304,209
26587,WV,304,432
26588,WV,304,2611
26590,WV,304,791
26591,WV,304,1511
26601,WV,304,4898
26610,WV,304,1090
26611,WV,304,224
26615,WV,304,245
26617,WV,304,187
26619,WV,304,606
26621,WV,304,757
26623,WV,304,1189
26624,WV,304,2950
26627,WV,304,447
26629,WV,304,309
26631,WV,304,352
26636,WV,304,487
26638,WV,304,178
26651,WV,304,9650
26656,WV,304,401
26660,WV,304,255
26662,WV,304,1154
26676,WV,304,435
26678,WV,304,1247
26679,WV,304,1896
26680,WV,304,340
26681,WV,304,1486
26684,WV,304,116
26690,WV,304,584
26691,WV,304,417
26704,WV,304,5663
26705,WV,304,1077
26707,WV,304,344
26710,WV,304,2133
26711,WV,304,2655
26714,WV,304,482
26716,WV,304,706
26717,WV,304,1170
26719,WV,304,2785
26720,WV,304,174
26722,WV,304,599
26726,WV,304,13306
26731,WV,304,382
26739,WV,304,889
26743,WV,304,1613
26750,WV,304,891
26753,WV,304,6254
26755,WV,304,833
26757,WV,304,6464
26761,WV,304,685
26763,WV,304,1540
26764,WV,304,4220
26767,WV,304,768
26801,WV,304,1118
26802,WV,304,1357
26804,WV,304,709
26807,WV,304,2947
26808,WV,304,967
26810,WV,304,329
26812,WV,304,1705
26814,WV,304,415
26815,WV,304,646
26817,WV,304,443
26818,WV,304,709
26823,WV,304,198
26833,WV,304,2309
26836,WV,304,6578
26845,WV,304,898
26847,WV,304,6277
26851,WV,304,2180
26852,WV,304,869
26855,WV,304,826
26865,WV,304,248
26866,WV,304,929
26884,WV,304,625
27006,NC,336,14150
27007,NC,336,2162
27009,NC,336,2647
27011,NC,336,5497
27012,NC,336,25461
27013,NC,704,6057
27014,NC,336,840
27016,NC,336,1936
27017,NC,336,9597
27018,NC,336,7655
27019,NC,336,4032
27020,NC,336,6421
27021,NC,336,18106
27022,NC,336,1560
27023,NC,336,11873
27024,NC,336,2733
27025,NC,336,11138
27027,NC,336,4385
27028,NC,336,25839
27030,NC,336,38374
27040,NC,336,10893
27041,NC,336,7554
27042,NC,336,834
27043,NC,336,6615
27045,NC,336,8536
27046,NC,336,2024
27047,NC,336,1191
27048,NC,336,8609
27050,NC,336,3893
27051,NC,336,7369
27052,NC,336,10624
27053,NC,336,3007
27054,NC,704,2567
27055,NC,336,14200
27101,NC,336,18901
27103,NC,336,33208
27104,NC,336,28485
27105,NC,336,39568
27106,NC,336,45015
27107,NC,336,46963
27109,NC,336,2539
27110,NC,704,2127
27127,NC,336,34138
27201,NC,704,63
27203,NC,336,21108
27205,NC,336,33216
27207,NC,919,3795
27208,NC,336,1676
27209,NC,910,3933
27212,NC,336,2580
27214,NC,336,10294
27215,NC,336,38807
27217,NC,336,36954
27229,NC,910,3929
27231,NC,919,2148
27233,NC,336,3390
27235,NC,336,4136
27239,NC,336,9079
27242,NC,910,2100
27243,NC,919,4337
27244,NC,336,14173
27248,NC,336,4524
27249,NC,336,12486
27252,NC,919,2003
27253,NC,336,29827
27258,NC,336,6006
27260,NC,336,24023
27262,NC,336,23934
27263,NC,336,21414
27265,NC,336,46690
27278,NC,919,24286
27281,NC,910,3100
27282,NC,336,15906
27283,NC,336,3141
27284,NC,336,51136
27288,NC,336,24071
27291,NC,336,1662
27292,NC,336,39787
27295,NC,336,37211
27298,NC,336,10336
27299,NC,336,5190
27301,NC,336,8750
27302,NC,336,26412
27305,NC,336,1685
27306,NC,910,6176
27310,NC,336,6710
27311,NC,336,3402
27312,NC,919,18306
27313,NC,336,6962
27314,NC,336,1051
27315,NC,336,2243
27316,NC,336,6650
27317,NC,336,16959
27320,NC,336,39351
27325,NC,910,6704
27326,NC,336,4008
27330,NC,919,37947
27332,NC,919,30236
27340,NC,704,120
27341,NC,336,5360
27343,NC,336,1716
27344,NC,919,18022
27349,NC,336,5511
27350,NC,336,6530
27355,NC,336,2660
27356,NC,910,3205
27357,NC,336,7894
27358,NC,336,14075
27360,NC,336,46084
27370,NC,336,15052
27371,NC,910,8132
27376,NC,910,9386
27377,NC,336,7104
27379,NC,336,4661
27401,NC,336,21932
27403,NC,336,21958
27405,NC,336,44567
27406,NC,336,56458
27407,NC,336,46242
27408,NC,336,17296
27409,NC,336,15621
27410,NC,336,52388
27455,NC,336,28706
27501,NC,919,17571
27502,NC,919,30831
27503,NC,919,3471
27504,NC,919,14566
27505,NC,919,5896
27507,NC,919,1929
27508,NC,919,2053
27509,NC,919,10167
27510,NC,919,14644
27511,NC,919,32029
27513,NC,919,40755
27514,NC,919,32110
27516,NC,919,36139
27517,NC,919,23346
27518,NC,704,19630
27519,NC,919,39178
27520,NC,919,36357
27521,NC,910,6035
27522,NC,919,12335
27523,NC,704,9552
27524,NC,919,12338
27525,NC,919,13338
27526,NC,919,38894
27527,NC,704,18216
27529,NC,919,42128
27530,NC,919,40117
27531,NC,919,594
27534,NC,919,31364
27536,NC,252,17289
27537,NC,252,24319
27539,NC,919,18692
27540,NC,919,29363
27541,NC,336,3770
27542,NC,919,9133
27544,NC,252,4449
27545,NC,919,23006
27546,NC,910,19471
27549,NC,919,24112
27551,NC,252,1962
27553,NC,252,2937
27555,NC,919,441
27556,NC,252,346
27557,NC,919,7509
27559,NC,919,2288
27560,NC,919,22623
27562,NC,919,1938
27563,NC,252,5008
27565,NC,919,25255
27568,NC,919,480
27569,NC,919,8022
27571,NC,919,3893
27572,NC,919,6546
27573,NC,336,11414
27574,NC,336,14373
27576,NC,919,17091
27577,NC,919,22911
27581,NC,919,3049
27582,NC,919,289
27583,NC,336,6921
27587,NC,919,53078
27589,NC,252,8370
27591,NC,919,19589
27592,NC,919,15244
27596,NC,919,15619
27597,NC,919,22181
27601,NC,919,9450
27603,NC,919,47033
27604,NC,919,42204
27605,NC,919,4495
27606,NC,919,43210
27607,NC,919,25188
27608,NC,919,10429
27609,NC,919,32964
27610,NC,919,81219
27612,NC,919,35028
27613,NC,919,42690
27614,NC,919,31516
27615,NC,919,42166
27616,NC,919,42294
27617,NC,919,15199
27701,NC,919,21288
27703,NC,919,41937
27704,NC,919,34517
27705,NC,919,46282
27707,NC,919,45023
27709,NC,919,1047
27712,NC,919,20035
27713,NC,919,46660
27801,NC,252,21740
27803,NC,252,21227
27804,NC,252,29058
27805,NC,252,3992
27806,NC,252,2331
27807,NC,252,6629
27808,NC,252,2225
27809,NC,252,5091
27810,NC,252,4377
27812,NC,252,2593
27813,NC,704,747
27814,NC,252,1676
27816,NC,252,2516
27817,NC,252,7358
27818,NC,252,1344
27819,NC,252,330
27820,NC,252,3088
27821,NC,252,358
27822,NC,252,8143
27823,NC,252,8201
27824,NC,252,1476
27825,NC,252,103
27826,NC,252,1379
27827,NC,704,33
27828,NC,252,9071
27829,NC,252,1930
27830,NC,919,4755
27831,NC,252,3908
27832,NC,252,2847
27834,NC,252,52914
27837,NC,252,5903
27839,NC,252,4001
27840,NC,252,514
27841,NC,252,84
27842,NC,252,1493
27843,NC,252,1157
27844,NC,252,2950
27845,NC,252,2394
27846,NC,252,2988
27847,NC,252,936
27849,NC,252,1544
27850,NC,252,7247
27851,NC,252,5268
27852,NC,252,2977
27853,NC,252,673
27855,NC,252,6456
27856,NC,252,17141
27857,NC,252,1298
27858,NC,252,55781
27860,NC,252,2246
27861,NC,252,71
27862,NC,252,877
27863,NC,919,11735
27864,NC,252,4779
27865,NC,252,1927
27866,NC,252,855
27869,NC,252,2258
27870,NC,252,27236
27871,NC,252,4619
27872,NC,252,375
27873,NC,252,397
27874,NC,252,4861
27875,NC,252,517
27876,NC,252,1302
27878,NC,252,1931
27879,NC,704,311
27880,NC,252,3304
27881,NC,704,61
27882,NC,252,7413
27883,NC,252,3565
27884,NC,252,1282
27885,NC,252,984
27886,NC,252,21591
27888,NC,252,2560
27889,NC,252,27468
27890,NC,252,2521
27891,NC,252,5227
27892,NC,252,15182
27893,NC,252,39723
27896,NC,252,20130
27897,NC,252,2265
27909,NC,252,40699
27910,NC,252,12007
27915,NC,252,777
27916,NC,252,747
27917,NC,252,833
27919,NC,252,1130
27920,NC,252,1326
27921,NC,252,4805
27922,NC,252,1030
27923,NC,252,598
27924,NC,252,3140
27925,NC,252,4217
27926,NC,252,1915
27927,NC,252,542
27928,NC,252,1986
27929,NC,252,1166
27932,NC,252,12562
27935,NC,252,1698
27936,NC,252,1091
27937,NC,252,4333
27938,NC,252,1505
27939,NC,252,2361
27941,NC,252,536
27942,NC,252,901
27943,NC,252,504
27944,NC,252,11909
27946,NC,252,1207
27947,NC,252,1230
27948,NC,252,10862
27949,NC,252,6947
27950,NC,252,2006
27953,NC,252,1021
27954,NC,252,6111
27956,NC,252,340
27957,NC,252,1356
27958,NC,252,10144
27959,NC,252,2789
27960,NC,252,948
27962,NC,252,7792
27964,NC,252,545
27965,NC,252,527
27966,NC,252,1052
27967,NC,252,366
27968,NC,252,298
27970,NC,252,3409
27972,NC,252,244
27973,NC,252,1323
27974,NC,252,1285
27976,NC,252,3449
27978,NC,252,225
27979,NC,252,1719
27980,NC,252,2182
27981,NC,252,1643
27982,NC,252,82
27983,NC,252,10416
27985,NC,252,283
27986,NC,252,2430
28001,NC,704,26760
28006,NC,704,1130
28007,NC,704,611
28009,NC,704,1121
28012,NC,704,20048
28016,NC,704,13463
28017,NC,704,695
28018,NC,828,5562
28019,NC,704,123
28020,NC,704,2322
28021,NC,704,13612
28023,NC,704,14175
28025,NC,704,49160
28027,NC,704,55435
28031,NC,704,24390
28032,NC,704,3105
28033,NC,704,2749
28034,NC,704,16642
28036,NC,704,14654
28037,NC,704,18287
28039,NC,704,116
28040,NC,828,7969
28043,NC,828,21055
28052,NC,704,34932
28054,NC,704,36270
28056,NC,704,31418
28071,NC,704,2802
28072,NC,704,1357
28073,NC,704,5621
28075,NC,704,16143
28076,NC,704,722
28077,NC,704,482
28078,NC,704,52133
28079,NC,704,31979
28080,NC,704,7299
28081,NC,704,25190
28083,NC,704,23820
28086,NC,704,25895
28088,NC,704,2862
28089,NC,704,248
28090,NC,704,8342
28091,NC,704,2158
28092,NC,704,38570
28097,NC,704,5369
28098,NC,704,3579
28101,NC,704,698
28102,NC,704,78
28103,NC,704,10311
28104,NC,704,28040
28105,NC,704,39586
28107,NC,704,6422
28108,NC,704,54
28109,NC,704,387
28110,NC,704,50365
28112,NC,704,26311
28114,NC,828,7554
28115,NC,704,34339
28117,NC,704,35454
28119,NC,704,2801
28120,NC,704,19807
28124,NC,704,6622
28125,NC,704,2525
28127,NC,704,7594
28128,NC,704,7476
28129,NC,704,5399
28133,NC,704,2878
28134,NC,704,9453
28135,NC,704,6123
28137,NC,704,3120
28138,NC,704,10495
28139,NC,828,20111
28144,NC,704,24734
28146,NC,704,27614
28147,NC,704,24697
28150,NC,704,28098
28152,NC,704,24735
28159,NC,704,3108
28160,NC,828,3929
28163,NC,704,5233
28164,NC,704,14085
28166,NC,704,8619
28167,NC,828,2362
28168,NC,704,10230
28169,NC,704,173
28170,NC,704,12355
28173,NC,704,45097
28174,NC,704,8608
28202,NC,704,11195
28203,NC,704,11315
28204,NC,704,4796
28205,NC,704,43931
28206,NC,704,11898
28207,NC,704,9280
28208,NC,704,34167
28209,NC,704,20317
28210,NC,704,42263
28211,NC,704,28523
28212,NC,704,38457
28213,NC,704,37309
28214,NC,704,34721
28215,NC,704,53629
28216,NC,704,47208
28217,NC,704,24204
28226,NC,704,37286
28227,NC,704,49635
28244,NC,704,0
28262,NC,704,37547
28269,NC,704,78540
28270,NC,704,31525
28273,NC,704,31478
28277,NC,704,59664
28278,NC,704,19283
28280,NC,704,10
28282,NC,704,0
28301,NC,910,17165
28303,NC,910,30909
28304,NC,910,37147
28305,NC,910,6073
28306,NC,910,39683
28307,NC,910,17631
28308,NC,910,405
28310,NC,910,3459
28311,NC,910,34567
28312,NC,704,18538
28314,NC,910,54520
28315,NC,910,11681
28318,NC,910,4627
28320,NC,910,9229
28323,NC,910,3182
28325,NC,919,508
28326,NC,910,17646
28327,NC,910,15433
28328,NC,910,27042
28330,NC,704,346
28332,NC,910,482
28333,NC,919,11830
28334,NC,910,24908
28337,NC,910,10670
28338,NC,910,4607
28339,NC,910,6751
28340,NC,910,10765
28341,NC,910,4257
28342,NC,910,298
28343,NC,910,1685
28344,NC,910,3415
28345,NC,910,12592
28347,NC,910,1983
28348,NC,910,33307
28349,NC,910,3724
28350,NC,910,305
28351,NC,910,4759
28352,NC,910,25641
28356,NC,910,5018
28357,NC,910,3125
28358,NC,910,38738
28360,NC,910,14263
28363,NC,910,1202
28364,NC,910,14809
28365,NC,919,17144
28366,NC,910,5061
28367,NC,910,87
28369,NC,910,2652
28371,NC,910,6519
28372,NC,910,14783
28373,NC,910,2150
28374,NC,910,15990
28375,NC,704,102
28376,NC,910,37991
28377,NC,910,12666
28379,NC,910,26388
28382,NC,910,7056
28383,NC,910,8080
28384,NC,910,12097
28385,NC,910,3029
28386,NC,910,6319
28387,NC,910,13921
28390,NC,910,19942
28391,NC,910,5302
28392,NC,910,1579
28393,NC,910,2005
28394,NC,910,5164
28395,NC,910,2375
28396,NC,910,2732
28398,NC,910,8112
28399,NC,910,2140
28401,NC,910,22094
28403,NC,910,36063
28405,NC,910,29152
28409,NC,910,31296
28411,NC,910,31962
28412,NC,910,35573
28420,NC,910,3886
28421,NC,910,1521
28422,NC,910,6641
28423,NC,910,2290
28424,NC,910,128
28425,NC,910,10906
28428,NC,910,6033
28429,NC,910,8026
28430,NC,910,1900
28431,NC,910,7102
28432,NC,910,1968
28433,NC,910,5050
28434,NC,910,1329
28435,NC,910,2490
28436,NC,910,2203
28438,NC,910,1845
28439,NC,910,1595
28441,NC,910,3198
28442,NC,910,1647
28443,NC,910,17512
28444,NC,910,2085
28445,NC,910,5676
28447,NC,910,1391
28448,NC,910,1243
28449,NC,910,1692
28450,NC,910,2438
28451,NC,910,27112
28452,NC,910,694
28453,NC,910,3829
28454,NC,910,2545
28455,NC,910,2117
28456,NC,910,3658
28457,NC,910,9905
28458,NC,910,6444
28460,NC,910,7652
28461,NC,910,16126
28462,NC,910,11680
28463,NC,910,9799
28464,NC,910,2457
28465,NC,910,6531
28466,NC,910,10103
28467,NC,910,8703
28468,NC,910,4375
28469,NC,910,5839
28470,NC,910,10644
28472,NC,910,19658
28478,NC,910,4588
28479,NC,910,4903
28480,NC,910,2473
28501,NC,252,20389
28504,NC,252,21642
28508,NC,252,2737
28510,NC,252,1502
28511,NC,252,694
28512,NC,252,2896
28513,NC,252,10346
28515,NC,252,2915
28516,NC,252,11431
28518,NC,910,7909
28519,NC,704,404
28520,NC,252,327
28521,NC,910,2287
28523,NC,252,2456
28524,NC,252,426
28525,NC,252,3132
28526,NC,252,2489
28527,NC,252,1140
28528,NC,252,644
28529,NC,252,2193
28530,NC,252,7332
28531,NC,252,1207
28532,NC,252,23320
28533,NC,252,2952
28537,NC,252,137
28538,NC,252,2175
28539,NC,910,15469
28540,NC,910,49252
28543,NC,910,4699
28544,NC,910,5368
28546,NC,910,42696
28547,NC,910,21884
28551,NC,252,14093
28552,NC,252,254
28553,NC,252,454
28554,NC,704,243
28555,NC,910,5175
28556,NC,252,963
28557,NC,252,14429
28560,NC,252,28921
28562,NC,252,36176
28570,NC,252,21432
28571,NC,252,2585
28572,NC,252,6531
28573,NC,252,2176
28574,NC,910,15102
28575,NC,252,316
28577,NC,252,522
28578,NC,919,6363
28579,NC,252,622
28580,NC,252,12657
28581,NC,252,214
28582,NC,910,1588
28583,NC,252,281
28584,NC,252,11396
28585,NC,252,3942
28586,NC,252,8218
28587,NC,252,369
28589,NC,252,180
28590,NC,252,23407
28594,NC,252,3655
28601,NC,828,50026
28602,NC,828,28981
28604,NC,828,6249
28605,NC,828,3412
28606,NC,336,2158
28607,NC,828,33059
28609,NC,828,5864
28610,NC,828,9913
28611,NC,828,885
28612,NC,828,12397
28613,NC,828,22759
28615,NC,336,1876
28616,NC,704,493
28617,NC,336,2261
28618,NC,828,2352
28619,NC,828,1520
28621,NC,336,10472
28622,NC,828,2527
28623,NC,336,1653
28624,NC,336,1639
28625,NC,704,36189
28626,NC,336,2714
28627,NC,336,1152
28628,NC,704,479
28629,NC,336,75
28630,NC,828,20041
28631,NC,336,637
28634,NC,704,5225
28635,NC,336,3901
28636,NC,704,5522
28637,NC,828,1746
28638,NC,828,12302
28640,NC,336,4719
28642,NC,336,5745
28643,NC,336,3521
28644,NC,336,1494
28645,NC,828,47703
28646,NC,828,342
28647,NC,704,89
28649,NC,336,993
28650,NC,828,11883
28651,NC,336,7132
28652,NC,704,46
28654,NC,336,3495
28655,NC,828,54996
28657,NC,828,9488
28658,NC,828,27022
28659,NC,336,21134
28660,NC,704,2249
28662,NC,704,140
28663,NC,336,614
28665,NC,336,2571
28666,NC,704,368
28667,NC,828,559
28668,NC,336,300
28669,NC,336,3146
28670,NC,336,2719
28671,NC,828,597
28672,NC,336,35
28673,NC,704,5919
28675,NC,336,6621
28676,NC,336,3483
28677,NC,704,32940
28678,NC,704,5226
28679,NC,828,2064
28681,NC,828,25910
28682,NC,828,1129
28683,NC,336,1697
28684,NC,336,2141
28685,NC,336,2076
28689,NC,336,1712
28690,NC,828,9295
28692,NC,828,4067
28693,NC,336,1700
28694,NC,336,7744
28697,NC,336,12930
28698,NC,336,2256
28701,NC,828,3635
28702,NC,828,366
28704,NC,828,18821
28705,NC,828,6715
28707,NC,704,94
28708,NC,828,754
28709,NC,828,2225
28711,NC,828,13209
28712,NC,828,19347
28713,NC,828,8686
28714,NC,828,16753
28715,NC,828,24582
28716,NC,828,17477
28717,NC,828,1729
28718,NC,828,553
28719,NC,828,8048
28720,NC,828,114
28721,NC,828,10063
28722,NC,828,6371
28723,NC,828,11329
28725,NC,828,43
28726,NC,828,3203
28729,NC,828,2894
28730,NC,828,9133
28731,NC,828,7778
28732,NC,828,16491
28733,NC,828,21
28734,NC,828,27040
28735,NC,828,256
28736,NC,828,787
28739,NC,828,19786
28740,NC,828,1364
28741,NC,828,3197
28742,NC,828,2710
28743,NC,828,2125
28745,NC,828,551
28746,NC,828,2388
28747,NC,828,2198
28748,NC,828,11334
28749,NC,704,50
28751,NC,828,2916
28752,NC,828,30600
28753,NC,828,11670
28754,NC,828,7679
28756,NC,828,4504
28757,NC,828,280
28759,NC,704,6922
28761,NC,828,7816
28762,NC,828,6857
28763,NC,828,2725
28766,NC,828,1262
28768,NC,828,6813
28771,NC,828,8558
28772,NC,828,1239
28773,NC,828,3378
28774,NC,828,1013
28775,NC,828,296
28777,NC,828,10638
28778,NC,828,10381
28779,NC,828,16111
28781,NC,828,939
28782,NC,828,6584
28783,NC,828,1593
28785,NC,828,7338
28786,NC,828,20714
28787,NC,828,19718
28789,NC,828,5097
28790,NC,828,3205
28791,NC,828,14171
28792,NC,828,32689
28801,NC,828,15019
28803,NC,828,28693
28804,NC,828,20507
28805,NC,828,17620
28806,NC,828,38550
28901,NC,828,5354
28902,NC,828,1373
28904,NC,704,8533
28905,NC,828,3129
28906,NC,828,18475
28909,NC,828,1030
29001,SC,803,2148
29003,SC,803,6989
29006,SC,803,9565
29009,SC,843,2440
29010,SC,803,13491
29014,SC,803,1891
29015,SC,803,1738
29016,SC,803,16393
29018,SC,843,3749
29020,SC,803,22463
29030,SC,803,1967
29031,SC,864,1349
29032,SC,803,4424
29033,SC,803,11603
29036,SC,803,19140
29037,SC,864,824
29038,SC,803,2445
29039,SC,803,4215
29040,SC,803,8767
29042,SC,803,5868
29044,SC,803,5652
29045,SC,803,21871
29046,SC,803,237
29047,SC,803,3683
29048,SC,803,4864
29051,SC,803,951
29052,SC,803,2021
29053,SC,803,18830
29054,SC,803,9612
29055,SC,803,4337
29056,SC,843,2448
29058,SC,803,4746
29059,SC,803,6068
29061,SC,803,13717
29062,SC,803,176
29063,SC,803,32717
29065,SC,803,677
29067,SC,803,10949
29069,SC,843,5020
29070,SC,803,15330
29072,SC,803,49566
29073,SC,803,40775
29074,SC,864,241
29075,SC,803,2963
29078,SC,803,15293
29079,SC,864,151
29080,SC,803,3240
29081,SC,803,1352
29082,SC,843,572
29101,SC,843,3023
29102,SC,803,18248
29104,SC,803,1531
29105,SC,803,1514
29107,SC,803,3166
29108,SC,803,20469
29111,SC,843,1632
29112,SC,803,4712
29113,SC,803,1618
29114,SC,843,2190
29115,SC,803,31128
29117,SC,864,1160
29118,SC,803,15861
29122,SC,864,54
29123,SC,803,7617
29125,SC,803,3072
29126,SC,803,2267
29127,SC,803,8333
29128,SC,803,5866
29129,SC,803,3164
29130,SC,803,6655
29133,SC,803,1044
29135,SC,803,8919
29137,SC,803,2539
29138,SC,864,10883
29142,SC,803,4890
29145,SC,803,837
29146,SC,803,1767
29147,SC,803,0
29148,SC,803,6230
29150,SC,803,40031
29152,SC,803,2393
29153,SC,803,15633
29154,SC,803,28135
29160,SC,803,8255
29161,SC,843,11383
29162,SC,843,4122
29163,SC,803,1975
29164,SC,803,4690
29166,SC,803,904
29168,SC,803,3582
29169,SC,803,22845
29170,SC,803,19988
29172,SC,803,9293
29175,SC,864,378
29178,SC,803,3377
29180,SC,803,14267
29201,SC,803,20594
29202,SC,864,135
29203,SC,803,39843
29204,SC,803,19952
29205,SC,803,24822
29206,SC,803,17788
29207,SC,803,11592
29208,SC,803,695
29209,SC,803,33324
29210,SC,803,40356
29212,SC,803,28798
29223,SC,803,50141
29225,SC,864,1228
29229,SC,803,44229
29301,SC,864,31051
29302,SC,864,16571
29303,SC,864,25058
29306,SC,864,15861
29307,SC,864,18751
29316,SC,864,22281
29320,SC,864,530
29321,SC,864,2596
29322,SC,864,8781
29323,SC,864,14446
29324,SC,864,167
29325,SC,864,15222
29329,SC,864,278
29330,SC,864,8401
29331,SC,864,142
29332,SC,864,2435
29333,SC,864,374
29334,SC,864,11331
29335,SC,864,5654
29338,SC,864,85
29340,SC,864,20763
29341,SC,864,19330
29346,SC,864,307
29349,SC,864,30129
29351,SC,864,1563
29353,SC,864,4174
29355,SC,864,810
29356,SC,864,8074
29360,SC,864,20977
29364,SC,864,592
29365,SC,864,10146
29368,SC,864,68
29369,SC,864,13044
29370,SC,864,1045
29372,SC,864,4507
29373,SC,864,297
29374,SC,864,3534
29375,SC,864,95
29376,SC,864,6909
29377,SC,864,761
29378,SC,864,207
29379,SC,864,19186
29384,SC,864,3945
29385,SC,864,7221
29388,SC,864,14470
29401,SC,843,10895
29403,SC,843,20818
29404,SC,843,1348
29405,SC,843,26328
29406,SC,843,29314
29407,SC,843,34827
29409,SC,843,2100
29410,SC,864,17816
29412,SC,843,35850
29414,SC,843,31883
29418,SC,843,23540
29420,SC,843,21834
29423,SC,864,956
29424,SC,843,389
29426,SC,843,1741
29429,SC,843,2737
29431,SC,843,6071
29432,SC,803,2853
29434,SC,843,537
29435,SC,843,4122
29436,SC,843,4471
29437,SC,843,2380
29438,SC,843,2408
29439,SC,843,2399
29440,SC,843,28469
29445,SC,843,53588
29446,SC,843,1138
29448,SC,843,2356
29449,SC,843,7749
29450,SC,843,3105
29451,SC,843,4205
29452,SC,843,394
29453,SC,843,1252
29455,SC,843,20478
29456,SC,843,27864
29458,SC,843,2713
29461,SC,843,30141
29464,SC,843,43649
29466,SC,843,28725
29468,SC,843,2107
29469,SC,843,855
29470,SC,843,4232
29471,SC,843,1537
29472,SC,843,9416
29474,SC,843,2176
29475,SC,843,2874
29477,SC,843,6789
29479,SC,843,7337
29481,SC,843,1841
29482,SC,843,1791
29483,SC,843,56758
29485,SC,843,45057
29487,SC,843,2725
29488,SC,843,22220
29492,SC,843,10262
29493,SC,843,117
29501,SC,843,43220
29505,SC,843,24279
29506,SC,843,20960
29510,SC,843,11060
29511,SC,843,5146
29512,SC,843,19514
29516,SC,843,829
29518,SC,843,1232
29519,SC,864,285
29520,SC,843,14617
29525,SC,843,2029
29526,SC,843,39033
29527,SC,843,22027
29530,SC,843,2915
29532,SC,843,20871
29536,SC,843,17722
29540,SC,843,5599
29541,SC,843,9465
29543,SC,843,606
29544,SC,843,4909
29545,SC,843,1657
29546,SC,843,2834
29547,SC,843,2917
29550,SC,843,32284
29554,SC,843,9332
29555,SC,843,6440
29556,SC,843,12870
29560,SC,843,13664
29563,SC,843,2676
29564,SC,843,985
29565,SC,843,7127
29566,SC,843,15179
29567,SC,843,564
29568,SC,843,12224
29569,SC,843,15951
29570,SC,843,3913
29571,SC,843,15622
29572,SC,843,7893
29574,SC,843,11909
29575,SC,843,15512
29576,SC,843,24446
29577,SC,843,26996
29579,SC,843,32180
29580,SC,843,1450
29581,SC,843,4650
29582,SC,843,14622
29583,SC,803,5438
29584,SC,843,2563
29585,SC,843,13606
29588,SC,843,36499
29590,SC,843,3677
29591,SC,843,5467
29592,SC,843,1197
29593,SC,843,1954
29594,SC,843,121
29596,SC,843,2424
29601,SC,864,10550
29605,SC,864,34414
29607,SC,864,34487
29609,SC,864,27722
29611,SC,864,28799
29613,SC,864,2334
29614,SC,864,2720
29615,SC,864,35151
29617,SC,864,25685
29620,SC,864,12934
29621,SC,864,39101
29624,SC,864,14610
29625,SC,864,27538
29626,SC,864,12364
29627,SC,864,18367
29628,SC,864,2759
29630,SC,864,14186
29631,SC,864,13318
29634,SC,864,5589
29635,SC,864,1254
29638,SC,864,2944
29639,SC,864,1742
29640,SC,864,30574
29642,SC,864,29561
29643,SC,864,2756
29644,SC,864,18578
29645,SC,864,9982
29646,SC,864,28159
29649,SC,864,26235
29650,SC,864,32632
29651,SC,864,42844
29653,SC,864,4811
29654,SC,864,9937
29655,SC,864,7796
29657,SC,864,15116
29658,SC,864,333
29659,SC,864,118
29661,SC,864,5648
29662,SC,864,15090
29664,SC,864,1808
29665,SC,864,127
29666,SC,864,6590
29667,SC,864,269
29669,SC,864,12387
29670,SC,864,8673
29671,SC,864,18030
29672,SC,864,11868
29673,SC,864,25348
29676,SC,864,5201
29678,SC,864,21676
29680,SC,864,27285
29681,SC,864,46979
29682,SC,864,3818
29683,SC,864,291
29684,SC,864,4862
29685,SC,864,1230
29686,SC,864,1027
29687,SC,864,39561
29689,SC,864,3889
29690,SC,864,20914
29691,SC,864,11333
29692,SC,864,4856
29693,SC,864,14215
29696,SC,864,4125
29697,SC,864,12207
29702,SC,864,10059
29704,SC,803,3721
29706,SC,803,19847
29707,SC,864,17742
29708,SC,803,25035
29709,SC,843,6498
29710,SC,803,29449
29712,SC,803,2317
29714,SC,803,2927
29715,SC,803,24823
29717,SC,803,1251
29718,SC,843,3856
29720,SC,803,46041
29724,SC,864,43
29726,SC,803,1750
29727,SC,843,1650
29728,SC,843,10301
29729,SC,803,2271
29730,SC,803,52365
29732,SC,803,53781
29733,SC,803,1751
29741,SC,843,2082
29742,SC,803,2460
29743,SC,803,1071
29745,SC,803,28919
29801,SC,803,26778
29803,SC,803,36843
29805,SC,803,5864
29809,SC,803,2206
29810,SC,803,4990
29812,SC,803,11864
29816,SC,803,1033
29817,SC,803,4913
29819,SC,864,1523
29821,SC,803,1487
29824,SC,803,8535
29826,SC,803,164
29827,SC,803,4624
29828,SC,803,1003
29829,SC,803,8651
29831,SC,803,4146
29832,SC,803,5335
29834,SC,803,1687
29835,SC,864,6566
29836,SC,803,482
29838,SC,803,501
29840,SC,864,251
29841,SC,803,32494
29842,SC,803,7675
29843,SC,803,1291
29844,SC,864,123
29845,SC,864,1104
29847,SC,803,5480
29848,SC,864,751
29849,SC,803,294
29850,SC,803,111
29851,SC,803,7524
29853,SC,803,6580
29856,SC,803,3255
29860,SC,803,14450
29899,SC,864,1244
29902,SC,843,14779
29904,SC,864,659
29905,SC,843,3054
29906,SC,843,21765
29907,SC,843,12570
29909,SC,843,16394
29910,SC,843,33954
29911,SC,803,1725
29912,SC,843,42
29915,SC,843,416
29916,SC,843,1533
29918,SC,803,5278
29920,SC,843,9481
29921,SC,803,227
29922,SC,803,1214
29923,SC,803,392
29924,SC,803,4331
29926,SC,843,23742
29927,SC,843,8237
29928,SC,843,16110
29929,SC,843,1135
29932,SC,803,269
29934,SC,843,1172
29935,SC,843,3685
29936,SC,843,13354
29939,SC,864,302
29940,SC,843,3967
29941,SC,843,497
29943,SC,843,477
29944,SC,803,5118
29945,SC,843,4841
30002,GA,404,5861
30004,GA,770,53033
30005,GA,770,34442
30008,GA,678,29822
30009,GA,770,13722
30011,GA,770,14402
30012,GA,770,27258
30013,GA,770,25183
30014,GA,770,35037
30016,GA,770,51140
30017,GA,770,20160
30019,GA,770,40447
30021,GA,404,21989
30022,GA,770,64359
30024,GA,770,64614
30025,GA,770,9270
30028,GA,678,22182
30030,GA,404,26473
30032,GA,404,47222
30033,GA,404,30763
30034,GA,404,43113
30035,GA,770,20396
30038,GA,770,37233
30039,GA,770,41517
30040,GA,770,54653
30041,GA,770,52749
30043,GA,770,88050
30044,GA,770,100056
30045,GA,770,34402
30046,GA,770,34523
30047,GA,770,59660
30052,GA,770,59451
30054,GA,770,11985
30055,GA,770,3018
30056,GA,770,2500
30058,GA,770,52945
30060,GA,770,34562
30062,GA,770,62136
30064,GA,770,46076
30066,GA,770,52936
30067,GA,770,45182
30068,GA,770,31595
30070,GA,678,342
30071,GA,770,23005
30072,GA,770,730
30075,GA,770,52573
30076,GA,770,42678
30078,GA,770,33057
30079,GA,404,2960
30080,GA,770,49905
30082,GA,770,25905
30083,GA,404,50384
30084,GA,770,35921
30087,GA,770,36761
30088,GA,770,25257
30092,GA,770,31704
30093,GA,770,53351
30094,GA,770,31244
30096,GA,770,62265
30097,GA,770,41715
30101,GA,770,54373
30102,GA,770,37470
30103,GA,770,14781
30104,GA,706,4708
30105,GA,706,2294
30106,GA,770,20300
30107,GA,770,12908
30108,GA,770,7256
30110,GA,770,13349
30113,GA,770,6218
30114,GA,770,49774
30115,GA,770,35672
30116,GA,770,23156
30117,GA,770,34296
30118,GA,770,2373
30120,GA,770,38085
30121,GA,770,22078
30122,GA,770,21561
30124,GA,706,2978
30125,GA,770,24352
30126,GA,770,37088
30127,GA,678,60347
30132,GA,770,34215
30134,GA,770,43356
30135,GA,770,61912
30137,GA,770,1650
30139,GA,706,3845
30141,GA,770,22457
30143,GA,706,21145
30144,GA,770,52252
30145,GA,770,8378
30147,GA,706,4365
30148,GA,770,453
30149,GA,706,1569
30152,GA,770,40393
30153,GA,770,18411
30157,GA,770,45123
30161,GA,706,35058
30164,GA,770,16
30165,GA,706,39975
30168,GA,770,24241
30170,GA,678,2994
30171,GA,770,3491
30173,GA,706,6221
30175,GA,706,6074
30176,GA,770,7050
30177,GA,770,1049
30178,GA,770,3468
30179,GA,770,16807
30180,GA,770,34274
30182,GA,770,2666
30183,GA,770,5282
30184,GA,770,6847
30185,GA,770,3892
30187,GA,770,8740
30188,GA,770,52380
30189,GA,770,36859
30204,GA,770,13493
30205,GA,770,3061
30206,GA,770,2958
30213,GA,770,29384
30214,GA,770,28913
30215,GA,770,33665
30216,GA,770,2159
30217,GA,706,9433
30218,GA,706,1974
30220,GA,770,5533
30222,GA,706,4042
30223,GA,678,36769
30224,GA,770,25197
30228,GA,770,38569
30230,GA,706,9103
30233,GA,770,23218
30234,GA,770,1934
30236,GA,770,46434
30238,GA,678,34713
30240,GA,706,30014
30241,GA,706,23176
30248,GA,770,23249
30250,GA,770,679
30251,GA,678,2342
30252,GA,770,41428
30253,GA,770,49380
30256,GA,706,2826
30257,GA,770,4138
30258,GA,706,2622
30259,GA,770,3041
30260,GA,770,23244
30263,GA,770,53008
30265,GA,770,31713
30268,GA,770,9090
30269,GA,770,35069
30273,GA,770,14709
30274,GA,678,31893
30275,GA,770,19
30276,GA,770,13866
30277,GA,770,20270
30281,GA,770,70433
30284,GA,770,55
30285,GA,706,707
30286,GA,706,23490
30288,GA,404,8929
30289,GA,770,82
30290,GA,770,8286
30291,GA,770,21010
30292,GA,770,5943
30293,GA,706,2981
30294,GA,404,39865
30295,GA,678,4159
30296,GA,770,25840
30297,GA,404,27188
30301,GA,770,498715
30303,GA,404,5934
30305,GA,404,22999
30306,GA,404,22246
30307,GA,404,18004
30308,GA,404,15413
30309,GA,404,21845
30310,GA,404,26912
30311,GA,404,32218
30312,GA,404,19360
30313,GA,404,9495
30314,GA,404,22020
30315,GA,404,33857
30316,GA,404,31110
30317,GA,404,11970
30318,GA,404,49736
30319,GA,404,38423
30322,GA,404,2023
30324,GA,404,24267
30326,GA,404,4802
30327,GA,404,22208
30328,GA,770,30348
30329,GA,404,28539
30331,GA,404,54094
30332,GA,404,2970
30334,GA,404,1
30336,GA,404,971
30337,GA,404,11505
30338,GA,770,33617
30339,GA,770,18304
30340,GA,770,29394
30341,GA,770,31793
30342,GA,404,29879
30344,GA,404,31776
30345,GA,678,23129
30346,GA,770,4696
30349,GA,404,78431
30350,GA,770,34740
30354,GA,404,14857
30360,GA,678,14536
30363,GA,770,2680
30401,GA,478,13500
30410,GA,912,2168
30411,GA,912,4371
30412,GA,912,80
30413,GA,478,1575
30415,GA,912,6780
30417,GA,912,11090
30420,GA,912,1460
30421,GA,912,3381
30423,GA,770,120
30425,GA,478,1198
30426,GA,843,1100
30427,GA,912,12864
30428,GA,912,2766
30429,GA,912,205
30434,GA,478,5728
30436,GA,912,11961
30438,GA,912,74
30439,GA,912,10877
30441,GA,478,1663
30442,GA,478,7698
30445,GA,912,3285
30446,GA,912,1357
30448,GA,912,81
30449,GA,912,119
30450,GA,912,2583
30451,GA,770,33
30452,GA,912,1567
30453,GA,912,9703
30454,GA,478,538
30455,GA,912,597
30456,GA,478,2119
30457,GA,912,6424
30458,GA,912,41139
30460,GA,912,427
30461,GA,912,13390
30464,GA,912,78
30467,GA,912,12600
30470,GA,912,517
30471,GA,478,4702
30473,GA,912,2972
30474,GA,912,16594
30475,GA,770,52
30477,GA,478,3070
30501,GA,770,28048
30504,GA,678,22463
30506,GA,770,41667
30507,GA,678,28399
30510,GA,706,8291
30511,GA,706,3186
30512,GA,706,19490
30513,GA,706,11172
30516,GA,706,2054
30517,GA,706,11963
30518,GA,770,45211
30519,GA,770,39812
30520,GA,706,4426
30521,GA,706,4944
30522,GA,706,1092
30523,GA,706,12904
30525,GA,706,7364
30527,GA,678,4043
30528,GA,706,22679
30529,GA,706,10920
30530,GA,706,6752
30531,GA,706,11279
30533,GA,706,25296
30534,GA,770,26685
30535,GA,706,7042
30536,GA,770,8363
30537,GA,706,1249
30538,GA,706,2854
30540,GA,706,17297
30541,GA,706,1603
30542,GA,770,31946
30543,GA,770,4487
30545,GA,706,936
30546,GA,706,6496
30547,GA,706,3268
30548,GA,770,15870
30549,GA,706,22500
30552,GA,706,1697
30553,GA,706,7232
30554,GA,678,8535
30555,GA,706,2061
30557,GA,706,4975
30558,GA,706,5456
30559,GA,706,4333
30560,GA,706,4599
30562,GA,706,1128
30563,GA,706,5373
30564,GA,770,4463
30565,GA,706,4758
30566,GA,770,7906
30567,GA,706,2981
30568,GA,706,1877
30571,GA,706,3682
30572,GA,706,1260
30573,GA,706,163
30575,GA,706,1375
30576,GA,706,2521
30577,GA,706,22230
30581,GA,770,73
30582,GA,706,4567
30601,GA,706,20835
30602,GA,706,2409
30605,GA,706,39952
30606,GA,706,40225
30607,GA,706,10895
30609,GA,706,1956
30619,GA,706,1440
30620,GA,770,12486
30621,GA,706,5109
30622,GA,706,10344
30623,GA,706,154
30624,GA,706,2611
30625,GA,706,2438
30627,GA,706,2273
30628,GA,706,6556
30629,GA,706,4531
30630,GA,706,2438
30631,GA,706,1767
30633,GA,706,8474
30634,GA,706,2281
30635,GA,706,16109
30641,GA,770,1810
30642,GA,706,11001
30643,GA,706,16382
30646,GA,706,6946
30648,GA,706,2988
30650,GA,706,11708
30655,GA,770,24136
30656,GA,770,15133
30660,GA,706,1191
30662,GA,706,8537
30663,GA,706,3032
30664,GA,706,38
30665,GA,706,80
30666,GA,678,8659
30667,GA,706,1035
30668,GA,706,1924
30669,GA,706,3313
30673,GA,706,7897
30677,GA,706,17065
30678,GA,706,1294
30680,GA,678,37837
30683,GA,706,6749
30701,GA,706,40053
30705,GA,706,33566
30707,GA,706,16483
30708,GA,770,293
30710,GA,706,6661
30711,GA,706,3569
30720,GA,706,26895
30721,GA,706,53601
30725,GA,706,4647
30726,GA,770,56
30728,GA,706,19612
30730,GA,706,1993
30731,GA,706,2428
30733,GA,706,2080
30734,GA,706,3466
30735,GA,706,6153
30736,GA,706,41029
30738,GA,706,3799
30739,GA,706,5571
30740,GA,706,8600
30741,GA,706,29290
30742,GA,706,7460
30746,GA,706,1223
30747,GA,706,16859
30750,GA,706,4125
30751,GA,706,91
30752,GA,706,9800
30753,GA,706,6697
30755,GA,706,9590
30756,GA,770,74
30757,GA,706,1787
30802,GA,706,6321
30803,GA,706,741
30805,GA,706,2734
30807,GA,706,92
30808,GA,706,4615
30809,GA,706,38168
30810,GA,706,2138
30812,GA,770,363
30813,GA,706,30415
30814,GA,706,8150
30815,GA,706,39640
30816,GA,706,2109
30817,GA,706,7676
30818,GA,706,555
30820,GA,706,1205
30821,GA,706,882
30822,GA,478,526
30823,GA,478,1800
30824,GA,706,17201
30828,GA,706,4368
30830,GA,706,13966
30833,GA,706,4043
30901,GA,706,16445
30903,GA,706,585
30904,GA,706,25666
30905,GA,706,8955
30906,GA,706,57748
30907,GA,706,50913
30909,GA,706,41585
30912,GA,706,296
31001,GA,229,4816
31002,GA,478,2910
31003,GA,478,112
31005,GA,478,15102
31006,GA,478,4923
31007,GA,478,1117
31008,GA,478,18453
31009,GA,478,1477
31011,GA,229,923
31012,GA,478,2683
31014,GA,478,13756
31015,GA,229,21938
31016,GA,478,1517
31017,GA,478,1985
31018,GA,478,2837
31019,GA,478,2318
31020,GA,478,2541
31021,GA,478,28549
31022,GA,478,1424
31023,GA,478,15383
31024,GA,706,20039
31025,GA,478,1226
31027,GA,478,10012
31028,GA,478,5912
31029,GA,478,16287
31030,GA,478,18977
31031,GA,478,6576
31032,GA,478,13993
31033,GA,478,2660
31035,GA,478,1364
31036,GA,478,12998
31037,GA,229,4313
31038,GA,478,761
31039,GA,770,74
31041,GA,478,988
31042,GA,478,1841
31044,GA,478,2911
31045,GA,706,73
31046,GA,478,3343
31047,GA,478,11193
31049,GA,478,1806
31050,GA,770,965
31051,GA,770,187
31052,GA,478,8652
31054,GA,478,1671
31055,GA,229,8245
31057,GA,478,2182
31058,GA,229,2123
31060,GA,229,1915
31061,GA,478,43755
31062,GA,478,495
31063,GA,478,5666
31064,GA,706,9450
31065,GA,478,1118
31066,GA,478,1147
31067,GA,770,222
31068,GA,478,5425
31069,GA,478,18948
31070,GA,229,998
31071,GA,229,1199
31072,GA,229,1326
31075,GA,478,2496
31076,GA,478,3064
31077,GA,229,1275
31078,GA,478,3566
31079,GA,229,2398
31081,GA,478,251
31082,GA,478,10408
31083,GA,770,362
31084,GA,229,129
31085,GA,706,1043
31087,GA,706,9656
31088,GA,478,50163
31089,GA,478,4838
31090,GA,478,1038
31091,GA,478,5189
31092,GA,229,7420
31093,GA,478,28087
31094,GA,478,1114
31096,GA,478,7395
31097,GA,706,1302
31098,GA,478,2888
31201,GA,478,8761
31204,GA,478,31482
31206,GA,478,29072
31207,GA,478,974
31210,GA,478,30968
31211,GA,478,16282
31213,GA,478,0
31216,GA,478,16109
31217,GA,478,18408
31220,GA,478,13839
31301,GA,912,4591
31302,GA,912,7853
31303,GA,912,1999
31304,GA,770,132
31305,GA,912,5989
31307,GA,770,998
31308,GA,912,7305
31309,GA,912,1210
31312,GA,912,16443
31313,GA,912,40302
31314,GA,912,1931
31315,GA,912,7488
31316,GA,912,9749
31318,GA,770,341
31320,GA,912,8794
31321,GA,912,6326
31322,GA,912,21137
31323,GA,912,1762
31324,GA,912,20495
31326,GA,912,19269
31327,GA,912,195
31328,GA,912,3306
31329,GA,912,9034
31331,GA,912,7856
31401,GA,912,21696
31404,GA,912,31024
31405,GA,912,37207
31406,GA,912,33965
31407,GA,912,7244
31408,GA,912,9952
31409,GA,770,652
31410,GA,912,23654
31411,GA,912,8384
31415,GA,912,12091
31419,GA,912,50954
31501,GA,912,15576
31503,GA,912,21116
31510,GA,912,9848
31512,GA,912,2248
31513,GA,912,16084
31516,GA,912,14735
31518,GA,912,704
31519,GA,912,3569
31520,GA,912,22336
31522,GA,912,14447
31523,GA,912,13229
31524,GA,770,0
31525,GA,912,28247
31527,GA,912,805
31532,GA,912,727
31533,GA,912,17494
31535,GA,912,11264
31537,GA,912,10097
31539,GA,912,14468
31542,GA,912,2811
31543,GA,912,4796
31544,GA,229,994
31545,GA,912,16133
31546,GA,912,8095
31547,GA,912,1293
31548,GA,912,20020
31549,GA,912,2239
31550,GA,912,780
31551,GA,912,1020
31552,GA,912,932
31553,GA,912,5237
31554,GA,912,7076
31555,GA,912,2868
31556,GA,912,67
31557,GA,912,3043
31558,GA,912,20373
31560,GA,912,2842
31561,GA,912,298
31562,GA,770,2177
31563,GA,912,1324
31565,GA,912,1841
31566,GA,912,3471
31567,GA,912,782
31568,GA,912,1273
31569,GA,912,5580
31601,GA,229,32730
31602,GA,229,34702
31605,GA,229,20188
31606,GA,229,3861
31620,GA,229,10690
31622,GA,229,2178
31623,GA,912,120
31624,GA,912,1273
31625,GA,229,1171
31626,GA,229,3463
31627,GA,229,239
31629,GA,229,902
31630,GA,912,419
31631,GA,912,559
31632,GA,229,10295
31634,GA,912,5844
31635,GA,229,6560
31636,GA,229,9539
31637,GA,229,2848
31638,GA,229,1045
31639,GA,229,10537
31641,GA,229,1831
31642,GA,912,4898
31643,GA,229,8709
31645,GA,229,5147
31647,GA,229,3535
31648,GA,229,1040
31649,GA,770,1056
31650,GA,912,3311
31698,GA,770,2223
31699,GA,770,621
31701,GA,229,20552
31705,GA,229,35565
31707,GA,229,25299
31709,GA,229,16019
31711,GA,229,867
31712,GA,229,1263
31714,GA,229,6474
31716,GA,229,2896
31719,GA,229,10977
31720,GA,229,455
31721,GA,229,20095
31722,GA,229,494
31730,GA,229,9682
31733,GA,229,1580
31735,GA,229,817
31738,GA,229,2102
31743,GA,229,630
31744,GA,229,3202
31747,GA,229,281
31749,GA,229,2783
31750,GA,229,18687
31756,GA,229,966
31757,GA,229,10451
31763,GA,229,23304
31764,GA,229,1296
31765,GA,229,2647
31768,GA,229,23617
31771,GA,229,5666
31772,GA,229,482
31773,GA,229,3729
31774,GA,229,6714
31775,GA,229,2979
31778,GA,229,2562
31779,GA,229,9927
31780,GA,229,2285
31781,GA,229,1752
31783,GA,229,1107
31784,GA,229,781
31787,GA,229,1488
31788,GA,229,10602
31789,GA,229,1236
31790,GA,229,2078
31791,GA,229,12354
31792,GA,229,23835
31793,GA,229,9043
31794,GA,229,27153
31795,GA,229,2010
31796,GA,229,1112
31798,GA,229,983
31801,GA,229,3008
31803,GA,229,5662
31804,GA,706,5934
31805,GA,706,3191
31806,GA,229,4962
31807,GA,706,2483
31808,GA,706,6679
31810,GA,706,225
31811,GA,706,5103
31812,GA,770,565
31814,GA,229,272
31815,GA,229,3675
31816,GA,706,6091
31820,GA,706,8473
31821,GA,229,250
31822,GA,706,5429
31823,GA,706,754
31824,GA,229,1838
31825,GA,229,2312
31826,GA,706,2350
31827,GA,706,2134
31829,GA,706,1370
31830,GA,706,2191
31831,GA,706,3095
31832,GA,229,217
31833,GA,706,6900
31836,GA,706,1154
31901,GA,706,8638
31903,GA,706,20128
31904,GA,706,32871
31905,GA,706,16044
31906,GA,706,21757
31907,GA,706,55332
31909,GA,706,35177
32003,FL,904,27126
32008,FL,386,5309
32009,FL,904,3325
32011,FL,904,13854
32024,FL,386,18733
32025,FL,386,22380
32026,FL,305,1959
32033,FL,904,4118
32034,FL,904,31008
32038,FL,386,9228
32040,FL,904,7604
32043,FL,904,24632
32044,FL,352,2060
32046,FL,904,9410
32052,FL,386,9223
32053,FL,386,3869
32054,FL,386,12307
32055,FL,386,16570
32058,FL,904,4416
32059,FL,850,2377
32060,FL,386,21363
32061,FL,305,283
32062,FL,386,2449
32063,FL,904,13429
32064,FL,386,6860
32065,FL,904,32770
32066,FL,386,7312
32068,FL,904,50815
32071,FL,386,3671
32072,FL,305,324
32073,FL,904,38920
32079,FL,904,433
32080,FL,904,20165
32081,FL,305,4524
32082,FL,904,28996
32083,FL,386,4690
32084,FL,904,29729
32086,FL,904,24546
32087,FL,904,5518
32091,FL,904,15472
32092,FL,904,28242
32094,FL,386,2724
32095,FL,904,7302
32096,FL,386,2635
32097,FL,904,15616
32102,FL,352,2565
32110,FL,386,7600
32112,FL,386,7713
32113,FL,352,6627
32114,FL,386,32084
32117,FL,386,24170
32118,FL,386,16961
32119,FL,386,20189
32124,FL,386,5986
32127,FL,386,29413
32128,FL,386,16910
32129,FL,386,20104
32130,FL,386,5474
32131,FL,386,4701
32132,FL,386,7265
32133,FL,305,137
32134,FL,352,8084
32136,FL,386,7080
32137,FL,386,37821
32139,FL,386,1129
32140,FL,386,1741
32141,FL,386,17603
32145,FL,386,5456
32147,FL,305,593
32148,FL,386,11201
32157,FL,386,407
32159,FL,352,28867
32162,FL,352,45180
32164,FL,386,41616
32168,FL,386,23642
32169,FL,386,9816
32174,FL,386,47552
32176,FL,386,14339
32177,FL,386,27132
32179,FL,352,8156
32180,FL,386,4218
32181,FL,386,2551
32187,FL,386,1713
32189,FL,386,5807
32190,FL,386,1170
32193,FL,386,825
32195,FL,352,3328
32202,FL,904,7915
32204,FL,904,6906
32205,FL,904,28225
32206,FL,904,17669
32207,FL,904,33306
32208,FL,904,30879
32209,FL,904,34305
32210,FL,904,59080
32211,FL,904,30501
32212,FL,904,1959
32216,FL,904,34876
32217,FL,904,18817
32218,FL,904,53473
32219,FL,904,11886
32220,FL,904,12946
32221,FL,904,27918
32222,FL,904,8691
32223,FL,904,23980
32224,FL,904,38934
32225,FL,904,52485
32226,FL,904,15761
32227,FL,904,2149
32228,FL,305,314
32233,FL,904,23673
32234,FL,904,6606
32244,FL,904,57369
32246,FL,904,48789
32250,FL,904,25356
32254,FL,904,13570
32256,FL,904,38483
32257,FL,904,36430
32258,FL,904,26759
32259,FL,904,36917
32266,FL,904,7037
32277,FL,904,29517
32301,FL,850,29321
32303,FL,850,47359
32304,FL,850,46145
32305,FL,850,20073
32308,FL,850,21586
32309,FL,850,30159
32310,FL,850,17402
32311,FL,850,17493
32312,FL,850,31869
32317,FL,850,14067
32320,FL,850,3858
32321,FL,850,6460
32322,FL,850,4007
32323,FL,850,217
32324,FL,850,5445
32327,FL,850,26953
32328,FL,850,3149
32330,FL,850,804
32331,FL,850,4242
32332,FL,850,1642
32333,FL,850,11330
32334,FL,850,1904
32336,FL,850,1391
32340,FL,850,11808
32343,FL,850,3044
32344,FL,850,13193
32346,FL,850,1693
32347,FL,850,8057
32348,FL,850,12442
32350,FL,850,1417
32351,FL,850,17486
32352,FL,850,6638
32355,FL,850,312
32356,FL,352,129
32358,FL,850,2145
32359,FL,352,1721
32361,FL,305,252
32399,FL,850,2
32401,FL,850,22647
32403,FL,850,2995
32404,FL,850,38425
32405,FL,850,29980
32407,FL,850,9347
32408,FL,850,15352
32409,FL,850,8691
32410,FL,850,740
32413,FL,850,13128
32420,FL,850,2144
32421,FL,850,4497
32423,FL,850,1264
32424,FL,850,7994
32425,FL,850,14268
32426,FL,850,942
32427,FL,850,1475
32428,FL,850,17412
32430,FL,850,1199
32431,FL,850,4983
32432,FL,305,89
32433,FL,850,16025
32435,FL,850,6651
32437,FL,850,679
32438,FL,850,4060
32439,FL,850,7715
32440,FL,850,7563
32442,FL,850,3699
32443,FL,850,2921
32444,FL,850,18985
32445,FL,850,2644
32446,FL,850,11075
32447,FL,305,78
32448,FL,850,8684
32449,FL,850,478
32455,FL,850,4736
32456,FL,850,6966
32459,FL,850,11457
32460,FL,850,5856
32461,FL,305,13
32462,FL,850,3412
32463,FL,305,114
32464,FL,850,3994
32465,FL,850,9232
32466,FL,850,5641
32501,FL,850,11730
32502,FL,850,3298
32503,FL,850,32011
32504,FL,850,21441
32505,FL,850,28213
32506,FL,850,33846
32507,FL,850,28996
32508,FL,850,5852
32509,FL,850,660
32511,FL,850,1145
32514,FL,850,37399
32526,FL,850,36297
32530,FL,850,38
32531,FL,850,5296
32533,FL,850,26493
32534,FL,850,14029
32535,FL,850,6326
32536,FL,850,19709
32539,FL,850,25079
32541,FL,850,15565
32542,FL,850,3457
32544,FL,850,1818
32547,FL,850,32485
32548,FL,850,19343
32550,FL,850,5867
32561,FL,850,7899
32563,FL,850,22406
32564,FL,850,2881
32565,FL,850,5719
32566,FL,850,33671
32567,FL,850,3510
32568,FL,850,3122
32569,FL,850,11235
32570,FL,850,28817
32571,FL,850,28881
32577,FL,850,4625
32578,FL,850,30108
32579,FL,850,9997
32580,FL,850,3662
32583,FL,850,25586
32601,FL,352,18585
32603,FL,352,6741
32605,FL,352,22925
32606,FL,352,21833
32607,FL,352,29750
32608,FL,352,45842
32609,FL,352,18756
32612,FL,352,5458
32615,FL,386,14295
32616,FL,352,872
32617,FL,352,4109
32618,FL,352,7732
32619,FL,352,4730
32621,FL,352,5584
32622,FL,352,1294
32625,FL,352,1838
32626,FL,352,8133
32628,FL,352,4850
32631,FL,352,291
32639,FL,352,397
32640,FL,352,10510
32641,FL,352,14291
32643,FL,386,10936
32648,FL,352,437
32653,FL,352,12844
32656,FL,352,14014
32658,FL,305,308
32664,FL,352,510
32666,FL,352,5916
32667,FL,352,3794
32668,FL,352,5082
32669,FL,352,11623
32680,FL,352,10223
32681,FL,352,136
32683,FL,352,151
32686,FL,352,5003
32692,FL,352,295
32693,FL,352,12154
32694,FL,352,2142
32696,FL,352,12071
32697,FL,386,253
32701,FL,407,21577
32702,FL,352,2705
32703,FL,407,46207
32707,FL,407,35335
32708,FL,407,42012
32709,FL,407,2566
32712,FL,407,41769
32713,FL,407,19491
32714,FL,407,34862
32720,FL,386,29700
32724,FL,386,31826
32725,FL,407,44905
32726,FL,352,20029
32730,FL,407,5354
32732,FL,407,5589
32735,FL,352,3903
32736,FL,352,9736
32738,FL,407,43830
32744,FL,386,3588
32746,FL,407,40571
32750,FL,407,22713
32751,FL,407,19928
32754,FL,321,11313
32757,FL,352,23746
32759,FL,386,2871
32763,FL,386,21263
32764,FL,407,3120
32765,FL,407,56349
32766,FL,407,15698
32767,FL,352,2622
32771,FL,407,49481
32773,FL,407,28787
32776,FL,352,10262
32778,FL,352,18617
32779,FL,407,27556
32780,FL,321,34628
32784,FL,352,11432
32789,FL,407,24557
32792,FL,407,46914
32796,FL,321,20139
32798,FL,407,2550
32801,FL,407,12050
32803,FL,407,19020
32804,FL,407,17312
32805,FL,407,21810
32806,FL,407,24820
32807,FL,407,31465
32808,FL,407,46334
32809,FL,407,26773
32810,FL,407,32210
32811,FL,407,35825
32812,FL,407,32844
32814,FL,407,6151
32817,FL,407,35105
32818,FL,407,43911
32819,FL,407,24976
32820,FL,407,7974
32821,FL,407,21423
32822,FL,407,53029
32824,FL,407,37401
32825,FL,407,53024
32826,FL,407,29347
32827,FL,407,6362
32828,FL,407,57881
32829,FL,407,17822
32830,FL,407,26
32831,FL,305,2542
32832,FL,305,13787
32833,FL,407,9241
32835,FL,407,39633
32836,FL,407,16647
32837,FL,407,51219
32839,FL,407,50279
32901,FL,321,24521
32903,FL,321,12869
32904,FL,321,26710
32905,FL,321,22084
32907,FL,321,41870
32908,FL,321,10892
32909,FL,321,30120
32920,FL,321,9848
32922,FL,321,14916
32925,FL,321,1222
32926,FL,321,22752
32927,FL,321,28092
32931,FL,321,13567
32934,FL,321,17338
32935,FL,321,39082
32937,FL,321,24969
32940,FL,321,31999
32948,FL,305,6773
32949,FL,321,2248
32950,FL,321,3982
32951,FL,321,10673
32952,FL,321,19881
32953,FL,321,22754
32955,FL,321,36374
32958,FL,772,25366
32960,FL,772,20037
32962,FL,772,22716
32963,FL,772,14911
32966,FL,561,15626
32967,FL,305,19518
32968,FL,772,12830
32970,FL,305,303
32976,FL,772,9079
33001,FL,305,315
33004,FL,954,15588
33009,FL,954,39341
33010,FL,305,46187
33012,FL,305,71088
33013,FL,305,33852
33014,FL,305,40654
33015,FL,305,63544
33016,FL,305,45342
33018,FL,305,46117
33019,FL,954,15107
33020,FL,954,41329
33021,FL,954,45921
33023,FL,954,63576
33024,FL,954,63916
33025,FL,954,59039
33026,FL,954,28498
33027,FL,954,57663
33028,FL,954,26696
33029,FL,954,45235
33030,FL,305,34110
33031,FL,305,5859
33032,FL,305,34088
33033,FL,305,49028
33034,FL,786,18613
33035,FL,786,13497
33036,FL,305,3035
33037,FL,305,11612
33039,FL,305,122
33040,FL,305,32891
33042,FL,305,5829
33043,FL,305,4313
33050,FL,305,8922
33051,FL,305,796
33054,FL,305,29061
33055,FL,305,43194
33056,FL,305,35059
33060,FL,954,32154
33062,FL,954,23948
33063,FL,954,51019
33064,FL,954,52969
33065,FL,954,51921
33066,FL,954,15760
33067,FL,954,26458
33068,FL,954,49824
33069,FL,954,25700
33070,FL,305,5344
33071,FL,954,36964
33073,FL,954,29168
33076,FL,954,29751
33101,FL,305,0
33109,FL,786,594
33122,FL,305,1
33125,FL,305,52677
33126,FL,305,46867
33127,FL,305,28909
33128,FL,786,7562
33129,FL,305,13833
33130,FL,305,26108
33131,FL,305,14917
33132,FL,786,11165
33133,FL,305,31926
33134,FL,305,37456
33135,FL,305,36066
33136,FL,305,13791
33137,FL,305,19410
33138,FL,305,27571
33139,FL,305,38613
33140,FL,305,21210
33141,FL,305,35249
33142,FL,305,52606
33143,FL,305,31407
33144,FL,305,26903
33145,FL,305,29758
33146,FL,305,14995
33147,FL,305,46933
33149,FL,305,12389
33150,FL,305,27811
33154,FL,305,13971
33155,FL,305,43788
33156,FL,305,31315
33157,FL,305,63226
33158,FL,305,6694
33160,FL,305,40053
33161,FL,305,53710
33162,FL,305,43539
33165,FL,305,56149
33166,FL,305,23038
33167,FL,305,18846
33168,FL,305,25792
33169,FL,305,39353
33170,FL,305,12253
33172,FL,305,37664
33173,FL,305,33141
33174,FL,305,32524
33175,FL,305,53206
33176,FL,305,50170
33177,FL,305,53191
33178,FL,305,39489
33179,FL,305,41332
33180,FL,305,30840
33181,FL,305,18413
33182,FL,305,16929
33183,FL,305,35949
33184,FL,305,21075
33185,FL,305,27189
33186,FL,305,68750
33187,FL,305,16315
33189,FL,305,23828
33190,FL,786,11593
33193,FL,305,46044
33194,FL,305,7742
33196,FL,305,43620
33301,FL,954,14586
33304,FL,954,17724
33305,FL,954,11927
33306,FL,954,3397
33308,FL,954,28217
33309,FL,954,33705
33311,FL,954,63786
33312,FL,954,49343
33313,FL,954,56039
33314,FL,954,21885
33315,FL,954,12153
33316,FL,954,10044
33317,FL,954,35372
33319,FL,954,44420
33321,FL,954,44327
33322,FL,954,37858
33323,FL,954,18929
33324,FL,954,42847
33325,FL,954,27570
33326,FL,954,31257
33327,FL,954,22658
33328,FL,954,27415
33330,FL,954,14107
33331,FL,954,23204
33332,FL,954,11199
33334,FL,954,28749
33351,FL,954,32890
33401,FL,561,24879
33403,FL,561,12042
33404,FL,561,27489
33405,FL,561,19155
33406,FL,561,26312
33407,FL,561,29659
33408,FL,561,16921
33409,FL,561,29140
33410,FL,561,32570
33411,FL,561,73919
33412,FL,561,14414
33413,FL,561,15162
33414,FL,561,53718
33415,FL,561,44963
33417,FL,561,29156
33418,FL,561,36017
33426,FL,561,20082
33428,FL,561,38548
33430,FL,561,21427
33431,FL,561,18290
33432,FL,561,18715
33433,FL,561,41722
33434,FL,561,19260
33435,FL,561,32104
33436,FL,561,41896
33437,FL,561,35938
33438,FL,561,459
33440,FL,863,19743
33441,FL,954,26838
33442,FL,954,28075
33444,FL,561,20221
33445,FL,561,29754
33446,FL,561,22088
33449,FL,305,10817
33455,FL,772,19980
33458,FL,561,49396
33460,FL,561,30790
33461,FL,561,40748
33462,FL,561,30879
33463,FL,561,53766
33467,FL,561,48808
33469,FL,561,14449
33470,FL,561,26551
33471,FL,863,6818
33472,FL,305,19100
33473,FL,305,6265
33476,FL,561,7669
33477,FL,561,13074
33478,FL,561,12704
33480,FL,561,9549
33483,FL,561,12093
33484,FL,561,23443
33486,FL,561,21720
33487,FL,561,16421
33493,FL,561,4926
33496,FL,561,20969
33498,FL,561,14557
33503,FL,305,108
33510,FL,813,27610
33511,FL,813,52003
33513,FL,352,12086
33514,FL,352,1811
33521,FL,352,599
33523,FL,352,18313
33525,FL,352,18439
33527,FL,813,15203
33534,FL,813,12839
33538,FL,352,4789
33540,FL,813,8752
33541,FL,813,19759
33542,FL,813,20824
33543,FL,813,21898
33544,FL,813,22800
33545,FL,305,13996
33547,FL,813,19813
33548,FL,813,5807
33549,FL,813,16132
33556,FL,813,22015
33558,FL,813,20064
33559,FL,813,15427
33563,FL,813,25488
33565,FL,813,17975
33566,FL,813,19522
33567,FL,813,11505
33569,FL,813,23074
33570,FL,813,20758
33572,FL,813,14117
33573,FL,813,19172
33576,FL,813,3784
33578,FL,305,36693
33579,FL,305,25723
33584,FL,813,25392
33585,FL,352,1058
33592,FL,813,10091
33594,FL,813,32677
33596,FL,305,29283
33597,FL,352,8026
33598,FL,813,13665
33602,FL,813,11515
33603,FL,813,19100
33604,FL,813,35485
33605,FL,813,17073
33606,FL,813,17746
33607,FL,813,23541
33609,FL,813,15999
33610,FL,813,39222
33611,FL,813,29478
33612,FL,813,44601
33613,FL,813,31990
33614,FL,813,46449
33615,FL,813,43453
33616,FL,813,13560
33617,FL,813,41443
33618,FL,813,25570
33619,FL,813,34581
33620,FL,813,5158
33621,FL,813,1643
33624,FL,813,37457
33625,FL,813,24645
33626,FL,813,27557
33629,FL,813,23638
33634,FL,813,20225
33635,FL,813,15741
33637,FL,813,15351
33647,FL,813,55034
33701,FL,727,15014
33702,FL,727,29664
33703,FL,727,23680
33704,FL,727,16098
33705,FL,727,26435
33706,FL,727,15901
33707,FL,727,24599
33708,FL,727,15447
33709,FL,727,26023
33710,FL,727,32780
33711,FL,727,19162
33712,FL,727,25066
33713,FL,727,29812
33714,FL,727,18531
33715,FL,727,7407
33716,FL,727,15424
33744,FL,305,148
33755,FL,727,26146
33756,FL,727,31275
33759,FL,727,17820
33760,FL,727,15133
33761,FL,727,18167
33762,FL,727,8499
33763,FL,727,17887
33764,FL,727,24045
33765,FL,727,13275
33767,FL,727,8007
33770,FL,727,25281
33771,FL,727,29839
33772,FL,727,22981
33773,FL,727,16826
33774,FL,727,17712
33776,FL,727,12402
33777,FL,727,17140
33778,FL,727,14263
33781,FL,727,25922
33782,FL,727,20850
33785,FL,727,5533
33786,FL,727,1669
33801,FL,863,33741
33803,FL,863,27094
33805,FL,863,23153
33809,FL,863,28929
33810,FL,863,44254
33811,FL,863,20980
33812,FL,305,13166
33813,FL,863,31698
33815,FL,863,14267
33823,FL,863,28874
33825,FL,863,24942
33827,FL,863,3036
33830,FL,863,27542
33834,FL,863,7448
33837,FL,863,20234
33838,FL,863,3515
33839,FL,863,2756
33841,FL,863,8722
33843,FL,863,11093
33844,FL,863,33804
33847,FL,305,227
33848,FL,407,851
33849,FL,863,856
33850,FL,863,7519
33851,FL,863,907
33852,FL,863,21790
33853,FL,863,11161
33854,FL,305,194
33855,FL,863,43
33856,FL,863,487
33857,FL,863,1728
33859,FL,863,10582
33860,FL,863,22886
33865,FL,863,786
33867,FL,863,106
33868,FL,863,11720
33870,FL,863,20601
33872,FL,863,14158
33873,FL,863,14742
33875,FL,863,11108
33876,FL,863,4968
33877,FL,863,276
33880,FL,863,37798
33881,FL,863,29345
33884,FL,863,28763
33890,FL,863,5060
33896,FL,407,6633
33897,FL,863,14117
33898,FL,863,15355
33901,FL,239,19500
33903,FL,239,20776
33904,FL,239,30613
33905,FL,239,31203
33907,FL,239,22138
33908,FL,239,38251
33909,FL,239,23119
33912,FL,305,15392
33913,FL,305,17103
33914,FL,239,35848
33916,FL,239,20134
33917,FL,239,28666
33919,FL,239,27837
33920,FL,863,4947
33921,FL,941,1720
33922,FL,941,4055
33924,FL,305,761
33928,FL,305,20830
33930,FL,863,1075
33931,FL,239,10005
33935,FL,863,20383
33936,FL,305,18994
33944,FL,863,298
33945,FL,305,57
33946,FL,941,2125
33947,FL,941,8180
33948,FL,941,15958
33950,FL,941,20699
33952,FL,941,28382
33953,FL,941,5522
33954,FL,941,9290
33955,FL,941,10060
33956,FL,239,3776
33957,FL,239,6469
33960,FL,863,854
33965,FL,305,1648
33966,FL,305,8251
33967,FL,305,22799
33971,FL,239,19730
33972,FL,863,10880
33973,FL,305,10798
33974,FL,305,11982
33976,FL,305,12534
33980,FL,941,10322
33981,FL,941,9534
33982,FL,941,9176
33983,FL,941,13954
33990,FL,239,28173
33991,FL,239,18010
33993,FL,305,20628
34101,FL,305,10
34102,FL,239,10460
34103,FL,239,12150
34104,FL,305,23691
34105,FL,305,13933
34108,FL,239,16874
34109,FL,239,23338
34110,FL,239,20762
34112,FL,239,27002
34113,FL,239,17971
34114,FL,239,13653
34116,FL,305,30005
34117,FL,305,14250
34119,FL,305,25756
34120,FL,305,26147
34134,FL,239,14112
34135,FL,941,37315
34137,FL,305,227
34138,FL,305,359
34139,FL,305,561
34140,FL,305,273
34141,FL,239,232
34142,FL,239,27304
34145,FL,305,16407
34201,FL,941,3682
34202,FL,941,19816
34203,FL,941,34862
34205,FL,941,29656
34207,FL,941,29728
34208,FL,941,33121
34209,FL,941,31816
34210,FL,941,15916
34211,FL,941,2775
34212,FL,941,15146
34215,FL,941,768
34216,FL,941,1503
34217,FL,941,5007
34219,FL,941,17135
34221,FL,941,39457
34222,FL,941,11952
34223,FL,941,16875
34224,FL,941,15394
34228,FL,941,6888
34229,FL,941,7192
34231,FL,941,30268
34232,FL,941,30969
34233,FL,941,16653
34234,FL,941,19788
34235,FL,941,13640
34236,FL,941,12394
34237,FL,941,16304
34238,FL,941,17500
34239,FL,941,15038
34240,FL,941,11501
34241,FL,941,13590
34242,FL,941,8865
34243,FL,941,26115
34251,FL,941,6351
34266,FL,863,31055
34268,FL,305,220
34269,FL,863,3615
34275,FL,941,16245
34285,FL,941,17599
34286,FL,941,17970
34287,FL,941,23859
34288,FL,941,10856
34289,FL,941,2199
34291,FL,305,7125
34292,FL,941,13516
34293,FL,941,33001
34420,FL,352,16287
34428,FL,352,9109
34429,FL,352,8563
34431,FL,352,7815
34432,FL,352,12273
34433,FL,352,6647
34434,FL,352,8191
34436,FL,352,7938
34442,FL,352,14568
34445,FL,305,44
34446,FL,352,16326
34448,FL,352,10797
34449,FL,352,2809
34450,FL,352,10293
34452,FL,352,11919
34453,FL,352,10112
34461,FL,352,10562
34465,FL,352,15870
34470,FL,352,17838
34471,FL,352,25152
34472,FL,352,25968
34473,FL,352,17029
34474,FL,352,16062
34475,FL,352,12177
34476,FL,352,20862
34479,FL,352,13032
34480,FL,352,19068
34481,FL,352,17536
34482,FL,352,22500
34484,FL,352,3069
34488,FL,352,10291
34491,FL,352,27454
34498,FL,352,513
34601,FL,352,22336
34602,FL,352,7346
34604,FL,352,10003
34606,FL,352,26208
34607,FL,352,8133
34608,FL,352,31099
34609,FL,352,37129
34610,FL,352,12907
34613,FL,352,17814
34614,FL,352,6692
34637,FL,305,6297
34638,FL,305,20048
34639,FL,813,24092
34652,FL,727,24147
34653,FL,727,30756
34654,FL,727,21716
34655,FL,727,38464
34661,FL,305,297
34667,FL,727,32144
34668,FL,727,42619
34669,FL,727,12648
34677,FL,813,20842
34679,FL,305,99
34681,FL,305,1294
34683,FL,727,31268
34684,FL,727,25847
34685,FL,727,17286
34688,FL,727,7274
34689,FL,727,26132
34690,FL,727,13137
34691,FL,727,21079
34695,FL,727,17496
34698,FL,727,37240
34705,FL,352,2500
34711,FL,352,51847
34714,FL,352,14685
34715,FL,352,15455
34731,FL,352,10815
34734,FL,407,3835
34736,FL,352,13961
34737,FL,352,2523
34739,FL,321,793
34741,FL,407,40828
34743,FL,407,33632
34744,FL,407,44142
34746,FL,407,35022
34747,FL,407,13692
34748,FL,352,38246
34753,FL,352,5353
34756,FL,407,3006
34758,FL,407,30879
34759,FL,407,30170
34760,FL,407,875
34761,FL,407,37500
34762,FL,352,622
34769,FL,407,21399
34771,FL,407,14280
34772,FL,407,22770
34773,FL,407,2983
34785,FL,352,17406
34786,FL,407,28092
34787,FL,407,46083
34788,FL,352,17519
34797,FL,352,1293
34945,FL,305,5514
34946,FL,772,6025
34947,FL,772,12186
34949,FL,772,7103
34950,FL,772,15436
34951,FL,305,14115
34952,FL,772,38285
34953,FL,561,61494
34956,FL,772,9874
34957,FL,772,22257
34972,FL,863,20180
34974,FL,863,23661
34981,FL,305,4239
34982,FL,305,24544
34983,FL,772,38480
34984,FL,772,13764
34986,FL,772,23297
34987,FL,305,6118
34990,FL,561,27707
34994,FL,772,15967
34996,FL,772,10649
34997,FL,772,40405
35004,AL,205,10427
35005,AL,205,7942
35006,AL,205,3121
35007,AL,205,26225
35010,AL,256,20816
35013,AL,205,124
35014,AL,256,4546
35016,AL,256,16778
35019,AL,256,2117
35020,AL,205,27139
35022,AL,205,18888
35023,AL,205,25436
35031,AL,205,7933
35032,AL,205,66
35033,AL,256,3403
35034,AL,205,5541
35035,AL,205,1581
35036,AL,205,297
35040,AL,205,14965
35042,AL,205,5831
35043,AL,205,9234
35044,AL,256,7713
35045,AL,205,14870
35046,AL,205,5108
35049,AL,205,3996
35051,AL,205,8787
35052,AL,205,277
35053,AL,256,2617
35054,AL,205,4101
35055,AL,256,19427
35057,AL,256,12630
35058,AL,256,9936
35060,AL,205,414
35061,AL,205,1465
35062,AL,205,7944
35063,AL,205,3866
35064,AL,205,11458
35068,AL,205,7232
35070,AL,205,265
35071,AL,205,15661
35072,AL,256,5193
35073,AL,205,2382
35074,AL,205,93
35077,AL,256,13142
35078,AL,205,2082
35079,AL,205,8810
35080,AL,205,15881
35082,AL,205,7
35083,AL,256,3268
35085,AL,205,8933
35087,AL,256,2115
35089,AL,256,2238
35091,AL,205,2719
35094,AL,205,14212
35096,AL,205,7815
35097,AL,205,1748
35098,AL,256,1375
35111,AL,205,16140
35112,AL,205,801
35114,AL,205,7172
35115,AL,205,14118
35116,AL,205,4240
35117,AL,205,5367
35118,AL,205,3138
35119,AL,205,116
35120,AL,205,13842
35121,AL,205,15570
35124,AL,205,23020
35125,AL,205,10456
35126,AL,205,21725
35127,AL,205,10099
35128,AL,205,10197
35130,AL,205,3233
35131,AL,205,4159
35133,AL,205,3907
35135,AL,205,1812
35136,AL,256,1796
35139,AL,205,150
35143,AL,205,3281
35146,AL,205,10948
35147,AL,205,5468
35148,AL,205,2702
35149,AL,205,630
35150,AL,256,18472
35151,AL,256,7632
35160,AL,256,26822
35171,AL,205,3281
35172,AL,205,2986
35173,AL,205,25176
35175,AL,256,5041
35176,AL,205,921
35178,AL,205,3378
35179,AL,256,8958
35180,AL,205,13794
35183,AL,256,706
35184,AL,205,5841
35186,AL,205,4931
35187,AL,205,32
35188,AL,205,2715
35203,AL,205,3798
35204,AL,205,10337
35205,AL,205,19686
35206,AL,205,17177
35207,AL,205,9010
35208,AL,205,14855
35209,AL,205,29544
35210,AL,205,13952
35211,AL,205,26236
35212,AL,205,11539
35213,AL,205,13185
35214,AL,205,19592
35215,AL,205,46951
35216,AL,205,36408
35217,AL,205,13729
35218,AL,205,7353
35221,AL,205,4834
35222,AL,205,7884
35223,AL,205,11043
35224,AL,205,6094
35226,AL,205,31471
35228,AL,205,10419
35229,AL,205,940
35233,AL,205,1308
35234,AL,205,6311
35235,AL,205,19484
35242,AL,205,49545
35243,AL,205,17328
35244,AL,205,32390
35254,AL,205,1403
35401,AL,205,39878
35404,AL,205,21251
35405,AL,205,37661
35406,AL,205,13864
35441,AL,205,1060
35442,AL,205,4972
35443,AL,205,2009
35444,AL,205,3699
35446,AL,205,2234
35447,AL,205,3460
35452,AL,205,3880
35453,AL,205,11127
35456,AL,205,3759
35457,AL,205,82
35458,AL,205,594
35459,AL,205,872
35460,AL,205,834
35461,AL,205,1952
35462,AL,205,5061
35463,AL,205,1749
35464,AL,205,654
35466,AL,205,6075
35469,AL,205,221
35470,AL,205,5468
35473,AL,205,14909
35474,AL,205,6180
35475,AL,205,14507
35476,AL,205,8106
35477,AL,205,335
35480,AL,205,1343
35481,AL,205,3668
35490,AL,205,3857
35501,AL,205,10424
35503,AL,205,9068
35504,AL,205,13596
35540,AL,256,2415
35541,AL,205,3597
35542,AL,205,1021
35543,AL,205,1137
35544,AL,205,673
35545,AL,205,100
35546,AL,205,3901
35548,AL,205,1558
35549,AL,205,4341
35550,AL,205,5605
35552,AL,205,1044
35553,AL,205,4680
35554,AL,205,1186
35555,AL,205,10177
35559,AL,205,57
35563,AL,205,4340
35564,AL,205,2361
35565,AL,205,13485
35570,AL,205,11145
35571,AL,205,895
35572,AL,205,1131
35574,AL,205,1507
35575,AL,205,1018
35576,AL,205,3217
35577,AL,205,38
35578,AL,205,5833
35579,AL,205,3136
35580,AL,205,3791
35581,AL,256,5778
35582,AL,256,4093
35584,AL,205,460
35585,AL,256,1418
35586,AL,205,4469
35587,AL,205,1025
35592,AL,205,4664
35593,AL,205,1931
35594,AL,205,7794
35601,AL,256,34434
35603,AL,256,30545
35610,AL,256,2252
35611,AL,256,25251
35613,AL,256,20546
35614,AL,256,7456
35615,AL,205,68
35616,AL,256,4043
35618,AL,256,1870
35619,AL,256,5135
35620,AL,256,8868
35621,AL,256,2852
35622,AL,256,7388
35630,AL,256,32629
35633,AL,256,20877
35634,AL,256,9711
35640,AL,256,24267
35643,AL,256,2941
35645,AL,256,14060
35646,AL,256,4635
35647,AL,256,1030
35648,AL,256,3635
35649,AL,205,68
35650,AL,256,13971
35651,AL,256,1312
35652,AL,256,8190
35653,AL,256,11150
35654,AL,256,8685
35660,AL,256,9042
35661,AL,256,16617
35670,AL,256,7676
35671,AL,256,2107
35672,AL,256,6445
35673,AL,256,8199
35674,AL,256,18475
35677,AL,256,1921
35739,AL,256,5146
35740,AL,256,3482
35741,AL,256,2933
35744,AL,256,2570
35745,AL,256,288
35746,AL,256,856
35747,AL,256,5901
35748,AL,256,6276
35749,AL,256,20575
35750,AL,256,12783
35751,AL,256,265
35752,AL,256,2047
35754,AL,256,5362
35755,AL,256,586
35756,AL,256,9016
35757,AL,256,12840
35758,AL,256,41875
35759,AL,256,6406
35760,AL,256,5065
35761,AL,256,11630
35763,AL,256,14216
35764,AL,256,653
35765,AL,256,4013
35766,AL,256,150
35768,AL,256,11581
35769,AL,256,9537
35771,AL,256,3645
35772,AL,256,4908
35773,AL,256,13018
35774,AL,256,165
35775,AL,256,636
35776,AL,256,3395
35801,AL,256,21509
35802,AL,256,21297
35803,AL,256,25471
35805,AL,256,22498
35806,AL,256,18951
35808,AL,256,1946
35810,AL,256,30617
35811,AL,256,25955
35816,AL,256,15228
35824,AL,256,6070
35896,AL,205,636
35901,AL,256,20045
35903,AL,256,18088
35904,AL,256,14194
35905,AL,256,6410
35906,AL,256,9897
35907,AL,256,8345
35950,AL,256,20826
35951,AL,256,13098
35952,AL,205,7727
35953,AL,205,7319
35954,AL,256,12416
35956,AL,256,8842
35957,AL,256,15693
35958,AL,256,3582
35959,AL,256,4836
35960,AL,256,10087
35961,AL,256,6514
35962,AL,256,8300
35963,AL,256,1704
35966,AL,256,3914
35967,AL,256,16630
35968,AL,256,4575
35971,AL,256,4914
35972,AL,256,1139
35973,AL,256,2870
35974,AL,256,1589
35975,AL,256,1058
35976,AL,256,16272
35978,AL,256,5390
35979,AL,256,1398
35980,AL,256,5161
35981,AL,256,2141
35983,AL,256,3738
35984,AL,256,1889
35986,AL,256,7744
35987,AL,256,2666
35988,AL,256,1940
35989,AL,256,3573
35990,AL,205,38
36003,AL,334,1975
36005,AL,334,1522
36006,AL,205,1313
36009,AL,334,2566
36010,AL,334,4677
36013,AL,205,562
36016,AL,334,5150
36017,AL,334,3318
36020,AL,334,1123
36022,AL,334,13092
36024,AL,334,5428
36025,AL,334,5729
36026,AL,256,1089
36027,AL,334,16261
36028,AL,334,1746
36029,AL,334,723
36030,AL,334,491
36031,AL,334,156
36032,AL,334,2339
36033,AL,334,4299
36034,AL,334,807
36035,AL,334,1913
36036,AL,334,2003
36037,AL,334,14074
36038,AL,334,57
36039,AL,334,253
36040,AL,334,3976
36041,AL,334,1318
36042,AL,334,1500
36043,AL,334,3666
36046,AL,334,1490
36047,AL,334,1396
36048,AL,334,1459
36049,AL,334,5706
36051,AL,334,2304
36052,AL,334,739
36053,AL,334,1967
36054,AL,334,15066
36064,AL,334,6753
36066,AL,334,19089
36067,AL,334,26954
36069,AL,334,1935
36071,AL,334,766
36075,AL,334,2226
36078,AL,334,13179
36079,AL,334,9339
36080,AL,334,2271
36081,AL,334,15267
36082,AL,205,1667
36083,AL,334,9563
36088,AL,334,4767
36089,AL,334,8760
36091,AL,205,3648
36092,AL,334,20274
36093,AL,334,9456
36104,AL,334,9468
36105,AL,334,12043
36106,AL,334,15211
36107,AL,334,9589
36108,AL,334,21306
36109,AL,334,24777
36110,AL,334,12997
36111,AL,334,12176
36112,AL,334,553
36113,AL,334,1902
36115,AL,334,623
36116,AL,334,43790
36117,AL,334,50268
36201,AL,256,20156
36203,AL,256,18799
36205,AL,256,635
36206,AL,256,11427
36207,AL,256,19801
36250,AL,256,4603
36251,AL,256,5103
36255,AL,256,969
36256,AL,256,1570
36258,AL,256,1599
36260,AL,256,4247
36262,AL,256,1448
36263,AL,256,658
36264,AL,256,8659
36265,AL,256,21060
36266,AL,256,5582
36267,AL,205,35
36268,AL,256,5432
36269,AL,256,1395
36271,AL,256,6023
36272,AL,256,13389
36273,AL,256,2914
36274,AL,334,11199
36276,AL,256,2592
36277,AL,256,5420
36278,AL,256,4366
36279,AL,256,2645
36280,AL,256,3932
36301,AL,334,35759
36303,AL,334,30217
36305,AL,334,14470
36310,AL,334,6783
36311,AL,334,2770
36312,AL,334,6187
36313,AL,205,285
36314,AL,334,595
36316,AL,334,1722
36317,AL,334,590
36318,AL,334,1296
36319,AL,334,2276
36320,AL,334,3837
36321,AL,334,1632
36322,AL,334,9072
36323,AL,334,8255
36330,AL,334,35530
36340,AL,334,5490
36343,AL,334,1579
36344,AL,334,5732
36345,AL,334,7822
36346,AL,334,1456
36350,AL,334,6540
36351,AL,334,3146
36352,AL,334,4885
36353,AL,334,1968
36360,AL,334,20157
36362,AL,334,4637
36370,AL,334,972
36371,AL,334,720
36373,AL,334,581
36374,AL,334,970
36375,AL,334,7390
36376,AL,334,2445
36401,AL,251,8314
36420,AL,334,10673
36421,AL,205,9241
36425,AL,251,1008
36426,AL,251,16202
36432,AL,251,2420
36435,AL,334,579
36436,AL,251,531
36439,AL,251,583
36441,AL,251,3576
36442,AL,334,3555
36444,AL,251,702
36445,AL,251,5050
36446,AL,334,490
36451,AL,251,4977
36453,AL,334,2198
36454,AL,205,51
36455,AL,334,465
36456,AL,334,1820
36460,AL,251,10738
36467,AL,334,10058
36470,AL,205,98
36471,AL,251,1257
36473,AL,251,106
36474,AL,334,2926
36475,AL,251,2208
36476,AL,205,51
36477,AL,334,4946
36480,AL,251,1773
36481,AL,334,593
36482,AL,251,1090
36483,AL,334,536
36502,AL,251,18355
36505,AL,251,1481
36507,AL,251,19090
36509,AL,251,1983
36511,AL,251,764
36512,AL,205,46
36513,AL,205,555
36518,AL,251,2842
36521,AL,251,5431
36522,AL,251,7183
36523,AL,251,2818
36524,AL,251,1232
36525,AL,251,1935
36526,AL,251,27890
36527,AL,251,12109
36528,AL,251,1237
36529,AL,251,478
36530,AL,251,6873
36532,AL,251,27829
36535,AL,251,26767
36538,AL,251,374
36539,AL,251,802
36540,AL,251,691
36541,AL,251,15647
36542,AL,251,12705
36543,AL,251,66
36544,AL,251,12476
36545,AL,251,9941
36548,AL,251,1136
36549,AL,251,4271
36550,AL,251,217
36551,AL,251,8258
36553,AL,251,3575
36555,AL,251,654
36556,AL,205,308
36558,AL,251,3854
36559,AL,251,233
36560,AL,251,3690
36561,AL,251,5808
36562,AL,251,1596
36564,AL,205,107
36567,AL,251,12672
36568,AL,205,162
36569,AL,251,928
36571,AL,251,14423
36572,AL,251,6340
36574,AL,251,1341
36575,AL,251,18345
36576,AL,251,4143
36578,AL,251,1749
36579,AL,251,1590
36580,AL,251,5420
36581,AL,205,224
36582,AL,251,24624
36583,AL,251,639
36584,AL,251,772
36585,AL,251,972
36587,AL,251,12053
36590,AL,205,20
36602,AL,251,1057
36603,AL,251,7922
36604,AL,251,10456
36605,AL,251,30111
36606,AL,251,18733
36607,AL,251,6852
36608,AL,251,36864
36609,AL,251,25846
36610,AL,251,13209
36611,AL,251,6106
36612,AL,251,4541
36613,AL,251,12749
36615,AL,251,391
36616,AL,205,27
36617,AL,251,13967
36618,AL,251,16737
36619,AL,251,14269
36688,AL,251,659
36693,AL,251,17847
36695,AL,251,45118
36701,AL,334,24268
36703,AL,334,13643
36720,AL,334,784
36722,AL,334,472
36723,AL,334,230
36726,AL,334,4814
36727,AL,205,61
36728,AL,334,461
36732,AL,334,8395
36736,AL,334,1207
36738,AL,334,952
36740,AL,334,1328
36742,AL,334,2554
36744,AL,334,7419
36748,AL,334,3260
36749,AL,334,1089
36750,AL,334,2901
36751,AL,334,945
36752,AL,334,1644
36753,AL,205,85
36754,AL,334,344
36756,AL,334,6165
36758,AL,334,1412
36759,AL,334,1501
36761,AL,334,1161
36763,AL,334,139
36765,AL,334,1294
36766,AL,205,25
36767,AL,334,2012
36768,AL,251,1096
36769,AL,334,3014
36773,AL,334,512
36775,AL,334,800
36776,AL,205,1489
36782,AL,334,2405
36783,AL,334,945
36784,AL,334,7754
36785,AL,334,1165
36786,AL,334,3365
36790,AL,334,139
36792,AL,205,1169
36793,AL,334,568
36801,AL,334,22214
36804,AL,334,16861
36830,AL,334,33201
36832,AL,334,22071
36849,AL,334,3150
36850,AL,334,2630
36852,AL,334,2129
36853,AL,256,8269
36854,AL,334,14576
36855,AL,334,1551
36856,AL,334,3719
36858,AL,334,441
36859,AL,205,34
36860,AL,334,1580
36861,AL,256,3264
36862,AL,334,6623
36863,AL,334,11672
36865,AL,205,23
36866,AL,334,3955
36867,AL,334,22210
36869,AL,334,18751
36870,AL,334,18783
36871,AL,334,1277
36874,AL,334,7901
36875,AL,334,4622
36877,AL,334,11414
36879,AL,334,2114
36901,AL,205,329
36904,AL,205,4098
36907,AL,205,1930
36908,AL,205,2417
36910,AL,205,35
36912,AL,205,2017
36913,AL,251,53
36915,AL,205,627
36916,AL,205,709
36919,AL,251,2143
36921,AL,205,1035
36922,AL,205,656
36925,AL,205,3115
37010,TN,615,4679
37012,TN,615,2292
37013,TN,615,99800
37014,TN,615,1855
37015,TN,615,17184
37016,TN,615,793
37018,TN,931,2259
37019,TN,931,694
37020,TN,931,5036
37022,TN,615,5469
37023,TN,931,1811
37025,TN,615,6226
37026,TN,615,2201
37027,TN,615,49035
37028,TN,931,676
37029,TN,615,5628
37030,TN,615,6982
37031,TN,615,3712
37032,TN,615,4493
37033,TN,931,7805
37034,TN,931,6591
37035,TN,615,3766
37036,TN,615,5862
37037,TN,615,6312
37040,TN,931,44924
37042,TN,931,83409
37043,TN,931,39945
37046,TN,615,3665
37047,TN,931,2345
37048,TN,615,6030
37049,TN,615,3244
37050,TN,931,1699
37051,TN,615,3677
37052,TN,931,2656
37055,TN,615,27024
37057,TN,615,834
37058,TN,931,7081
37059,TN,615,1552
37060,TN,615,2230
37061,TN,931,5153
37062,TN,615,10745
37064,TN,615,48118
37066,TN,615,42758
37067,TN,615,23652
37069,TN,615,18899
37072,TN,615,30215
37073,TN,615,13350
37074,TN,615,6965
37075,TN,615,59256
37076,TN,615,35230
37078,TN,931,674
37079,TN,931,2578
37080,TN,615,7384
37082,TN,615,6107
37083,TN,615,13909
37085,TN,615,4035
37086,TN,615,31513
37087,TN,615,41132
37090,TN,615,12922
37091,TN,931,21005
37095,TN,615,1854
37096,TN,931,5503
37097,TN,931,2294
37098,TN,931,5382
37101,TN,931,6422
37110,TN,931,32495
37115,TN,615,37316
37118,TN,615,1264
37122,TN,615,46463
37127,TN,615,15786
37128,TN,615,38966
37129,TN,615,49103
37130,TN,615,52070
37132,TN,615,2776
37134,TN,931,3061
37135,TN,615,9681
37137,TN,931,2725
37138,TN,615,22191
37140,TN,931,1365
37141,TN,615,1224
37142,TN,931,1902
37143,TN,615,3818
37144,TN,931,3344
37145,TN,615,2157
37146,TN,615,7182
37148,TN,615,22320
37149,TN,615,2210
37150,TN,615,4894
37151,TN,615,565
37153,TN,615,5520
37160,TN,931,32744
37165,TN,615,70
37166,TN,615,13446
37167,TN,615,49322
37171,TN,931,917
37172,TN,615,28714
37174,TN,931,26418
37175,TN,931,1015
37178,TN,931,2112
37179,TN,615,11767
37180,TN,931,3033
37181,TN,931,1534
37183,TN,931,3229
37184,TN,615,5844
37185,TN,931,8638
37186,TN,615,9184
37187,TN,615,6829
37188,TN,615,13643
37189,TN,615,3320
37190,TN,615,8787
37191,TN,931,4020
37201,TN,615,2137
37203,TN,615,11883
37204,TN,615,12031
37205,TN,615,24057
37206,TN,615,25699
37207,TN,615,34880
37208,TN,615,16067
37209,TN,615,35457
37210,TN,615,16067
37211,TN,615,74389
37212,TN,615,20148
37213,TN,615,218
37214,TN,615,28973
37215,TN,615,21190
37216,TN,615,17848
37217,TN,615,29599
37218,TN,615,14855
37219,TN,615,1162
37220,TN,615,5786
37221,TN,615,36610
37228,TN,615,1160
37240,TN,615,754
37243,TN,615,0
37246,TN,615,0
37301,TN,931,1429
37302,TN,423,3730
37303,TN,423,25461
37305,TN,931,889
37306,TN,931,2760
37307,TN,423,4870
37308,TN,423,2772
37309,TN,423,2138
37310,TN,423,4135
37311,TN,423,27373
37312,TN,423,30962
37313,TN,931,1731
37315,TN,423,1556
37317,TN,423,2403
37318,TN,931,1978
37321,TN,423,19113
37322,TN,423,8239
37323,TN,423,30439
37324,TN,931,5322
37325,TN,423,1845
37326,TN,423,467
37327,TN,423,11174
37328,TN,931,1364
37329,TN,423,5588
37330,TN,931,6784
37331,TN,423,7656
37332,TN,423,2609
37333,TN,423,534
37334,TN,931,21700
37335,TN,931,2778
37336,TN,423,4202
37337,TN,423,1470
37338,TN,423,3093
37339,TN,931,2018
37340,TN,423,607
37341,TN,423,12085
37342,TN,931,3593
37343,TN,423,40042
37345,TN,931,2311
37347,TN,423,7559
37348,TN,931,1131
37350,TN,423,1866
37351,TN,615,390
37352,TN,931,3268
37353,TN,423,4513
37354,TN,423,16483
37355,TN,931,25596
37356,TN,931,2486
37357,TN,931,5512
37359,TN,931,783
37360,TN,931,1732
37361,TN,423,1478
37362,TN,423,3395
37363,TN,423,32244
37365,TN,931,1314
37366,TN,931,828
37367,TN,423,10247
37369,TN,423,956
37370,TN,423,4652
37373,TN,423,3074
37374,TN,423,2047
37375,TN,931,3711
37376,TN,931,418
37377,TN,423,15310
37379,TN,423,26835
37380,TN,423,6289
37381,TN,423,8855
37385,TN,423,8131
37387,TN,931,3323
37388,TN,931,24494
37391,TN,423,1598
37394,TN,931,105
37396,TN,423,257
37397,TN,423,10127
37398,TN,931,14347
37402,TN,423,3917
37403,TN,423,5811
37404,TN,423,13327
37405,TN,423,14597
37406,TN,423,14627
37407,TN,423,8932
37408,TN,423,1486
37409,TN,423,2851
37410,TN,423,3886
37411,TN,423,17587
37412,TN,423,20951
37415,TN,423,23873
37416,TN,423,14486
37419,TN,423,6100
37421,TN,423,46228
37601,TN,423,36182
37604,TN,423,34245
37614,TN,423,2107
37615,TN,423,19560
37616,TN,423,4874
37617,TN,423,14251
37618,TN,423,12747
37620,TN,423,39102
37640,TN,423,3743
37641,TN,423,8567
37642,TN,423,14947
37643,TN,423,33689
37645,TN,423,5145
37650,TN,423,12750
37656,TN,423,3677
37657,TN,423,972
37658,TN,423,4386
37659,TN,423,27585
37660,TN,423,40038
37663,TN,423,14617
37664,TN,423,26880
37665,TN,423,5589
37680,TN,423,766
37681,TN,423,6121
37682,TN,423,667
37683,TN,423,13021
37686,TN,423,7072
37687,TN,423,5038
37688,TN,423,1018
37690,TN,423,4122
37691,TN,423,894
37692,TN,423,4770
37694,TN,423,1955
37701,TN,865,6817
37705,TN,865,4559
37708,TN,865,6563
37709,TN,865,3732
37710,TN,865,1141
37711,TN,423,5044
37713,TN,423,1488
37714,TN,423,4547
37715,TN,423,1000
37716,TN,865,25749
37719,TN,615,168
37721,TN,865,12733
37722,TN,423,6060
37723,TN,931,944
37724,TN,423,2874
37725,TN,865,16919
37726,TN,423,2037
37727,TN,423,2043
37729,TN,423,1456
37730,TN,615,59
37731,TN,423,711
37732,TN,423,139
37733,TN,423,64
37737,TN,865,5785
37738,TN,865,5288
37742,TN,865,5837
37743,TN,423,25588
37745,TN,423,18401
37748,TN,865,17857
37752,TN,423,6516
37753,TN,423,814
37754,TN,865,4729
37755,TN,423,3688
37756,TN,423,2810
37757,TN,423,9337
37760,TN,865,12931
37762,TN,423,3126
37763,TN,865,15794
37764,TN,865,9258
37765,TN,615,546
37766,TN,423,18850
37769,TN,865,5990
37770,TN,423,2646
37771,TN,865,15380
37772,TN,865,11146
37774,TN,865,18321
37777,TN,865,11274
37779,TN,865,3978
37801,TN,865,25124
37803,TN,865,31668
37804,TN,865,24682
37806,TN,865,2868
37807,TN,865,9923
37809,TN,423,2278
37810,TN,423,1928
37811,TN,423,3215
37813,TN,423,17444
37814,TN,423,33071
37818,TN,423,4998
37819,TN,423,713
37820,TN,865,7495
37821,TN,423,22608
37825,TN,423,8399
37826,TN,423,4361
37828,TN,865,1430
37829,TN,423,1804
37830,TN,865,29700
37840,TN,865,10021
37841,TN,423,9605
37843,TN,423,3725
37845,TN,423,494
37846,TN,865,5030
37847,TN,423,2714
37848,TN,865,246
37849,TN,865,25459
37851,TN,615,36
37852,TN,423,2558
37853,TN,865,3815
37854,TN,865,13108
37857,TN,423,21309
37860,TN,423,4113
37861,TN,865,8340
37862,TN,865,20934
37863,TN,865,6569
37865,TN,865,20912
37866,TN,865,1699
37869,TN,423,5031
37870,TN,423,4580
37871,TN,865,9134
37872,TN,423,2041
37873,TN,423,4073
37874,TN,423,14979
37876,TN,865,29246
37877,TN,423,8464
37878,TN,865,514
37879,TN,423,10634
37880,TN,865,3477
37881,TN,865,2291
37882,TN,865,2724
37885,TN,423,5067
37886,TN,865,4418
37887,TN,423,7511
37888,TN,865,2741
37890,TN,865,6668
37891,TN,423,3626
37892,TN,423,2007
37902,TN,865,1586
37909,TN,865,15168
37912,TN,865,20673
37914,TN,865,19663
37915,TN,865,5647
37916,TN,865,12507
37917,TN,865,24072
37918,TN,865,42835
37919,TN,865,28194
37920,TN,865,39087
37921,TN,865,28233
37922,TN,865,33180
37923,TN,865,27457
37924,TN,865,11259
37931,TN,865,26109
37932,TN,865,14527
37934,TN,615,24107
37938,TN,865,17085
38001,TN,731,4719
38002,TN,901,38927
38004,TN,901,9866
38006,TN,731,5207
38007,TN,615,91
38008,TN,731,9721
38011,TN,901,9908
38012,TN,731,14575
38015,TN,901,2828
38016,TN,901,43079
38017,TN,901,48642
38018,TN,901,35059
38019,TN,901,15601
38021,TN,615,59
38023,TN,901,6146
38024,TN,731,27406
38028,TN,901,6883
38029,TN,901,80
38030,TN,731,977
38034,TN,731,2998
38036,TN,901,478
38037,TN,731,1773
38039,TN,731,1804
38040,TN,731,5193
38041,TN,731,5085
38042,TN,731,796
38044,TN,731,865
38046,TN,901,108
38047,TN,731,91
38049,TN,901,4984
38050,TN,731,459
38052,TN,731,3907
38053,TN,901,27932
38054,TN,901,284
38057,TN,901,3649
38058,TN,901,10236
38059,TN,731,7663
38060,TN,901,9496
38061,TN,731,977
38063,TN,731,17403
38066,TN,901,2630
38067,TN,731,1476
38068,TN,901,10941
38069,TN,731,2376
38070,TN,731,175
38075,TN,731,6936
38076,TN,901,847
38077,TN,731,43
38079,TN,731,5577
38080,TN,731,2568
38103,TN,901,12180
38104,TN,901,23409
38105,TN,901,6184
38106,TN,901,27222
38107,TN,901,17698
38108,TN,901,18729
38109,TN,901,46594
38111,TN,901,41742
38112,TN,901,17472
38114,TN,901,26905
38115,TN,901,39129
38116,TN,901,40404
38117,TN,901,26125
38118,TN,901,41465
38119,TN,901,22330
38120,TN,901,14237
38122,TN,901,25270
38125,TN,901,36150
38126,TN,901,7334
38127,TN,901,45248
38128,TN,901,44863
38131,TN,901,0
38132,TN,901,7
38133,TN,901,20787
38134,TN,901,41948
38135,TN,901,30657
38138,TN,901,24045
38139,TN,901,16086
38141,TN,901,22462
38152,TN,901,834
38201,TN,731,10093
38220,TN,731,1849
38221,TN,731,3308
38222,TN,731,2629
38224,TN,731,956
38225,TN,731,6283
38226,TN,731,345
38229,TN,731,2931
38230,TN,731,3736
38231,TN,731,1664
38232,TN,731,1998
38233,TN,731,2852
38235,TN,615,441
38236,TN,731,662
38237,TN,731,16627
38240,TN,731,2259
38241,TN,731,898
38242,TN,731,20151
38251,TN,731,2751
38253,TN,731,1156
38254,TN,731,85
38255,TN,731,2299
38256,TN,731,3089
38257,TN,731,4397
38258,TN,731,1500
38259,TN,731,860
38260,TN,731,3804
38261,TN,731,16919
38301,TN,731,36613
38305,TN,731,49808
38310,TN,731,6145
38311,TN,731,786
38313,TN,731,3204
38315,TN,731,3876
38316,TN,731,2917
38317,TN,731,2537
38318,TN,731,476
38320,TN,731,10686
38321,TN,731,2431
38326,TN,731,2560
38327,TN,731,477
38328,TN,731,730
38329,TN,731,3220
38330,TN,731,4404
38332,TN,731,1120
38333,TN,731,523
38334,TN,731,1911
38337,TN,731,1366
38339,TN,731,637
38340,TN,731,12935
38341,TN,731,2252
38342,TN,731,1438
38343,TN,731,15619
38344,TN,731,8684
38345,TN,731,2089
38347,TN,731,270
38348,TN,731,1037
38351,TN,731,17603
38352,TN,731,494
38355,TN,731,5882
38356,TN,731,2193
38357,TN,731,2757
38358,TN,731,12121
38359,TN,731,278
38361,TN,731,994
38362,TN,731,1145
38363,TN,731,6097
38365,TN,731,16
38366,TN,731,2267
38367,TN,731,2843
38368,TN,731,1985
38369,TN,731,1887
38370,TN,731,670
38371,TN,731,1235
38372,TN,731,17595
38374,TN,731,2052
38375,TN,731,9251
38376,TN,731,233
38379,TN,731,1171
38380,TN,615,574
38381,TN,731,1640
38382,TN,731,9515
38387,TN,731,375
38388,TN,731,1840
38390,TN,731,907
38391,TN,731,1174
38392,TN,731,776
38401,TN,931,54469
38425,TN,931,3724
38449,TN,931,2811
38450,TN,931,2778
38451,TN,931,4814
38452,TN,931,1091
38453,TN,931,373
38454,TN,931,1208
38455,TN,931,227
38456,TN,931,4559
38457,TN,931,808
38459,TN,931,453
38460,TN,931,1410
38461,TN,931,1379
38462,TN,931,10297
38463,TN,931,2817
38464,TN,931,22293
38468,TN,931,5201
38469,TN,931,4092
38471,TN,931,530
38472,TN,931,2656
38473,TN,931,1061
38474,TN,931,7802
38475,TN,731,635
38476,TN,615,1228
38477,TN,931,2766
38478,TN,931,17733
38481,TN,931,896
38482,TN,931,1535
38483,TN,931,5663
38485,TN,931,6502
38486,TN,931,967
38487,TN,931,1057
38488,TN,931,2524
38501,TN,931,36687
38504,TN,931,901
38505,TN,615,1806
38506,TN,931,26521
38541,TN,931,1613
38542,TN,615,22
38543,TN,615,560
38544,TN,931,6543
38545,TN,931,1474
38547,TN,615,1975
38548,TN,615,731
38549,TN,931,3679
38551,TN,931,4106
38552,TN,615,275
38553,TN,931,2312
38554,TN,931,827
38555,TN,931,18809
38556,TN,931,12540
38558,TN,931,6970
38559,TN,931,1340
38560,TN,615,1425
38562,TN,931,6554
38563,TN,615,2330
38564,TN,615,453
38565,TN,931,1098
38567,TN,615,784
38568,TN,931,2034
38569,TN,615,363
38570,TN,931,9898
38571,TN,931,13848
38572,TN,931,10649
38573,TN,615,2198
38574,TN,931,8413
38575,TN,931,1172
38577,TN,931,1153
38578,TN,931,177
38579,TN,931,1063
38580,TN,931,1743
38581,TN,931,4112
38582,TN,931,1426
38583,TN,931,23825
38585,TN,931,3717
38587,TN,931,1301
38588,TN,931,1011
38589,TN,615,200
38601,MS,662,2371
38603,MS,662,2894
38606,MS,662,16127
38610,MS,662,3542
38611,MS,662,17202
38614,MS,662,20418
38617,MS,662,734
38618,MS,662,12031
38619,MS,662,5004
38620,MS,662,3375
38621,MS,662,1910
38622,MS,601,705
38623,MS,601,259
38625,MS,662,1058
38626,MS,662,1353
38627,MS,662,1120
38629,MS,662,1774
38630,MS,601,132
38631,MS,662,1306
38632,MS,662,24377
38633,MS,662,2590
38635,MS,662,15941
38637,MS,662,26066
38639,MS,662,1257
38641,MS,662,2338
38642,MS,662,2321
38643,MS,662,2619
38644,MS,662,208
38645,MS,662,1329
38646,MS,662,3073
38647,MS,662,1143
38650,MS,662,3881
38651,MS,662,7103
38652,MS,662,16600
38654,MS,662,45956
38655,MS,662,36699
38658,MS,662,2074
38659,MS,662,2841
38661,MS,662,2039
38663,MS,662,11950
38664,MS,662,3279
38665,MS,662,2683
38666,MS,662,6915
38668,MS,662,14462
38670,MS,662,1226
38671,MS,662,35712
38672,MS,662,11249
38673,MS,601,746
38674,MS,662,898
38676,MS,662,6375
38677,MS,662,4198
38680,MS,662,6194
38683,MS,662,5637
38685,MS,662,1347
38701,MS,662,24187
38702,MS,662,1
38703,MS,662,14568
38704,MS,601,41
38720,MS,662,597
38721,MS,662,1230
38722,MS,662,531
38723,MS,601,33
38725,MS,662,998
38726,MS,601,532
38730,MS,662,1718
38731,MS,601,129
38732,MS,662,17981
38736,MS,662,440
38737,MS,662,2932
38738,MS,601,3998
38740,MS,662,466
38744,MS,662,682
38745,MS,601,144
38746,MS,662,616
38748,MS,662,3901
38749,MS,601,26
38751,MS,662,11638
38753,MS,662,1456
38754,MS,662,1532
38756,MS,662,6462
38759,MS,662,1194
38760,MS,601,929
38761,MS,662,2870
38762,MS,662,2294
38764,MS,662,430
38765,MS,601,201
38767,MS,601,77
38768,MS,601,182
38769,MS,662,2216
38771,MS,662,3260
38772,MS,662,182
38773,MS,662,3375
38774,MS,662,2522
38778,MS,662,1686
38781,MS,662,252
38801,MS,662,29871
38804,MS,662,17285
38821,MS,662,12528
38824,MS,662,7832
38826,MS,662,4703
38827,MS,662,2733
38828,MS,662,3970
38829,MS,662,18707
38833,MS,662,2370
38834,MS,662,29133
38838,MS,662,1629
38841,MS,662,2775
38843,MS,662,11467
38844,MS,601,131
38846,MS,662,2446
38847,MS,662,3501
38848,MS,662,848
38849,MS,662,5702
38850,MS,662,3141
38851,MS,662,8408
38852,MS,662,9449
38855,MS,662,4602
38856,MS,662,1788
38857,MS,662,3252
38858,MS,662,7176
38859,MS,662,749
38860,MS,662,5663
38862,MS,662,2731
38863,MS,662,19788
38864,MS,662,1701
38865,MS,662,4698
38866,MS,662,11897
38868,MS,662,5481
38869,MS,662,478
38870,MS,662,3122
38871,MS,662,1640
38873,MS,662,2719
38876,MS,662,1322
38878,MS,662,2864
38879,MS,662,785
38901,MS,662,18403
38913,MS,662,396
38914,MS,662,552
38915,MS,662,4046
38916,MS,662,5049
38917,MS,662,3258
38920,MS,662,804
38921,MS,662,5061
38922,MS,662,3451
38923,MS,662,1293
38924,MS,662,771
38925,MS,662,2363
38927,MS,662,1186
38928,MS,662,497
38929,MS,662,1317
38930,MS,662,25297
38940,MS,662,2141
38941,MS,662,5282
38943,MS,662,526
38944,MS,662,504
38945,MS,601,35
38946,MS,662,362
38947,MS,662,445
38948,MS,662,2288
38949,MS,662,297
38950,MS,662,334
38951,MS,662,1316
38952,MS,662,611
38953,MS,662,798
38954,MS,662,1514
38957,MS,662,734
38958,MS,601,38
38961,MS,662,803
38962,MS,601,149
38963,MS,662,4015
38964,MS,662,104
38965,MS,662,9135
38966,MS,662,1174
38967,MS,662,7755
39038,MS,662,6258
39039,MS,662,2193
39040,MS,662,3295
39041,MS,601,3404
39042,MS,601,34198
39044,MS,601,3872
39045,MS,601,1353
39046,MS,601,26398
39047,MS,601,34539
39051,MS,601,16569
39054,MS,662,341
39056,MS,601,25621
39057,MS,601,2291
39059,MS,601,12073
39061,MS,601,88
39062,MS,601,467
39063,MS,662,3620
39066,MS,601,4338
39067,MS,662,1434
39069,MS,601,5409
39071,MS,601,5346
39073,MS,601,19685
39074,MS,601,14896
39078,MS,601,755
39079,MS,662,2037
39082,MS,601,1312
39083,MS,601,10626
39086,MS,601,1635
39088,MS,662,135
39090,MS,662,13398
39092,MS,601,2934
39094,MS,601,3956
39095,MS,662,7324
39096,MS,601,2338
39097,MS,662,873
39108,MS,662,1974
39110,MS,601,36143
39111,MS,601,10460
39113,MS,601,595
39114,MS,601,9998
39115,MS,601,155
39116,MS,601,2538
39117,MS,601,10697
39119,MS,601,5506
39120,MS,601,32334
39140,MS,601,2250
39144,MS,601,867
39145,MS,601,5170
39146,MS,662,2841
39149,MS,601,1649
39150,MS,601,5914
39152,MS,601,1284
39153,MS,601,3724
39154,MS,601,10526
39156,MS,601,513
39157,MS,601,24645
39159,MS,662,3334
39160,MS,662,2889
39162,MS,601,205
39166,MS,601,613
39167,MS,601,47
39168,MS,601,6643
39169,MS,662,2957
39170,MS,601,9407
39174,MS,601,715
39175,MS,601,4843
39176,MS,662,2106
39177,MS,601,136
39179,MS,662,1228
39180,MS,601,32603
39183,MS,601,15661
39189,MS,601,5263
39191,MS,601,8074
39192,MS,662,1733
39193,MS,601,968
39194,MS,662,20925
39201,MS,601,536
39202,MS,601,8411
39203,MS,601,7091
39204,MS,601,19468
39206,MS,601,25341
39208,MS,601,31371
39209,MS,601,29617
39211,MS,601,24515
39212,MS,601,33263
39213,MS,601,22328
39216,MS,601,3454
39217,MS,601,1103
39218,MS,601,6943
39232,MS,601,7068
39269,MS,769,0
39272,MS,601,12551
39301,MS,601,27449
39305,MS,601,20431
39307,MS,601,18603
39309,MS,601,601
39320,MS,601,1828
39322,MS,601,1882
39323,MS,601,1290
39325,MS,601,5983
39326,MS,601,720
39327,MS,601,4190
39328,MS,601,4806
39330,MS,601,2746
39332,MS,601,1923
39335,MS,601,3160
39336,MS,601,1235
39337,MS,601,1808
39338,MS,601,3319
39339,MS,662,15619
39341,MS,662,7156
39342,MS,601,1287
39345,MS,601,6127
39346,MS,601,2241
39347,MS,601,1497
39348,MS,601,838
39350,MS,601,24865
39352,MS,601,812
39354,MS,601,2094
39355,MS,601,7131
39356,MS,601,659
39358,MS,662,1679
39359,MS,601,273
39360,MS,601,3830
39361,MS,662,1468
39362,MS,601,2866
39363,MS,601,1773
39364,MS,601,2985
39365,MS,601,7547
39366,MS,601,1380
39367,MS,601,15096
39401,MS,601,43366
39402,MS,601,37492
39406,MS,601,1759
39421,MS,601,2936
39422,MS,601,5146
39423,MS,601,2690
39425,MS,601,1754
39426,MS,601,16301
39427,MS,601,1314
39428,MS,601,9761
39429,MS,601,17657
39437,MS,601,12917
39439,MS,601,4573
39440,MS,601,21305
39443,MS,601,21939
39451,MS,601,7181
39452,MS,601,26964
39455,MS,601,9721
39456,MS,601,1292
39459,MS,601,3677
39461,MS,601,582
39462,MS,601,1122
39464,MS,601,2482
39465,MS,601,21386
39466,MS,601,27738
39470,MS,601,13011
39474,MS,601,6050
39475,MS,601,12225
39476,MS,601,7582
39477,MS,601,686
39478,MS,601,2201
39479,MS,601,5796
39480,MS,601,2770
39481,MS,601,1867
39482,MS,601,9746
39483,MS,601,6447
39501,MS,228,21987
39503,MS,228,45309
39507,MS,228,16234
39520,MS,228,14681
39525,MS,228,8383
39530,MS,228,8086
39531,MS,228,17736
39532,MS,228,32716
39534,MS,228,2379
39540,MS,228,8522
39553,MS,228,17174
39556,MS,228,7705
39560,MS,228,16844
39561,MS,601,1852
39562,MS,228,17912
39563,MS,228,13790
39564,MS,228,36952
39565,MS,228,19453
39567,MS,228,10740
39571,MS,228,13179
39572,MS,228,1414
39573,MS,601,8828
39574,MS,228,13613
39576,MS,228,5809
39577,MS,601,10374
39581,MS,228,11595
39601,MS,601,23536
39629,MS,601,6519
39630,MS,601,1115
39631,MS,601,3732
39633,MS,601,1094
39635,MS,601,170
39638,MS,601,3333
39641,MS,601,4569
39643,MS,601,1102
39645,MS,601,5016
39647,MS,601,1023
39648,MS,601,21710
39652,MS,601,8315
39653,MS,601,2799
39654,MS,601,5635
39656,MS,601,803
39657,MS,601,2351
39661,MS,601,2997
39662,MS,601,1318
39663,MS,601,3080
39664,MS,601,2256
39665,MS,601,1196
39666,MS,601,9588
39667,MS,601,12837
39668,MS,601,681
39669,MS,601,6045
39701,MS,662,13997
39702,MS,662,22883
39705,MS,662,13667
39730,MS,662,11805
39735,MS,662,3916
39736,MS,662,312
39737,MS,601,285
39739,MS,662,2957
39740,MS,662,5038
39741,MS,662,1560
39743,MS,662,2067
39744,MS,662,6008
39745,MS,662,810
39746,MS,662,3183
39747,MS,662,1999
39750,MS,662,2781
39751,MS,662,1309
39752,MS,662,2473
39755,MS,662,1051
39756,MS,662,1943
39759,MS,662,42108
39760,MS,601,23
39762,MS,662,2207
39766,MS,662,2630
39767,MS,662,861
39769,MS,662,1923
39771,MS,601,127
39772,MS,662,1793
39773,MS,662,16670
39776,MS,662,1674
39813,GA,229,2110
39815,GA,229,1686
39817,GA,229,10894
39819,GA,229,11282
39823,GA,229,8550
39824,GA,229,544
39825,GA,229,1461
39826,GA,229,418
39827,GA,229,3842
39828,GA,229,15150
39834,GA,229,2138
39836,GA,770,461
39837,GA,229,6166
39840,GA,229,5726
39841,GA,770,878
39842,GA,229,8357
39845,GA,229,7871
39846,GA,229,2440
39851,GA,229,2388
39854,GA,770,2592
39859,GA,229,1281
39861,GA,229,1003
39862,GA,229,1326
39866,GA,229,2122
39867,GA,770,321
39870,GA,770,2238
39877,GA,229,500
39885,GA,770,76
39886,GA,770,1616
39897,GA,229,3430
40003,KY,502,1902
40004,KY,502,28245
40006,KY,502,5084
40007,KY,502,166
40008,KY,502,3476
40009,KY,270,1051
40010,KY,502,587
40011,KY,502,2549
40012,KY,502,589
40013,KY,502,5369
40014,KY,502,19986
40019,KY,502,3789
40020,KY,502,109
40022,KY,502,834
40023,KY,502,4118
40025,KY,270,59
40026,KY,502,5458
40031,KY,502,22863
40033,KY,270,12355
40036,KY,502,223
40037,KY,502,2864
40040,KY,859,531
40041,KY,270,286
40045,KY,502,3451
40046,KY,502,1741
40047,KY,502,19345
40048,KY,502,113
40049,KY,270,115
40050,KY,502,1389
40051,KY,502,4799
40052,KY,270,515
40055,KY,502,1752
40056,KY,502,3263
40057,KY,502,3354
40058,KY,502,64
40059,KY,502,16708
40060,KY,270,1184
40062,KY,270,301
40063,KY,270,789
40065,KY,502,28025
40067,KY,502,5114
40068,KY,502,2131
40069,KY,859,8276
40070,KY,502,582
40071,KY,502,14292
40075,KY,502,1323
40076,KY,502,2516
40077,KY,502,564
40078,KY,859,2200
40104,KY,270,1336
40107,KY,502,2067
40108,KY,270,11583
40109,KY,502,1990
40110,KY,270,60
40111,KY,270,1682
40115,KY,270,727
40117,KY,270,2299
40118,KY,502,9724
40119,KY,270,1797
40121,KY,502,10124
40140,KY,270,787
40142,KY,270,2304
40143,KY,270,5939
40144,KY,270,1866
40145,KY,270,908
40146,KY,270,3745
40150,KY,502,4103
40152,KY,270,604
40155,KY,502,947
40157,KY,270,876
40160,KY,502,23574
40161,KY,270,178
40162,KY,270,6056
40165,KY,502,32726
40170,KY,270,344
40171,KY,270,243
40175,KY,270,13070
40176,KY,270,931
40177,KY,502,1463
40178,KY,270,468
40202,KY,502,6772
40203,KY,502,19694
40204,KY,502,14236
40205,KY,502,23678
40206,KY,502,18865
40207,KY,502,29745
40208,KY,502,13227
40209,KY,502,360
40210,KY,502,14822
40211,KY,502,22612
40212,KY,502,17685
40213,KY,502,16796
40214,KY,502,45291
40215,KY,502,22287
40216,KY,502,40746
40217,KY,502,12507
40218,KY,502,31658
40219,KY,502,38032
40220,KY,502,33109
40222,KY,502,21359
40223,KY,502,22011
40228,KY,502,15743
40229,KY,502,36852
40231,KY,270,0
40241,KY,502,28988
40242,KY,502,10930
40243,KY,502,10210
40245,KY,502,30109
40258,KY,502,26465
40272,KY,502,37394
40280,KY,270,303
40291,KY,502,35427
40299,KY,502,38371
40310,KY,859,526
40311,KY,859,7153
40312,KY,606,5898
40313,KY,606,3143
40316,KY,606,309
40322,KY,606,3328
40324,KY,502,41342
40328,KY,270,1065
40330,KY,859,19334
40334,KY,270,76
40336,KY,606,13061
40337,KY,859,5501
40339,KY,270,46
40342,KY,502,21125
40346,KY,606,686
40347,KY,859,2767
40348,KY,859,600
40350,KY,859,228
40351,KY,606,20329
40353,KY,859,20779
40356,KY,859,40503
40358,KY,606,904
40359,KY,502,7080
40360,KY,606,6564
40361,KY,859,18220
40363,KY,270,22
40370,KY,859,2763
40371,KY,606,2838
40372,KY,859,2128
40374,KY,859,1702
40376,KY,270,52
40379,KY,502,3288
40380,KY,606,6612
40383,KY,859,22408
40385,KY,859,3131
40387,KY,606,2046
40390,KY,859,7366
40391,KY,859,35262
40402,KY,606,2905
40403,KY,859,23774
40404,KY,270,643
40409,KY,606,3843
40419,KY,606,4621
40422,KY,859,24280
40434,KY,606,34
40437,KY,606,4932
40440,KY,859,2092
40442,KY,606,1136
40444,KY,859,14096
40445,KY,606,997
40447,KY,606,8251
40448,KY,270,53
40456,KY,606,9300
40460,KY,606,1129
40461,KY,859,3121
40464,KY,859,1114
40468,KY,859,1807
40472,KY,606,1679
40475,KY,859,55803
40481,KY,606,218
40484,KY,606,11612
40486,KY,606,2223
40489,KY,606,4109
40502,KY,859,25709
40503,KY,859,28003
40504,KY,859,25655
40505,KY,859,26040
40506,KY,859,2802
40507,KY,859,1757
40508,KY,859,23569
40509,KY,859,32364
40510,KY,859,1928
40511,KY,859,31798
40513,KY,859,10994
40514,KY,859,14647
40515,KY,859,33595
40516,KY,859,2877
40517,KY,859,35227
40601,KY,502,49566
40604,KY,270,462
40701,KY,606,29497
40729,KY,606,5485
40734,KY,606,3764
40737,KY,606,1379
40740,KY,606,3321
40741,KY,606,21875
40743,KY,270,229
40744,KY,606,18334
40759,KY,606,2531
40763,KY,606,469
40769,KY,606,18507
40771,KY,606,1068
40801,KY,606,531
40806,KY,606,2499
40807,KY,606,337
40808,KY,606,99
40810,KY,606,1548
40813,KY,606,669
40815,KY,606,1534
40816,KY,606,78
40818,KY,270,110
40819,KY,606,729
40820,KY,606,581
40823,KY,606,4231
40824,KY,606,559
40826,KY,606,759
40827,KY,606,674
40828,KY,606,3965
40829,KY,270,172
40830,KY,270,301
40831,KY,606,5150
40840,KY,606,312
40843,KY,606,259
40844,KY,606,123
40845,KY,606,635
40847,KY,606,261
40849,KY,270,352
40854,KY,606,1213
40855,KY,606,860
40856,KY,606,756
40858,KY,606,397
40862,KY,606,647
40863,KY,606,502
40865,KY,606,410
40868,KY,606,1100
40870,KY,606,279
40873,KY,606,2390
40874,KY,606,504
40902,KY,606,1239
40903,KY,606,681
40906,KY,606,11132
40913,KY,270,171
40914,KY,606,467
40915,KY,606,896
40921,KY,270,295
40923,KY,606,735
40927,KY,606,482
40935,KY,606,2699
40939,KY,606,273
40940,KY,606,478
40941,KY,606,251
40943,KY,606,748
40946,KY,270,220
40949,KY,606,788
40953,KY,606,998
40958,KY,606,451
40962,KY,606,19143
40964,KY,270,151
40965,KY,606,13570
40972,KY,606,1327
40977,KY,606,10362
40979,KY,606,148
40982,KY,606,388
40983,KY,606,352
40988,KY,606,555
40995,KY,270,121
40997,KY,606,371
41001,KY,859,16412
41002,KY,606,2510
41003,KY,859,2786
41004,KY,606,4122
41005,KY,859,22569
41006,KY,859,4434
41007,KY,859,4193
41008,KY,502,7457
41010,KY,502,3217
41011,KY,859,25872
41014,KY,859,6942
41015,KY,859,20864
41016,KY,859,6075
41017,KY,859,38940
41018,KY,859,27345
41030,KY,859,6299
41031,KY,859,15886
41033,KY,859,1976
41034,KY,606,1032
41035,KY,859,10785
41039,KY,606,2502
41040,KY,859,7265
41041,KY,606,7153
41042,KY,859,49968
41043,KY,606,1745
41044,KY,606,1116
41045,KY,502,1273
41046,KY,859,1414
41048,KY,859,13959
41049,KY,606,2261
41051,KY,859,26796
41052,KY,859,107
41055,KY,606,1813
41056,KY,606,14228
41059,KY,859,2712
41062,KY,606,35
41063,KY,859,3378
41064,KY,606,2073
41071,KY,859,20869
41073,KY,859,5955
41074,KY,859,5338
41075,KY,859,16459
41076,KY,859,16468
41080,KY,859,1849
41083,KY,502,1326
41085,KY,270,724
41086,KY,502,2771
41091,KY,859,16873
41092,KY,859,3514
41093,KY,606,2869
41094,KY,859,13631
41095,KY,859,3540
41097,KY,859,7349
41098,KY,502,2037
41099,KY,270,1169
41101,KY,606,18758
41102,KY,606,21712
41121,KY,606,1852
41124,KY,606,1039
41129,KY,606,9922
41132,KY,606,425
41135,KY,606,172
41139,KY,606,8271
41141,KY,606,2461
41142,KY,270,91
41143,KY,606,14535
41144,KY,606,10279
41146,KY,606,412
41149,KY,606,733
41159,KY,606,583
41164,KY,606,13125
41166,KY,606,919
41168,KY,606,3043
41169,KY,606,5354
41171,KY,606,5042
41174,KY,606,1122
41175,KY,606,5591
41179,KY,606,7852
41180,KY,606,1087
41183,KY,606,1618
41189,KY,606,2264
41201,KY,606,238
41203,KY,606,696
41204,KY,606,560
41214,KY,606,750
41216,KY,606,1297
41219,KY,606,2053
41222,KY,606,2627
41224,KY,606,6414
41226,KY,606,168
41230,KY,606,11730
41231,KY,606,1002
41232,KY,606,782
41234,KY,606,601
41238,KY,606,860
41240,KY,606,6916
41250,KY,606,1195
41254,KY,606,571
41255,KY,606,1036
41256,KY,606,2433
41257,KY,606,390
41260,KY,606,885
41262,KY,606,1474
41263,KY,606,525
41264,KY,606,389
41265,KY,606,1857
41267,KY,606,1245
41268,KY,606,395
41271,KY,606,237
41274,KY,606,585
41301,KY,606,6159
41311,KY,606,7538
41314,KY,606,5239
41317,KY,606,190
41332,KY,606,1184
41339,KY,606,10957
41348,KY,606,1219
41352,KY,606,677
41360,KY,606,500
41365,KY,606,501
41366,KY,270,20
41367,KY,606,179
41385,KY,606,470
41390,KY,606,52
41397,KY,606,64
41408,KY,606,445
41421,KY,606,233
41425,KY,606,1138
41464,KY,606,722
41465,KY,606,11979
41472,KY,606,10985
41501,KY,606,23298
41503,KY,606,570
41512,KY,606,976
41513,KY,606,590
41514,KY,606,3491
41517,KY,606,109
41519,KY,606,1108
41522,KY,606,5352
41524,KY,606,384
41526,KY,270,125
41527,KY,606,675
41528,KY,606,999
41531,KY,606,985
41534,KY,606,273
41535,KY,606,526
41537,KY,606,5373
41538,KY,606,97
41539,KY,606,1722
41540,KY,606,302
41543,KY,606,543
41544,KY,606,931
41547,KY,606,369
41548,KY,606,862
41553,KY,606,2288
41554,KY,606,1102
41555,KY,606,915
41557,KY,606,1716
41558,KY,606,809
41559,KY,606,339
41560,KY,606,384
41562,KY,606,2807
41563,KY,606,445
41564,KY,606,1159
41566,KY,606,714
41567,KY,606,369
41568,KY,606,1073
41571,KY,606,639
41572,KY,606,3754
41601,KY,606,755
41602,KY,606,819
41603,KY,606,1498
41604,KY,606,620
41605,KY,606,637
41606,KY,606,656
41607,KY,606,318
41612,KY,606,78
41615,KY,606,675
41616,KY,606,794
41619,KY,606,599
41621,KY,606,329
41622,KY,606,228
41630,KY,606,1230
41631,KY,606,1106
41632,KY,606,614
41635,KY,606,3056
41636,KY,606,984
41640,KY,606,1343
41642,KY,606,725
41643,KY,606,194
41645,KY,606,1268
41647,KY,606,1815
41649,KY,606,2631
41650,KY,606,534
41653,KY,606,11451
41655,KY,606,896
41659,KY,606,520
41660,KY,606,802
41663,KY,606,384
41666,KY,606,908
41667,KY,606,720
41669,KY,606,865
41701,KY,606,17252
41712,KY,606,380
41713,KY,606,51
41714,KY,606,418
41719,KY,606,1043
41721,KY,606,788
41722,KY,606,1688
41723,KY,606,1537
41725,KY,270,174
41727,KY,606,640
41729,KY,606,230
41731,KY,606,1023
41735,KY,606,295
41739,KY,606,179
41740,KY,270,877
41745,KY,606,200
41746,KY,606,835
41749,KY,606,3556
41751,KY,606,289
41754,KY,606,460
41759,KY,606,397
41760,KY,606,35
41762,KY,606,107
41763,KY,606,574
41764,KY,606,741
41766,KY,606,131
41772,KY,270,277
41773,KY,606,1273
41774,KY,606,2659
41775,KY,606,114
41776,KY,606,1509
41777,KY,606,947
41804,KY,606,720
41810,KY,606,502
41812,KY,606,230
41815,KY,606,802
41817,KY,606,251
41819,KY,606,392
41821,KY,606,537
41822,KY,606,2553
41824,KY,606,1072
41825,KY,606,548
41826,KY,606,978
41828,KY,606,808
41831,KY,606,849
41832,KY,606,424
41833,KY,606,321
41834,KY,606,659
41835,KY,606,790
41836,KY,270,798
41837,KY,606,1284
41838,KY,606,548
41839,KY,606,1193
41840,KY,606,1111
41843,KY,270,949
41844,KY,606,1355
41845,KY,606,293
41847,KY,606,617
41848,KY,270,80
41849,KY,606,193
41855,KY,606,696
41858,KY,606,8064
41859,KY,606,349
41861,KY,606,108
41862,KY,606,952
42001,KY,270,27960
42003,KY,270,29683
42020,KY,270,2330
42021,KY,270,1505
42022,KY,270,104
42023,KY,270,2422
42024,KY,270,1490
42025,KY,270,19305
42027,KY,270,2291
42028,KY,270,635
42029,KY,270,6321
42031,KY,270,3418
42032,KY,270,192
42035,KY,270,1068
42036,KY,270,1167
42037,KY,270,29
42038,KY,270,5298
42039,KY,270,1751
42040,KY,270,1082
42041,KY,270,4627
42044,KY,270,3404
42045,KY,270,2089
42047,KY,270,192
42048,KY,270,2147
42049,KY,270,1480
42050,KY,270,3256
42051,KY,270,2840
42053,KY,270,4931
42054,KY,270,984
42055,KY,270,2609
42056,KY,270,1982
42058,KY,270,2336
42060,KY,270,130
42061,KY,270,55
42064,KY,270,8421
42066,KY,270,23182
42069,KY,270,1100
42071,KY,270,29655
42076,KY,270,1213
42078,KY,270,1852
42079,KY,270,1426
42081,KY,270,2203
42082,KY,270,1845
42083,KY,270,446
42085,KY,270,918
42086,KY,270,4036
42087,KY,270,2419
42088,KY,270,2656
42101,KY,270,55648
42102,KY,270,88
42103,KY,270,18936
42104,KY,270,29610
42120,KY,270,2588
42122,KY,270,4368
42123,KY,270,840
42124,KY,270,55
42127,KY,270,6199
42129,KY,270,7026
42130,KY,270,175
42133,KY,270,1370
42134,KY,270,16785
42140,KY,270,1264
42141,KY,270,30349
42151,KY,270,275
42153,KY,270,326
42154,KY,270,691
42156,KY,270,254
42157,KY,270,437
42159,KY,270,1195
42160,KY,270,1992
42163,KY,270,56
42164,KY,270,16277
42166,KY,270,2314
42167,KY,270,8145
42170,KY,270,1403
42171,KY,270,6841
42202,KY,270,2389
42204,KY,270,657
42206,KY,270,5407
42207,KY,270,1207
42210,KY,270,4236
42211,KY,270,13422
42214,KY,270,682
42215,KY,270,1300
42217,KY,270,4117
42220,KY,270,6844
42223,KY,270,19837
42232,KY,270,812
42234,KY,270,2469
42236,KY,270,929
42240,KY,270,42479
42254,KY,270,209
42256,KY,270,5028
42259,KY,270,1281
42261,KY,270,10602
42262,KY,270,8396
42265,KY,270,820
42266,KY,270,2590
42273,KY,270,443
42274,KY,270,2373
42275,KY,270,883
42276,KY,270,14471
42280,KY,270,484
42285,KY,270,375
42286,KY,270,1291
42301,KY,270,42440
42303,KY,270,38909
42320,KY,270,8205
42321,KY,270,327
42322,KY,270,47
42323,KY,270,793
42324,KY,270,1276
42325,KY,270,2028
42326,KY,270,460
42327,KY,270,4037
42328,KY,270,1389
42330,KY,270,9386
42332,KY,270,271
42333,KY,270,1111
42337,KY,270,2026
42338,KY,270,88
42339,KY,270,800
42343,KY,270,1782
42344,KY,270,856
42345,KY,270,11747
42347,KY,270,6152
42348,KY,270,4810
42349,KY,270,1503
42350,KY,270,1433
42351,KY,270,3851
42352,KY,270,2060
42354,KY,270,252
42355,KY,270,1852
42356,KY,270,83
42361,KY,270,492
42366,KY,270,5863
42367,KY,270,667
42368,KY,270,1325
42369,KY,270,331
42370,KY,270,28
42371,KY,270,476
42372,KY,270,1854
42374,KY,270,277
42376,KY,270,5799
42378,KY,270,3339
42404,KY,270,2569
42406,KY,270,3555
42408,KY,270,6737
42409,KY,270,2586
42410,KY,270,1460
42411,KY,270,1656
42413,KY,270,3118
42420,KY,270,38192
42431,KY,270,26916
42436,KY,270,1030
42437,KY,270,8324
42440,KY,270,748
42441,KY,270,1594
42442,KY,270,3504
42445,KY,270,11331
42450,KY,270,4063
42451,KY,270,783
42452,KY,270,2141
42453,KY,270,532
42455,KY,270,3376
42456,KY,270,1690
42458,KY,270,1151
42459,KY,270,4423
42461,KY,270,1481
42462,KY,270,1319
42463,KY,270,156
42464,KY,270,1799
42501,KY,606,17592
42503,KY,606,22894
42516,KY,606,463
42518,KY,606,2914
42519,KY,606,3191
42528,KY,606,1524
42533,KY,606,802
42539,KY,606,10026
42541,KY,606,531
42544,KY,270,5843
42553,KY,606,5284
42565,KY,270,735
42566,KY,606,660
42567,KY,606,6007
42602,KY,606,10216
42603,KY,606,130
42629,KY,270,4953
42631,KY,606,134
42633,KY,606,20065
42634,KY,606,1565
42635,KY,606,5103
42638,KY,606,207
42642,KY,270,12573
42647,KY,606,4086
42649,KY,606,2326
42653,KY,606,4619
42701,KY,270,48194
42712,KY,270,1855
42713,KY,270,1641
42715,KY,270,347
42716,KY,270,1582
42717,KY,270,6558
42718,KY,270,24312
42721,KY,270,3982
42722,KY,270,714
42724,KY,270,4714
42726,KY,270,4667
42728,KY,270,15925
42729,KY,270,1617
42732,KY,270,2120
42733,KY,270,1454
42740,KY,270,1973
42741,KY,270,480
42743,KY,270,8869
42746,KY,270,1892
42748,KY,270,8706
42749,KY,270,5245
42753,KY,270,743
42754,KY,270,15349
42757,KY,270,2974
42758,KY,270,139
42762,KY,270,422
42764,KY,270,559
42765,KY,270,5840
42776,KY,270,2736
42782,KY,270,953
42784,KY,270,2685
42788,KY,270,310
43001,OH,614,2400
43002,OH,330,2262
43003,OH,740,2917
43004,OH,614,22727
43005,OH,740,174
43006,OH,740,822
43008,OH,740,2479
43009,OH,937,2135
43010,OH,937,272
43011,OH,740,7491
43013,OH,740,1201
43014,OH,740,3632
43015,OH,740,48107
43016,OH,614,31306
43017,OH,614,37626
43019,OH,740,8700
43021,OH,740,10301
43022,OH,740,4161
43023,OH,740,13231
43025,OH,740,5306
43026,OH,614,54017
43028,OH,740,7537
43029,OH,740,664
43030,OH,330,114
43031,OH,740,12318
43032,OH,740,77
43033,OH,330,380
43035,OH,614,24721
43036,OH,937,258
43037,OH,740,535
43040,OH,937,31790
43044,OH,937,5528
43045,OH,937,1953
43046,OH,740,3396
43050,OH,740,29050
43054,OH,614,20566
43055,OH,740,59605
43056,OH,740,17439
43060,OH,937,2480
43061,OH,740,3967
43062,OH,740,27644
43064,OH,614,12580
43065,OH,614,38821
43066,OH,740,1328
43067,OH,937,1591
43068,OH,614,51836
43070,OH,937,133
43071,OH,740,2351
43072,OH,937,5948
43074,OH,740,11655
43076,OH,740,9051
43077,OH,330,258
43078,OH,937,20885
43080,OH,740,5498
43081,OH,614,55991
43082,OH,614,29946
43084,OH,937,841
43085,OH,614,23258
43101,OH,740,380
43102,OH,740,4512
43103,OH,740,10697
43105,OH,740,8147
43106,OH,740,1685
43107,OH,740,3153
43109,OH,330,118
43110,OH,614,33847
43111,OH,330,225
43112,OH,740,4617
43113,OH,740,23717
43115,OH,740,1321
43116,OH,614,1448
43117,OH,330,73
43119,OH,614,27698
43123,OH,614,58424
43125,OH,614,12161
43126,OH,614,326
43127,OH,330,283
43128,OH,740,2309
43130,OH,740,59570
43135,OH,740,4445
43136,OH,614,460
43137,OH,614,2388
43138,OH,740,18437
43140,OH,740,24066
43142,OH,740,111
43143,OH,740,5694
43144,OH,740,477
43145,OH,740,1918
43146,OH,614,12369
43147,OH,614,38440
43148,OH,740,2220
43149,OH,740,2552
43150,OH,740,2482
43151,OH,740,322
43152,OH,740,921
43153,OH,937,971
43154,OH,740,3150
43155,OH,740,2543
43156,OH,330,242
43157,OH,740,610
43158,OH,330,268
43160,OH,740,22305
43162,OH,614,6926
43164,OH,740,2203
43201,OH,614,35495
43202,OH,614,20251
43203,OH,614,8108
43204,OH,614,42104
43205,OH,614,12272
43206,OH,614,21864
43207,OH,614,45144
43209,OH,614,27228
43210,OH,614,9432
43211,OH,614,21600
43212,OH,614,18551
43213,OH,614,30444
43214,OH,614,24650
43215,OH,614,12790
43217,OH,614,2602
43219,OH,614,27123
43220,OH,614,24989
43221,OH,614,31265
43222,OH,614,4617
43223,OH,614,27366
43224,OH,614,38699
43227,OH,614,21340
43228,OH,614,50737
43229,OH,614,46347
43230,OH,614,51161
43231,OH,614,19685
43232,OH,614,42201
43235,OH,614,38493
43240,OH,614,3469
43302,OH,740,54790
43310,OH,937,3104
43311,OH,937,19240
43314,OH,419,3173
43315,OH,419,7046
43316,OH,419,6041
43317,OH,419,168
43318,OH,937,3864
43319,OH,937,1040
43320,OH,419,1588
43321,OH,419,267
43322,OH,740,374
43323,OH,740,680
43324,OH,937,2817
43326,OH,419,13611
43330,OH,419,118
43331,OH,937,4485
43332,OH,740,2323
43333,OH,937,894
43334,OH,419,6651
43336,OH,937,39
43337,OH,740,1108
43338,OH,419,10489
43340,OH,937,1721
43341,OH,740,907
43342,OH,740,3228
43343,OH,937,1505
43344,OH,740,5677
43345,OH,937,920
43347,OH,937,1530
43348,OH,937,1984
43351,OH,419,10436
43356,OH,740,1103
43357,OH,937,4763
43358,OH,937,2521
43359,OH,419,819
43360,OH,937,1593
43402,OH,419,31327
43403,OH,419,5004
43406,OH,419,1777
43407,OH,419,639
43408,OH,419,269
43410,OH,419,10403
43412,OH,419,4362
43413,OH,419,1407
43416,OH,419,2891
43420,OH,419,30579
43430,OH,419,4783
43431,OH,419,4752
43432,OH,419,1366
43433,OH,330,95
43434,OH,330,101
43435,OH,419,1532
43437,OH,419,427
43438,OH,419,312
43439,OH,419,113
43440,OH,419,4875
43442,OH,419,999
43443,OH,419,1834
43445,OH,419,1161
43446,OH,419,25
43447,OH,419,3450
43449,OH,419,8278
43450,OH,419,3619
43451,OH,419,1119
43452,OH,419,13811
43456,OH,419,608
43457,OH,419,1456
43458,OH,419,414
43460,OH,419,6289
43462,OH,419,1163
43463,OH,419,18
43464,OH,419,1460
43465,OH,419,5059
43466,OH,419,2192
43467,OH,419,106
43468,OH,419,451
43469,OH,419,3149
43501,OH,419,788
43502,OH,419,6933
43504,OH,419,1094
43505,OH,419,96
43506,OH,419,14830
43511,OH,419,940
43512,OH,419,28674
43515,OH,419,7979
43516,OH,419,2951
43517,OH,419,3744
43518,OH,419,2726
43519,OH,419,184
43521,OH,419,2811
43522,OH,419,3344
43523,OH,419,62
43524,OH,419,1236
43525,OH,419,1152
43526,OH,419,6072
43527,OH,419,2287
43528,OH,419,16430
43529,OH,419,256
43531,OH,419,216
43532,OH,419,4015
43533,OH,419,1553
43534,OH,419,1784
43535,OH,419,757
43536,OH,419,394
43537,OH,419,27276
43540,OH,419,1501
43541,OH,419,144
43542,OH,419,3591
43543,OH,419,7771
43545,OH,419,14034
43547,OH,419,284
43548,OH,419,700
43549,OH,419,1460
43551,OH,419,37002
43553,OH,419,252
43554,OH,419,2408
43555,OH,419,200
43556,OH,419,1860
43557,OH,419,3393
43558,OH,419,13579
43560,OH,419,32226
43565,OH,419,348
43566,OH,419,7613
43567,OH,419,13283
43569,OH,419,2818
43570,OH,419,3106
43571,OH,419,6783
43604,OH,419,10154
43605,OH,419,28346
43606,OH,419,26429
43607,OH,419,23958
43608,OH,419,16515
43609,OH,419,23687
43610,OH,419,5105
43611,OH,419,19207
43612,OH,419,29674
43613,OH,419,31635
43614,OH,419,29290
43615,OH,419,39441
43616,OH,419,20873
43617,OH,419,7500
43619,OH,419,7499
43620,OH,419,5858
43623,OH,419,20149
43701,OH,740,55643
43711,OH,740,91
43713,OH,740,7487
43716,OH,740,1973
43717,OH,740,164
43718,OH,740,3209
43719,OH,740,2601
43720,OH,330,1300
43721,OH,740,149
43722,OH,740,420
43723,OH,740,4984
43724,OH,740,9201
43725,OH,740,20357
43727,OH,740,1473
43728,OH,740,1250
43730,OH,740,2503
43731,OH,740,5461
43732,OH,740,1703
43733,OH,330,95
43734,OH,740,1171
43735,OH,330,499
43736,OH,330,55
43738,OH,330,164
43739,OH,740,2025
43740,OH,740,256
43746,OH,740,1425
43747,OH,740,1083
43748,OH,740,2755
43749,OH,740,2339
43750,OH,330,164
43754,OH,740,1542
43755,OH,740,1620
43756,OH,740,5320
43758,OH,740,3315
43759,OH,740,66
43760,OH,740,1831
43761,OH,330,111
43762,OH,740,5413
43764,OH,740,8566
43766,OH,740,1648
43767,OH,740,1443
43768,OH,740,275
43771,OH,740,2007
43772,OH,740,1879
43773,OH,740,3248
43777,OH,740,4714
43778,OH,740,1526
43779,OH,740,971
43780,OH,740,2106
43782,OH,740,849
43783,OH,740,4704
43786,OH,740,32
43787,OH,740,2997
43788,OH,740,865
43793,OH,740,5110
43802,OH,740,1075
43804,OH,330,3851
43805,OH,740,71
43811,OH,740,829
43812,OH,740,19061
43821,OH,740,4327
43822,OH,740,4626
43824,OH,740,3787
43830,OH,740,6158
43832,OH,740,7479
43836,OH,330,128
43837,OH,740,1973
43840,OH,330,1248
43842,OH,740,355
43843,OH,740,1123
43844,OH,740,3869
43845,OH,740,4711
43901,OH,740,2219
43902,OH,740,202
43903,OH,740,2208
43905,OH,330,237
43906,OH,740,8678
43907,OH,740,6008
43908,OH,740,1574
43910,OH,740,3631
43912,OH,740,6801
43913,OH,740,1490
43914,OH,740,94
43915,OH,740,1495
43917,OH,740,3136
43920,OH,330,23438
43925,OH,740,82
43926,OH,740,285
43927,OH,330,74
43928,OH,330,116
43930,OH,740,882
43931,OH,740,272
43932,OH,740,931
43933,OH,740,2070
43934,OH,330,295
43935,OH,740,8943
43938,OH,740,5794
43939,OH,740,513
43940,OH,330,377
43942,OH,740,2500
43943,OH,740,3472
43944,OH,740,2529
43945,OH,330,3191
43946,OH,740,2114
43947,OH,740,5322
43948,OH,740,670
43950,OH,740,16762
43951,OH,740,84
43952,OH,740,19050
43953,OH,740,11553
43961,OH,740,294
43962,OH,330,112
43963,OH,740,1362
43964,OH,740,9575
43967,OH,330,21
43968,OH,330,7182
43970,OH,330,31
43971,OH,740,1150
43972,OH,740,144
43973,OH,740,1996
43974,OH,740,107
43976,OH,740,1632
43977,OH,740,2407
43983,OH,740,440
43985,OH,740,128
43986,OH,740,1975
43988,OH,330,2476
44001,OH,440,20769
44003,OH,440,4676
44004,OH,440,33421
44010,OH,440,1667
44011,OH,440,21193
44012,OH,440,22581
44017,OH,440,19161
44021,OH,440,6444
44022,OH,440,16516
44023,OH,440,17351
44024,OH,440,23557
44026,OH,440,11116
44028,OH,440,8467
44030,OH,440,16652
44032,OH,440,1557
44035,OH,440,64263
44039,OH,440,29563
44040,OH,440,3020
44041,OH,440,14979
44044,OH,440,15951
44045,OH,440,422
44046,OH,440,2222
44047,OH,440,9213
44048,OH,440,2565
44049,OH,440,238
44050,OH,440,6118
44052,OH,440,29850
44053,OH,440,18256
44054,OH,440,12591
44055,OH,440,19846
44056,OH,330,11157
44057,OH,440,19961
44060,OH,440,60211
44062,OH,440,14972
44064,OH,440,1657
44065,OH,440,4433
44067,OH,330,20441
44070,OH,440,32902
44072,OH,440,4383
44074,OH,440,11679
44076,OH,440,5141
44077,OH,440,56491
44080,OH,330,226
44081,OH,440,7088
44082,OH,440,1619
44084,OH,440,3611
44085,OH,440,3277
44086,OH,440,2391
44087,OH,330,20221
44089,OH,440,15899
44090,OH,440,11504
44092,OH,440,16835
44093,OH,440,1467
44094,OH,440,35234
44095,OH,440,33579
44099,OH,440,2314
44101,OH,216,565
44102,OH,216,45014
44103,OH,216,18123
44104,OH,216,22640
44105,OH,216,40089
44106,OH,216,26896
44107,OH,216,52244
44108,OH,216,25679
44109,OH,216,40646
44110,OH,216,20136
44111,OH,216,39778
44112,OH,216,23073
44113,OH,216,19213
44114,OH,216,5225
44115,OH,216,8307
44116,OH,440,20268
44117,OH,216,10224
44118,OH,216,40438
44119,OH,216,12482
44120,OH,216,38196
44121,OH,216,33220
44122,OH,216,34057
44123,OH,216,17637
44124,OH,216,38282
44125,OH,216,28730
44126,OH,440,16771
44127,OH,216,5586
44128,OH,216,29274
44129,OH,440,29090
44130,OH,440,50639
44131,OH,216,20469
44132,OH,216,14071
44133,OH,440,30394
44134,OH,216,38800
44135,OH,216,26861
44136,OH,440,25608
44137,OH,216,23240
44138,OH,440,22332
44139,OH,440,24356
44140,OH,440,15651
44141,OH,440,13945
44142,OH,216,19201
44143,OH,440,24499
44144,OH,216,21089
44145,OH,440,32729
44146,OH,216,29761
44147,OH,440,19480
44149,OH,440,19177
44201,OH,330,6917
44202,OH,330,19561
44203,OH,330,41248
44212,OH,330,43548
44214,OH,330,2076
44215,OH,330,2162
44216,OH,330,9418
44217,OH,330,4142
44221,OH,330,29587
44223,OH,330,18185
44224,OH,330,38742
44230,OH,330,8252
44231,OH,330,8308
44233,OH,330,7646
44234,OH,330,4192
44235,OH,330,1825
44236,OH,330,25296
44240,OH,330,37927
44241,OH,330,16428
44243,OH,330,5658
44250,OH,330,1253
44251,OH,330,850
44253,OH,330,3218
44254,OH,330,4833
44255,OH,330,7987
44256,OH,330,62039
44260,OH,330,13450
44262,OH,330,5016
44264,OH,330,2315
44265,OH,330,51
44266,OH,330,33581
44270,OH,330,8890
44272,OH,330,5208
44273,OH,330,6718
44274,OH,330,225
44275,OH,330,3521
44276,OH,330,1906
44278,OH,330,17868
44280,OH,330,4557
44281,OH,330,29954
44285,OH,330,85
44286,OH,216,6109
44287,OH,419,7559
44288,OH,330,4118
44301,OH,330,15340
44302,OH,330,5524
44303,OH,330,7700
44304,OH,330,5916
44305,OH,330,22294
44306,OH,330,22492
44307,OH,330,7643
44308,OH,330,1392
44310,OH,330,22786
44311,OH,330,8782
44312,OH,330,31919
44313,OH,330,24935
44314,OH,330,18825
44319,OH,330,22686
44320,OH,330,19937
44321,OH,330,15200
44333,OH,330,18763
44401,OH,330,2892
44402,OH,330,3352
44403,OH,330,3820
44404,OH,330,1624
44405,OH,330,8229
44406,OH,330,22054
44408,OH,330,10331
44410,OH,330,17409
44411,OH,330,2181
44412,OH,330,2644
44413,OH,330,7261
44417,OH,330,1659
44418,OH,330,1357
44420,OH,330,15429
44423,OH,330,2425
44425,OH,330,14898
44427,OH,330,1612
44428,OH,330,3290
44429,OH,330,2576
44430,OH,330,5270
44431,OH,330,4727
44432,OH,330,13693
44436,OH,330,3836
44437,OH,330,4252
44438,OH,330,4751
44439,OH,440,115
44440,OH,330,4967
44441,OH,330,1600
44442,OH,330,4006
44443,OH,330,1704
44444,OH,330,10454
44445,OH,330,3449
44446,OH,330,20955
44449,OH,330,1323
44450,OH,330,2042
44451,OH,330,3032
44452,OH,234,3167
44454,OH,330,1153
44455,OH,330,1890
44460,OH,330,26732
44470,OH,330,3790
44471,OH,330,11097
44473,OH,330,3823
44481,OH,330,10408
44483,OH,330,26006
44484,OH,330,22991
44485,OH,330,16498
44490,OH,330,798
44491,OH,330,3515
44493,OH,330,25
44502,OH,330,10204
44503,OH,330,1021
44504,OH,330,5262
44505,OH,330,19357
44506,OH,330,2707
44507,OH,330,5863
44509,OH,330,11975
44510,OH,330,2499
44511,OH,330,19672
44512,OH,330,34424
44514,OH,330,22472
44515,OH,330,27766
44601,OH,330,35294
44606,OH,330,7819
44607,OH,330,234
44608,OH,330,2666
44609,OH,330,3987
44610,OH,330,263
44611,OH,330,2025
44612,OH,330,5293
44613,OH,330,2011
44614,OH,330,12595
44615,OH,330,11125
44618,OH,330,6858
44620,OH,330,1567
44621,OH,330,4624
44622,OH,330,18588
44624,OH,330,5397
44625,OH,330,1418
44626,OH,330,2977
44627,OH,330,6845
44628,OH,330,1067
44629,OH,740,2403
44632,OH,330,9765
44633,OH,330,2615
44634,OH,330,2164
44637,OH,330,2694
44638,OH,330,1497
44640,OH,330,151
44641,OH,330,20349
44643,OH,330,3239
44644,OH,330,4791
44645,OH,330,2465
44646,OH,330,47525
44647,OH,330,18015
44651,OH,330,861
44652,OH,330,80
44653,OH,330,599
44654,OH,330,19679
44656,OH,330,2968
44657,OH,330,10334
44659,OH,330,163
44661,OH,330,171
44662,OH,330,9656
44663,OH,330,25362
44666,OH,330,2928
44667,OH,330,13481
44669,OH,330,1382
44670,OH,330,235
44671,OH,330,380
44672,OH,330,4874
44675,OH,330,2082
44676,OH,330,4877
44677,OH,330,2543
44678,OH,330,152
44680,OH,330,4138
44681,OH,330,7799
44682,OH,330,803
44683,OH,740,8550
44685,OH,330,27556
44687,OH,330,249
44688,OH,330,3053
44689,OH,330,638
44690,OH,330,166
44691,OH,330,43753
44693,OH,330,86
44695,OH,740,1608
44697,OH,330,187
44699,OH,740,937
44702,OH,330,1053
44703,OH,330,8895
44704,OH,330,3811
44705,OH,330,18772
44706,OH,330,18246
44707,OH,330,9208
44708,OH,330,25109
44709,OH,330,18905
44710,OH,330,9179
44714,OH,330,9056
44718,OH,330,11951
44720,OH,330,39010
44721,OH,330,13560
44730,OH,330,6050
44802,OH,419,1032
44804,OH,419,1202
44805,OH,419,32345
44807,OH,419,2381
44809,OH,419,293
44811,OH,419,12867
44813,OH,419,8051
44814,OH,419,2929
44815,OH,419,637
44816,OH,440,42
44817,OH,419,1562
44818,OH,419,2644
44820,OH,419,18102
44822,OH,419,3240
44824,OH,419,4060
44825,OH,419,58
44826,OH,419,1687
44827,OH,419,7097
44828,OH,330,166
44830,OH,419,18962
44833,OH,419,17121
44836,OH,419,2654
44837,OH,419,4514
44838,OH,419,266
44839,OH,419,12519
44840,OH,419,2900
44841,OH,419,710
44842,OH,419,5436
44843,OH,419,2387
44844,OH,419,764
44846,OH,419,3301
44847,OH,419,3739
44849,OH,740,2260
44850,OH,419,148
44851,OH,419,5308
44853,OH,419,1397
44854,OH,419,1749
44855,OH,419,1271
44856,OH,330,128
44857,OH,419,23805
44859,OH,419,1737
44861,OH,419,64
44864,OH,419,3204
44865,OH,419,3434
44866,OH,419,2259
44867,OH,419,2351
44870,OH,419,41030
44874,OH,419,394
44875,OH,419,13818
44878,OH,419,3147
44880,OH,419,2864
44881,OH,330,70
44882,OH,419,2909
44883,OH,419,29413
44887,OH,419,1020
44889,OH,440,6703
44890,OH,419,11162
44901,OH,419,2501
44902,OH,419,5432
44903,OH,419,25602
44904,OH,419,13906
44905,OH,419,14513
44906,OH,419,16718
44907,OH,419,14313
45001,OH,513,606
45002,OH,513,13388
45003,OH,513,697
45005,OH,937,29963
45011,OH,513,73596
45013,OH,513,52613
45014,OH,513,43917
45015,OH,513,12038
45030,OH,513,17921
45032,OH,513,348
45033,OH,513,276
45034,OH,513,1184
45036,OH,513,37504
45039,OH,513,22814
45040,OH,513,50627
45041,OH,513,199
45042,OH,513,26451
45044,OH,513,52822
45050,OH,513,8548
45051,OH,330,177
45052,OH,513,4004
45053,OH,513,3420
45054,OH,513,2471
45056,OH,513,27038
45062,OH,513,688
45064,OH,513,2857
45065,OH,513,4442
45066,OH,937,23839
45067,OH,513,13898
45068,OH,513,10479
45069,OH,513,49060
45070,OH,937,192
45101,OH,937,2385
45102,OH,513,22680
45103,OH,513,31485
45106,OH,513,12349
45107,OH,937,9236
45111,OH,513,376
45112,OH,513,64
45113,OH,937,3857
45115,OH,937,78
45118,OH,513,3614
45120,OH,937,3672
45121,OH,937,9036
45122,OH,513,11054
45123,OH,937,8671
45130,OH,937,3913
45131,OH,937,238
45132,OH,937,262
45133,OH,937,23900
45135,OH,937,4761
45140,OH,513,53267
45142,OH,937,4444
45144,OH,937,4272
45146,OH,937,1580
45147,OH,330,147
45148,OH,937,1588
45150,OH,513,31394
45152,OH,513,11329
45153,OH,513,1665
45154,OH,937,9172
45155,OH,937,366
45156,OH,513,98
45157,OH,513,9758
45158,OH,513,370
45159,OH,937,3392
45160,OH,513,699
45162,OH,513,2519
45164,OH,937,271
45166,OH,937,98
45167,OH,937,3764
45168,OH,937,1607
45169,OH,937,4772
45171,OH,937,6054
45172,OH,937,131
45174,OH,513,2258
45176,OH,513,9100
45177,OH,937,22260
45202,OH,513,15483
45203,OH,513,2236
45204,OH,513,6972
45205,OH,513,19389
45206,OH,513,10745
45207,OH,513,7974
45208,OH,513,17614
45209,OH,513,9605
45211,OH,513,36111
45212,OH,513,22253
45213,OH,513,12013
45214,OH,513,8738
45215,OH,513,29623
45216,OH,513,9570
45217,OH,513,6566
45218,OH,513,3846
45219,OH,513,16526
45220,OH,513,15313
45223,OH,513,12360
45224,OH,513,19837
45225,OH,513,9040
45226,OH,513,5476
45227,OH,513,17486
45229,OH,513,13020
45230,OH,513,27536
45231,OH,513,40893
45232,OH,513,6358
45233,OH,513,15808
45236,OH,513,24552
45237,OH,513,20021
45238,OH,513,45760
45239,OH,513,28315
45240,OH,513,27286
45241,OH,513,23044
45242,OH,513,22055
45243,OH,513,14891
45244,OH,513,28565
45245,OH,513,18542
45246,OH,513,15133
45247,OH,513,22082
45248,OH,513,24915
45249,OH,513,12902
45251,OH,513,22391
45252,OH,513,4600
45255,OH,513,21775
45301,OH,330,130
45302,OH,937,4280
45303,OH,937,2223
45304,OH,937,7300
45305,OH,937,10712
45306,OH,937,2294
45307,OH,937,338
45308,OH,937,4682
45309,OH,937,12123
45310,OH,419,244
45311,OH,513,6367
45312,OH,937,1435
45314,OH,937,5916
45315,OH,937,4377
45316,OH,330,115
45317,OH,937,1180
45318,OH,937,5365
45319,OH,937,293
45320,OH,937,15691
45321,OH,937,931
45322,OH,937,21447
45323,OH,937,5019
45324,OH,937,40529
45325,OH,937,2647
45326,OH,937,1179
45327,OH,937,8917
45328,OH,937,525
45330,OH,937,834
45331,OH,937,22930
45332,OH,937,612
45333,OH,937,1345
45334,OH,937,2037
45335,OH,937,6939
45336,OH,937,153
45337,OH,937,1690
45338,OH,937,5298
45339,OH,937,1234
45340,OH,937,830
45341,OH,937,3883
45342,OH,937,36784
45344,OH,937,16955
45345,OH,937,6144
45346,OH,937,2293
45347,OH,937,4324
45348,OH,419,994
45349,OH,937,427
45350,OH,419,106
45351,OH,419,274
45352,OH,330,208
45353,OH,330,196
45354,OH,937,642
45356,OH,937,25172
45358,OH,937,356
45359,OH,937,1970
45360,OH,330,335
45361,OH,937,288
45362,OH,937,1076
45363,OH,937,1770
45365,OH,937,30561
45368,OH,937,4727
45369,OH,937,3545
45370,OH,937,2452
45371,OH,937,18333
45372,OH,937,375
45373,OH,937,35131
45377,OH,937,15215
45378,OH,937,407
45380,OH,937,5477
45381,OH,937,5509
45382,OH,937,1269
45383,OH,937,7037
45384,OH,330,2001
45385,OH,937,37247
45387,OH,937,5169
45388,OH,419,812
45389,OH,937,521
45390,OH,937,3461
45402,OH,937,11420
45403,OH,937,15006
45404,OH,937,10833
45405,OH,937,18948
45406,OH,937,21914
45409,OH,937,12868
45410,OH,937,15339
45414,OH,937,21055
45415,OH,937,12631
45416,OH,937,5740
45417,OH,937,31281
45419,OH,937,15159
45420,OH,937,25438
45424,OH,937,49930
45426,OH,937,15239
45428,OH,330,240
45429,OH,937,25885
45430,OH,937,7402
45431,OH,937,26315
45432,OH,937,15288
45433,OH,937,2011
45434,OH,937,12163
45439,OH,937,10000
45440,OH,937,20734
45449,OH,937,18175
45458,OH,937,29880
45459,OH,937,27749
45502,OH,937,16110
45503,OH,937,32999
45504,OH,937,18465
45505,OH,937,20197
45506,OH,937,14055
45601,OH,740,57842
45612,OH,740,5303
45613,OH,740,3597
45614,OH,740,5080
45616,OH,937,1559
45617,OH,740,71
45618,OH,330,30
45619,OH,740,8200
45620,OH,740,917
45621,OH,740,313
45622,OH,740,321
45623,OH,740,3494
45624,OH,740,31
45628,OH,740,5211
45629,OH,740,3438
45630,OH,740,118
45631,OH,740,15048
45634,OH,740,2112
45636,OH,330,148
45638,OH,740,21635
45640,OH,740,15960
45642,OH,330,33
45644,OH,740,4249
45645,OH,740,3036
45646,OH,740,370
45647,OH,740,2484
45648,OH,740,13372
45650,OH,937,435
45651,OH,740,6047
45652,OH,740,3519
45653,OH,740,4179
45654,OH,740,917
45656,OH,740,6639
45657,OH,740,2744
45658,OH,740,2787
45659,OH,740,2973
45660,OH,937,8297
45661,OH,740,7657
45662,OH,740,30219
45663,OH,740,6762
45669,OH,740,10399
45671,OH,740,457
45672,OH,740,1749
45673,OH,740,385
45674,OH,740,584
45678,OH,740,1101
45679,OH,937,2812
45680,OH,740,13074
45681,OH,740,1689
45682,OH,740,2420
45684,OH,937,1804
45685,OH,740,1251
45686,OH,740,3397
45688,OH,740,475
45690,OH,740,14412
45692,OH,740,8773
45693,OH,937,8981
45694,OH,740,12147
45695,OH,740,674
45696,OH,614,1438
45697,OH,937,4894
45698,OH,740,341
45701,OH,740,34122
45710,OH,740,5541
45711,OH,740,1115
45714,OH,740,9951
45715,OH,740,2630
45716,OH,330,469
45719,OH,740,1046
45721,OH,740,29
45723,OH,740,3740
45724,OH,740,1744
45727,OH,740,516
45729,OH,740,1289
45732,OH,740,4776
45734,OH,740,549
45735,OH,740,1730
45740,OH,740,494
45741,OH,740,918
45742,OH,740,3014
45743,OH,740,1449
45744,OH,740,2728
45745,OH,740,1140
45746,OH,740,433
45750,OH,740,27785
45760,OH,740,3892
45761,OH,740,1745
45764,OH,740,9431
45766,OH,740,1382
45767,OH,740,2800
45768,OH,740,1703
45769,OH,740,6642
45770,OH,740,620
45771,OH,740,3432
45772,OH,740,2149
45773,OH,330,83
45775,OH,740,1259
45776,OH,740,765
45778,OH,740,824
45779,OH,740,755
45780,OH,740,3254
45782,OH,740,343
45784,OH,740,3386
45786,OH,740,3253
45787,OH,740,29
45788,OH,740,1129
45789,OH,740,177
45801,OH,419,25303
45804,OH,419,15758
45805,OH,419,22514
45806,OH,419,11158
45807,OH,419,12221
45808,OH,419,349
45809,OH,419,157
45810,OH,419,8460
45812,OH,419,1943
45813,OH,419,3530
45814,OH,419,2620
45816,OH,419,291
45817,OH,419,6736
45819,OH,419,233
45820,OH,419,543
45821,OH,419,1435
45822,OH,419,18943
45826,OH,419,306
45827,OH,419,2369
45828,OH,419,6125
45830,OH,419,6228
45831,OH,419,3181
45832,OH,419,2905
45833,OH,419,10667
45835,OH,419,490
45836,OH,419,1479
45838,OH,330,50
45840,OH,419,54979
45841,OH,419,929
45843,OH,419,3701
45844,OH,419,3256
45845,OH,937,3178
45846,OH,419,4437
45849,OH,419,1219
45850,OH,419,3653
45851,OH,419,669
45853,OH,419,1439
45854,OH,419,498
45855,OH,330,193
45856,OH,419,5194
45858,OH,419,3083
45859,OH,419,495
45860,OH,419,2274
45861,OH,330,296
45862,OH,419,1507
45863,OH,419,1254
45864,OH,419,163
45865,OH,419,4745
45866,OH,419,186
45867,OH,419,1189
45868,OH,419,567
45869,OH,419,4534
45870,OH,419,156
45871,OH,419,1955
45872,OH,419,4240
45873,OH,419,2238
45874,OH,419,2100
45875,OH,419,10989
45876,OH,419,863
45877,OH,419,2139
45879,OH,419,6284
45880,OH,419,2395
45881,OH,419,1461
45882,OH,419,3004
45883,OH,419,3883
45884,OH,330,145
45885,OH,419,12661
45886,OH,419,551
45887,OH,419,4755
45888,OH,419,220
45889,OH,419,1351
45890,OH,419,671
45891,OH,419,15275
45894,OH,419,605
45895,OH,419,17945
45896,OH,419,2089
45897,OH,419,101
45898,OH,419,1314
45899,OH,419,194
46001,IN,765,10459
46011,IN,765,16770
46012,IN,765,19414
46013,IN,765,17876
46016,IN,765,19225
46017,IN,765,6025
46030,IN,317,3308
46031,IN,765,2161
46032,IN,317,42234
46033,IN,317,34889
46034,IN,317,6730
46035,IN,765,1113
46036,IN,765,11663
46037,IN,317,35891
46038,IN,317,37723
46039,IN,765,745
46040,IN,317,9944
46041,IN,765,23891
46044,IN,765,2965
46045,IN,765,93
46047,IN,317,43
46048,IN,317,2406
46049,IN,765,850
46050,IN,765,1706
46051,IN,765,2826
46052,IN,765,22060
46055,IN,317,10193
46056,IN,765,2246
46057,IN,765,1179
46058,IN,765,2149
46060,IN,317,34708
46062,IN,317,29730
46063,IN,765,401
46064,IN,765,17148
46065,IN,765,3669
46068,IN,765,2850
46069,IN,317,6664
46070,IN,765,2351
46071,IN,765,3417
46072,IN,765,9324
46074,IN,317,26745
46075,IN,317,2913
46076,IN,765,1696
46077,IN,317,24512
46103,IN,317,159
46104,IN,765,970
46105,IN,765,1928
46106,IN,317,5928
46107,IN,317,12774
46110,IN,317,500
46111,IN,317,322
46112,IN,317,33662
46113,IN,317,14063
46115,IN,317,1933
46117,IN,317,671
46118,IN,317,5015
46120,IN,765,5954
46121,IN,765,5276
46122,IN,317,14671
46123,IN,317,31754
46124,IN,812,8127
46125,IN,765,51
46126,IN,317,4668
46127,IN,765,416
46128,IN,765,1949
46130,IN,317,2508
46131,IN,317,31036
46133,IN,765,816
46135,IN,765,20992
46140,IN,317,38543
46142,IN,317,30413
46143,IN,317,48555
46144,IN,765,211
46146,IN,765,117
46147,IN,765,3264
46148,IN,765,5097
46149,IN,317,1890
46150,IN,765,764
46151,IN,765,30921
46155,IN,765,103
46156,IN,765,1470
46157,IN,317,3639
46158,IN,317,23053
46160,IN,812,6421
46161,IN,765,2655
46162,IN,317,458
46163,IN,317,11963
46164,IN,317,3957
46165,IN,765,1498
46166,IN,765,2306
46167,IN,317,6336
46168,IN,317,30309
46171,IN,765,1695
46172,IN,765,2427
46173,IN,765,11190
46175,IN,765,597
46176,IN,317,27816
46180,IN,317,1028
46181,IN,317,4832
46182,IN,765,1927
46183,IN,317,82
46184,IN,317,11806
46186,IN,765,1753
46201,IN,317,30962
46202,IN,317,16335
46203,IN,317,38950
46204,IN,317,5125
46205,IN,317,25356
46208,IN,317,22239
46214,IN,317,24306
46216,IN,317,1697
46217,IN,317,29358
46218,IN,317,29028
46219,IN,317,33930
46220,IN,317,34830
46221,IN,317,26393
46222,IN,317,34044
46224,IN,317,35094
46225,IN,317,7319
46226,IN,317,43904
46227,IN,317,57086
46228,IN,317,14755
46229,IN,317,27262
46231,IN,317,10440
46234,IN,317,24810
46235,IN,317,30825
46236,IN,317,27294
46237,IN,317,39624
46239,IN,317,25345
46240,IN,317,18731
46241,IN,317,30670
46250,IN,317,18546
46254,IN,317,38095
46256,IN,317,23647
46259,IN,317,11617
46260,IN,317,32406
46268,IN,317,24965
46278,IN,317,8197
46280,IN,317,6793
46290,IN,317,170
46301,IN,219,669
46303,IN,219,14170
46304,IN,219,24207
46307,IN,219,60619
46310,IN,219,13565
46311,IN,219,20816
46312,IN,219,29698
46319,IN,219,18404
46320,IN,219,15508
46321,IN,219,23603
46322,IN,219,23727
46323,IN,219,22743
46324,IN,219,23165
46327,IN,219,12153
46340,IN,219,1068
46341,IN,219,10426
46342,IN,219,31244
46345,IN,317,249
46346,IN,317,1423
46347,IN,219,4760
46348,IN,219,1045
46349,IN,219,3336
46350,IN,219,43650
46356,IN,219,17524
46360,IN,219,43625
46365,IN,219,1068
46366,IN,219,5791
46368,IN,219,38691
46371,IN,317,3599
46373,IN,219,13859
46374,IN,219,1012
46375,IN,219,23820
46376,IN,219,398
46377,IN,219,386
46379,IN,219,202
46381,IN,219,235
46382,IN,219,2108
46383,IN,219,39687
46385,IN,219,38866
46390,IN,219,2796
46391,IN,219,9726
46392,IN,219,7957
46393,IN,219,399
46394,IN,219,12258
46402,IN,219,6726
46403,IN,219,12601
46404,IN,219,17326
46405,IN,219,11746
46406,IN,219,9900
46407,IN,219,12656
46408,IN,219,17030
46409,IN,219,8932
46410,IN,219,38340
46501,IN,574,3856
46502,IN,317,115
46504,IN,574,3413
46506,IN,574,10070
46507,IN,574,9128
46508,IN,574,217
46510,IN,260,3631
46511,IN,574,4435
46514,IN,574,40263
46516,IN,574,33501
46517,IN,574,23764
46524,IN,574,2326
46526,IN,574,30671
46528,IN,574,26104
46530,IN,317,30614
46531,IN,317,1458
46532,IN,574,1905
46534,IN,574,11263
46536,IN,574,3445
46537,IN,317,433
46538,IN,574,3867
46539,IN,574,2298
46540,IN,574,11702
46542,IN,574,4198
46543,IN,574,3654
46544,IN,574,30759
46545,IN,574,25082
46550,IN,574,12311
46552,IN,574,6834
46553,IN,574,3428
46554,IN,574,4942
46555,IN,574,2835
46556,IN,317,7314
46561,IN,574,13343
46562,IN,574,4788
46563,IN,574,23599
46565,IN,260,7950
46567,IN,574,9405
46570,IN,574,1060
46571,IN,260,5532
46573,IN,574,3565
46574,IN,574,8339
46580,IN,317,21338
46582,IN,574,12378
46590,IN,317,4908
46595,IN,317,163
46601,IN,574,6090
46613,IN,574,10893
46614,IN,574,29573
46615,IN,574,14609
46616,IN,574,5667
46617,IN,574,9601
46619,IN,317,21408
46628,IN,317,25650
46635,IN,317,6654
46637,IN,574,15314
46701,IN,260,7979
46702,IN,260,2304
46703,IN,260,18029
46704,IN,317,60
46705,IN,260,1583
46706,IN,260,18630
46710,IN,260,4679
46711,IN,260,7698
46714,IN,260,14645
46721,IN,260,5058
46723,IN,260,7692
46725,IN,260,23080
46730,IN,260,1381
46731,IN,260,559
46732,IN,260,3169
46733,IN,260,18777
46737,IN,260,7068
46738,IN,260,7918
46740,IN,260,4060
46741,IN,317,4647
46742,IN,260,3488
46743,IN,260,1971
46745,IN,317,1841
46746,IN,260,4036
46747,IN,260,2693
46748,IN,260,5134
46750,IN,260,27221
46755,IN,260,15062
46759,IN,765,652
46760,IN,260,1382
46761,IN,260,12039
46763,IN,317,1631
46764,IN,260,1497
46765,IN,260,5341
46766,IN,260,685
46767,IN,260,8564
46770,IN,260,2716
46771,IN,317,105
46772,IN,260,3411
46773,IN,260,3662
46774,IN,260,16008
46776,IN,260,1484
46777,IN,260,6259
46779,IN,260,2166
46781,IN,260,793
46783,IN,260,6396
46784,IN,317,2236
46785,IN,260,1542
46786,IN,317,102
46787,IN,260,3893
46788,IN,260,3260
46791,IN,260,918
46792,IN,260,3499
46793,IN,260,4292
46794,IN,260,1587
46795,IN,260,5608
46797,IN,260,3957
46798,IN,260,1661
46799,IN,317,212
46802,IN,260,11086
46803,IN,260,9758
46804,IN,260,27245
46805,IN,260,21306
46806,IN,260,23560
46807,IN,260,16072
46808,IN,260,19309
46809,IN,260,8947
46814,IN,260,12281
46815,IN,260,26522
46816,IN,260,18116
46818,IN,260,18790
46819,IN,260,8765
46825,IN,260,27931
46835,IN,317,33604
46845,IN,317,22117
46901,IN,765,37633
46902,IN,765,35697
46910,IN,574,3360
46911,IN,765,1439
46913,IN,765,1329
46914,IN,765,4908
46915,IN,765,679
46917,IN,574,1853
46919,IN,765,2390
46920,IN,765,1045
46922,IN,317,61
46923,IN,765,8048
46926,IN,765,1708
46928,IN,765,4951
46929,IN,574,3214
46930,IN,765,133
46931,IN,317,188
46932,IN,574,3448
46933,IN,765,6414
46936,IN,765,5922
46938,IN,765,3200
46939,IN,574,2101
46940,IN,765,2548
46941,IN,260,1125
46943,IN,317,247
46946,IN,317,136
46947,IN,574,28866
46950,IN,574,643
46951,IN,574,2170
46952,IN,765,20308
46953,IN,765,24177
46957,IN,765,558
46958,IN,765,460
46959,IN,317,231
46960,IN,574,1218
46961,IN,317,99
46962,IN,260,9728
46967,IN,317,98
46968,IN,317,73
46970,IN,765,23766
46974,IN,765,1699
46975,IN,574,14691
46978,IN,574,2059
46979,IN,765,4733
46982,IN,260,2573
46984,IN,765,224
46985,IN,574,1441
46986,IN,765,1915
46987,IN,765,776
46988,IN,574,823
46989,IN,765,5195
46990,IN,260,801
46991,IN,765,1797
46992,IN,260,16759
46994,IN,574,2684
46996,IN,574,7139
46998,IN,317,112
47001,IN,812,10422
47003,IN,765,1040
47006,IN,812,11727
47010,IN,765,306
47011,IN,812,1277
47012,IN,765,10188
47016,IN,765,793
47017,IN,812,507
47018,IN,812,4275
47020,IN,812,1309
47022,IN,812,3358
47023,IN,812,1636
47024,IN,765,3226
47025,IN,812,22932
47030,IN,765,1636
47031,IN,812,5368
47032,IN,812,3289
47034,IN,812,158
47035,IN,812,233
47036,IN,812,1023
47037,IN,812,4333
47038,IN,812,1504
47040,IN,812,5480
47041,IN,812,6125
47042,IN,812,4504
47043,IN,812,5250
47060,IN,812,6448
47102,IN,812,7255
47104,IN,812,41
47106,IN,812,4718
47108,IN,812,2463
47110,IN,812,350
47111,IN,812,14533
47112,IN,812,16722
47114,IN,812,399
47115,IN,812,2622
47116,IN,812,805
47117,IN,812,4429
47118,IN,812,3502
47119,IN,812,10911
47120,IN,812,938
47122,IN,812,9979
47123,IN,812,189
47124,IN,812,4264
47125,IN,812,1658
47126,IN,812,4250
47129,IN,812,19527
47130,IN,812,44722
47135,IN,812,1372
47136,IN,812,4178
47137,IN,812,1421
47138,IN,812,4373
47140,IN,812,2669
47141,IN,812,1668
47142,IN,812,1174
47143,IN,812,3015
47145,IN,812,1998
47147,IN,812,945
47150,IN,812,47472
47160,IN,812,93
47161,IN,812,3735
47162,IN,812,829
47163,IN,812,1746
47164,IN,812,3779
47165,IN,812,6438
47166,IN,812,1302
47167,IN,812,15014
47170,IN,812,14795
47172,IN,812,16059
47175,IN,812,909
47177,IN,812,1221
47201,IN,812,41662
47203,IN,812,25806
47220,IN,812,5652
47223,IN,812,1490
47224,IN,812,636
47226,IN,317,202
47227,IN,812,1598
47229,IN,812,3231
47230,IN,812,2029
47231,IN,812,1167
47232,IN,812,2839
47234,IN,765,1379
47235,IN,812,1784
47240,IN,812,20832
47243,IN,812,5951
47244,IN,812,786
47246,IN,812,4342
47247,IN,317,156
47250,IN,812,21944
47260,IN,812,1911
47263,IN,317,236
47264,IN,812,1428
47265,IN,812,20911
47270,IN,812,807
47272,IN,765,2041
47273,IN,812,1849
47274,IN,812,28770
47280,IN,812,813
47281,IN,812,1324
47282,IN,812,289
47283,IN,812,3386
47302,IN,765,27592
47303,IN,765,25365
47304,IN,765,30516
47305,IN,765,4106
47306,IN,765,6189
47320,IN,765,4134
47324,IN,317,138
47325,IN,765,667
47326,IN,260,2295
47327,IN,765,4597
47330,IN,765,5755
47331,IN,765,23429
47334,IN,765,3263
47335,IN,765,761
47336,IN,765,3807
47337,IN,765,203
47338,IN,765,2827
47339,IN,765,669
47340,IN,765,2914
47341,IN,765,2283
47342,IN,765,2693
47344,IN,765,140
47345,IN,765,1448
47346,IN,765,4082
47348,IN,765,9828
47351,IN,765,471
47352,IN,765,965
47353,IN,765,5879
47354,IN,765,1129
47355,IN,765,2885
47356,IN,765,5781
47357,IN,765,1215
47358,IN,765,996
47359,IN,765,3143
47360,IN,765,1546
47361,IN,765,135
47362,IN,765,30243
47367,IN,317,191
47368,IN,765,2845
47369,IN,260,1343
47371,IN,260,12226
47373,IN,765,2226
47374,IN,765,46875
47380,IN,765,2004
47381,IN,765,145
47382,IN,317,200
47383,IN,765,2960
47384,IN,765,2000
47385,IN,765,1612
47386,IN,765,1231
47387,IN,765,726
47388,IN,765,384
47390,IN,765,5310
47393,IN,765,1704
47394,IN,765,8470
47396,IN,765,7030
47401,IN,812,41011
47403,IN,812,30955
47404,IN,812,21026
47405,IN,812,4427
47406,IN,812,4730
47408,IN,812,24776
47420,IN,317,135
47421,IN,812,27831
47424,IN,812,9525
47427,IN,812,1093
47429,IN,812,7986
47431,IN,812,1366
47432,IN,812,4537
47433,IN,812,4025
47434,IN,812,76
47436,IN,812,1663
47437,IN,317,123
47438,IN,812,4798
47441,IN,812,9269
47443,IN,812,1233
47446,IN,812,9990
47448,IN,812,7505
47449,IN,812,413
47451,IN,812,1228
47452,IN,812,5359
47453,IN,812,498
47454,IN,812,7688
47455,IN,812,124
47456,IN,765,1200
47457,IN,812,134
47458,IN,812,36
47459,IN,812,3795
47460,IN,812,11471
47462,IN,812,4871
47464,IN,812,198
47465,IN,812,750
47467,IN,317,72
47468,IN,812,1250
47469,IN,812,1749
47470,IN,812,1735
47471,IN,812,2727
47501,IN,812,17535
47512,IN,812,3981
47513,IN,812,1841
47514,IN,812,1559
47515,IN,812,965
47516,IN,812,1249
47519,IN,812,513
47520,IN,812,3267
47521,IN,812,927
47522,IN,812,246
47523,IN,812,3435
47524,IN,812,605
47525,IN,812,382
47527,IN,812,1897
47528,IN,812,476
47529,IN,812,1042
47531,IN,812,1004
47532,IN,812,4627
47535,IN,812,566
47536,IN,812,40
47537,IN,812,826
47541,IN,812,1224
47542,IN,812,9622
47546,IN,812,21009
47550,IN,812,854
47551,IN,812,649
47552,IN,812,182
47553,IN,812,8495
47557,IN,812,1432
47558,IN,812,4406
47561,IN,812,1588
47562,IN,812,4658
47564,IN,812,1352
47567,IN,812,6021
47568,IN,812,834
47574,IN,812,148
47575,IN,812,976
47576,IN,812,388
47577,IN,812,1143
47578,IN,812,776
47579,IN,812,2659
47580,IN,812,289
47581,IN,812,3883
47584,IN,812,179
47585,IN,812,592
47586,IN,812,10932
47588,IN,812,698
47590,IN,812,713
47591,IN,812,26770
47596,IN,812,202
47597,IN,812,1023
47598,IN,812,3418
47601,IN,812,13896
47610,IN,812,5195
47611,IN,812,1257
47612,IN,812,861
47613,IN,812,2679
47615,IN,812,1611
47616,IN,812,364
47619,IN,812,1696
47620,IN,812,13427
47630,IN,812,34423
47631,IN,812,2042
47633,IN,812,2542
47634,IN,812,2382
47635,IN,812,5671
47637,IN,812,1507
47638,IN,812,3577
47639,IN,812,4069
47640,IN,812,1089
47648,IN,812,4373
47649,IN,812,1402
47654,IN,812,70
47660,IN,812,4934
47665,IN,812,3637
47666,IN,812,1447
47670,IN,812,12352
47683,IN,812,210
47708,IN,812,439
47710,IN,812,19527
47711,IN,812,31457
47712,IN,812,26012
47713,IN,812,11032
47714,IN,812,34107
47715,IN,812,27063
47720,IN,812,17413
47725,IN,812,15851
47802,IN,812,34532
47803,IN,812,21102
47804,IN,812,11020
47805,IN,812,12852
47807,IN,812,13045
47809,IN,812,2687
47832,IN,765,1040
47833,IN,812,1010
47834,IN,812,19215
47836,IN,765,47
47837,IN,812,1231
47838,IN,812,4081
47840,IN,812,1500
47841,IN,812,2138
47842,IN,765,10085
47846,IN,812,638
47847,IN,765,1077
47848,IN,812,1691
47849,IN,812,496
47850,IN,812,2456
47853,IN,812,134
47854,IN,765,849
47855,IN,812,546
47857,IN,812,571
47858,IN,812,698
47859,IN,765,1066
47860,IN,765,321
47861,IN,812,616
47862,IN,765,1610
47863,IN,812,205
47865,IN,812,79
47866,IN,812,347
47868,IN,812,2937
47869,IN,812,137
47871,IN,812,220
47872,IN,765,8890
47874,IN,765,3414
47876,IN,812,394
47879,IN,812,3302
47880,IN,317,67
47881,IN,812,465
47882,IN,812,8430
47884,IN,765,229
47885,IN,812,9009
47901,IN,765,3518
47904,IN,765,16277
47905,IN,765,38910
47906,IN,765,73916
47907,IN,765,0
47909,IN,765,39373
47916,IN,765,64
47917,IN,765,491
47918,IN,765,6321
47920,IN,765,2414
47921,IN,765,1078
47922,IN,219,1623
47923,IN,765,3494
47924,IN,765,141
47925,IN,317,203
47926,IN,574,1097
47928,IN,765,2047
47929,IN,219,774
47930,IN,765,1094
47932,IN,765,5357
47933,IN,765,27937
47940,IN,765,1433
47941,IN,765,1300
47942,IN,219,660
47943,IN,219,932
47944,IN,765,3623
47946,IN,219,2044
47948,IN,219,1359
47949,IN,765,1332
47950,IN,574,912
47951,IN,219,2252
47952,IN,765,2798
47954,IN,765,2220
47955,IN,765,1088
47957,IN,219,1894
47958,IN,765,209
47959,IN,219,2822
47960,IN,574,15003
47963,IN,219,1949
47964,IN,219,122
47965,IN,765,646
47966,IN,765,461
47967,IN,765,772
47968,IN,765,982
47969,IN,765,145
47970,IN,765,2034
47971,IN,765,1865
47974,IN,765,1186
47975,IN,765,653
47977,IN,219,2206
47978,IN,219,11793
47980,IN,219,1096
47981,IN,765,849
47982,IN,317,143
47983,IN,765,347
47987,IN,765,4049
47989,IN,765,1281
47990,IN,765,1627
47991,IN,765,1070
47992,IN,765,1465
47993,IN,765,3918
47994,IN,765,476
47995,IN,219,1743
47997,IN,317,139
48001,MI,810,11986
48002,MI,810,3285
48003,MI,810,6070
48005,MI,586,5379
48006,MI,810,4007
48009,MI,248,20107
48014,MI,810,4256
48015,MI,586,8257
48017,MI,248,11805
48021,MI,586,32353
48022,MI,810,2654
48023,MI,586,5178
48025,MI,248,14543
48026,MI,586,14480
48027,MI,810,3249
48028,MI,810,1190
48030,MI,248,16422
48032,MI,810,2322
48033,MI,248,16064
48034,MI,248,12590
48035,MI,586,34788
48036,MI,586,20980
48038,MI,586,41057
48039,MI,810,7807
48040,MI,810,9956
48041,MI,810,4561
48042,MI,586,27291
48043,MI,586,16305
48044,MI,586,52289
48045,MI,586,24604
48047,MI,586,39415
48048,MI,586,7548
48049,MI,810,5582
48050,MI,586,1653
48051,MI,586,17319
48054,MI,810,7339
48059,MI,810,15123
48060,MI,810,40831
48062,MI,586,9373
48063,MI,586,4070
48064,MI,810,4107
48065,MI,586,10547
48066,MI,586,47388
48067,MI,248,24458
48069,MI,248,2526
48070,MI,248,6238
48071,MI,248,29694
48072,MI,248,14970
48073,MI,248,32798
48074,MI,810,9356
48075,MI,248,21790
48076,MI,248,25386
48079,MI,810,12304
48080,MI,586,22494
48081,MI,586,20635
48082,MI,586,16549
48083,MI,248,22507
48084,MI,248,14231
48085,MI,248,24660
48088,MI,586,22255
48089,MI,586,31978
48091,MI,586,31106
48092,MI,586,25680
48093,MI,586,23037
48094,MI,586,18028
48095,MI,586,4906
48096,MI,586,3739
48097,MI,810,5499
48098,MI,248,19582
48101,MI,313,28200
48103,MI,734,53057
48104,MI,734,38315
48105,MI,734,33905
48108,MI,734,26164
48109,MI,734,6904
48111,MI,734,42313
48114,MI,810,19702
48116,MI,810,26432
48117,MI,734,10124
48118,MI,734,12552
48120,MI,313,8274
48122,MI,313,10727
48124,MI,313,31732
48125,MI,313,21273
48126,MI,313,47465
48127,MI,313,36501
48128,MI,313,10682
48130,MI,734,14420
48131,MI,734,6764
48133,MI,734,5753
48134,MI,734,21408
48135,MI,734,27665
48137,MI,734,4796
48138,MI,734,10371
48139,MI,810,206
48140,MI,734,3095
48141,MI,313,25366
48143,MI,810,32
48144,MI,734,9952
48145,MI,734,3503
48146,MI,313,38098
48150,MI,734,27127
48152,MI,734,31173
48154,MI,734,38642
48157,MI,734,1436
48158,MI,734,7309
48159,MI,734,2582
48160,MI,734,13785
48161,MI,734,26470
48162,MI,734,29344
48164,MI,734,9175
48165,MI,248,6339
48166,MI,734,11569
48167,MI,248,21534
48168,MI,248,21781
48169,MI,734,20813
48170,MI,734,39963
48173,MI,734,12700
48174,MI,734,31515
48176,MI,734,21447
48177,MI,248,218
48178,MI,248,29320
48179,MI,734,3274
48180,MI,734,63131
48182,MI,734,21708
48183,MI,734,43182
48184,MI,734,17643
48185,MI,734,47618
48186,MI,734,36506
48187,MI,734,49148
48188,MI,734,41025
48189,MI,734,13632
48190,MI,734,107
48191,MI,734,4054
48192,MI,734,25883
48193,MI,248,15623
48195,MI,734,30047
48197,MI,734,61132
48198,MI,734,38186
48201,MI,313,12814
48202,MI,313,16603
48203,MI,313,28409
48204,MI,313,27997
48205,MI,313,44045
48206,MI,313,21954
48207,MI,313,20252
48208,MI,313,10234
48209,MI,313,32262
48210,MI,313,31017
48211,MI,313,7082
48212,MI,313,39038
48213,MI,313,27712
48214,MI,313,22759
48215,MI,313,13565
48216,MI,313,5645
48217,MI,313,8210
48218,MI,313,7903
48219,MI,313,46931
48220,MI,248,22319
48221,MI,313,38727
48223,MI,313,25336
48224,MI,313,44439
48225,MI,313,14554
48226,MI,313,5302
48227,MI,313,45380
48228,MI,313,52130
48229,MI,313,9556
48230,MI,313,16976
48233,MI,313,0
48234,MI,313,36140
48235,MI,313,45063
48236,MI,313,30607
48237,MI,248,29319
48238,MI,313,31743
48239,MI,313,35524
48240,MI,313,17722
48242,MI,734,0
48243,MI,313,0
48301,MI,248,14127
48302,MI,248,15360
48304,MI,248,16009
48306,MI,248,26691
48307,MI,248,41369
48309,MI,248,29135
48310,MI,586,42766
48312,MI,586,32720
48313,MI,586,33952
48314,MI,586,20245
48315,MI,586,26563
48316,MI,586,25404
48317,MI,586,26610
48320,MI,248,4589
48322,MI,248,31265
48323,MI,248,17708
48324,MI,248,17350
48326,MI,248,20298
48327,MI,248,21559
48328,MI,248,24960
48329,MI,248,25009
48331,MI,248,21503
48334,MI,248,18540
48335,MI,248,22398
48336,MI,248,25486
48340,MI,248,24307
48341,MI,248,17139
48342,MI,248,18407
48346,MI,248,22567
48348,MI,248,23387
48350,MI,248,7100
48353,MI,810,6481
48356,MI,248,8407
48357,MI,248,8170
48359,MI,248,8044
48360,MI,248,11651
48362,MI,248,15141
48363,MI,248,4978
48367,MI,248,4727
48370,MI,248,1685
48371,MI,248,23155
48374,MI,248,14049
48375,MI,248,21801
48377,MI,248,15244
48380,MI,248,7404
48381,MI,248,12605
48382,MI,248,21945
48383,MI,248,12701
48386,MI,248,17434
48390,MI,248,22898
48393,MI,248,16111
48397,MI,248,0
48401,MI,810,1439
48411,MI,810,156
48412,MI,810,5682
48413,MI,989,7551
48414,MI,989,2492
48415,MI,989,9471
48416,MI,810,5002
48417,MI,989,2983
48418,MI,810,4312
48419,MI,810,2740
48420,MI,810,22078
48421,MI,810,6647
48422,MI,810,6400
48423,MI,810,32708
48426,MI,989,1022
48427,MI,810,2879
48428,MI,810,5027
48429,MI,989,8944
48430,MI,810,36738
48432,MI,989,636
48433,MI,810,26497
48434,MI,989,104
48435,MI,810,2083
48436,MI,989,3764
48437,MI,810,581
48438,MI,810,6951
48439,MI,810,49209
48440,MI,810,157
48441,MI,989,4085
48442,MI,248,20669
48444,MI,810,9327
48445,MI,989,1370
48446,MI,810,30749
48449,MI,810,3147
48450,MI,810,4780
48451,MI,810,14767
48453,MI,989,5146
48454,MI,810,1324
48455,MI,810,7974
48456,MI,989,858
48457,MI,810,8436
48458,MI,810,20538
48460,MI,810,2330
48461,MI,810,8428
48462,MI,947,13266
48463,MI,810,4627
48464,MI,810,2231
48465,MI,989,629
48466,MI,810,1578
48467,MI,989,2337
48468,MI,989,1294
48469,MI,810,1245
48470,MI,989,784
48471,MI,810,5745
48472,MI,810,1912
48473,MI,810,22507
48475,MI,989,2766
48476,MI,989,577
48502,MI,810,1164
48503,MI,810,25168
48504,MI,810,30926
48505,MI,810,25710
48506,MI,810,30019
48507,MI,810,30607
48509,MI,810,9470
48519,MI,810,7465
48529,MI,810,10271
48532,MI,810,19375
48551,MI,810,0
48553,MI,810,0
48554,MI,248,0
48601,MI,989,38406
48602,MI,989,30119
48603,MI,989,26913
48604,MI,989,13074
48607,MI,989,1774
48609,MI,989,12461
48610,MI,989,3083
48611,MI,989,6554
48612,MI,989,9259
48613,MI,989,1158
48614,MI,989,1376
48615,MI,989,3058
48616,MI,989,7513
48617,MI,989,8857
48618,MI,989,5393
48619,MI,989,465
48621,MI,989,1359
48622,MI,989,6491
48623,MI,989,13993
48624,MI,989,15810
48625,MI,989,13152
48626,MI,989,6078
48627,MI,248,141
48628,MI,989,1938
48629,MI,989,7854
48630,MI,248,69
48631,MI,989,4643
48632,MI,989,5125
48633,MI,989,210
48634,MI,989,4371
48635,MI,989,1573
48636,MI,989,864
48637,MI,989,3359
48638,MI,248,12922
48640,MI,989,32690
48642,MI,989,32277
48647,MI,989,4420
48649,MI,989,1576
48650,MI,989,7253
48651,MI,989,4690
48652,MI,989,1548
48653,MI,989,10293
48654,MI,989,2521
48655,MI,989,6460
48656,MI,989,4058
48657,MI,989,7981
48658,MI,989,5138
48659,MI,989,2850
48661,MI,989,10691
48662,MI,989,1594
48667,MI,989,0
48701,MI,989,1368
48703,MI,989,3238
48705,MI,989,535
48706,MI,989,40596
48708,MI,989,27262
48710,MI,248,0
48720,MI,989,1042
48721,MI,989,411
48722,MI,989,3123
48723,MI,989,12479
48724,MI,248,359
48725,MI,989,2464
48726,MI,989,6172
48727,MI,989,1269
48728,MI,989,290
48729,MI,989,1586
48730,MI,989,4716
48731,MI,989,1683
48732,MI,989,11483
48733,MI,989,1758
48734,MI,989,7444
48735,MI,989,1051
48737,MI,989,1245
48738,MI,989,1269
48739,MI,989,4043
48740,MI,989,2556
48741,MI,989,2086
48742,MI,989,1647
48743,MI,989,63
48744,MI,989,4615
48745,MI,989,1346
48746,MI,989,8528
48747,MI,989,1494
48748,MI,989,1693
48749,MI,989,1094
48750,MI,989,8846
48754,MI,989,1001
48755,MI,989,3110
48756,MI,989,4640
48757,MI,989,3817
48759,MI,989,3293
48760,MI,989,1351
48761,MI,989,1026
48762,MI,989,1139
48763,MI,989,5012
48765,MI,989,725
48766,MI,989,1270
48767,MI,989,2162
48768,MI,989,9832
48770,MI,989,1891
48801,MI,989,12923
48806,MI,989,1676
48807,MI,989,916
48808,MI,517,5178
48809,MI,616,11015
48811,MI,989,5641
48813,MI,517,21182
48815,MI,616,2259
48816,MI,248,121
48817,MI,989,6422
48818,MI,989,2407
48819,MI,517,2701
48820,MI,517,16641
48821,MI,517,5836
48822,MI,517,2714
48823,MI,517,51302
48825,MI,517,12596
48827,MI,517,15971
48829,MI,989,3254
48831,MI,989,3512
48832,MI,989,1393
48834,MI,989,2090
48835,MI,989,2680
48836,MI,517,13510
48837,MI,517,18926
48838,MI,616,17863
48840,MI,517,12501
48841,MI,989,826
48842,MI,517,20432
48843,MI,517,42931
48845,MI,989,1003
48846,MI,616,20269
48847,MI,989,6041
48848,MI,517,7789
48849,MI,616,5717
48850,MI,989,4474
48851,MI,517,2365
48852,MI,989,150
48853,MI,989,671
48854,MI,517,18598
48855,MI,517,14752
48856,MI,989,966
48857,MI,517,2453
48858,MI,989,50025
48860,MI,989,1334
48861,MI,517,1522
48864,MI,517,20148
48865,MI,616,1903
48866,MI,989,4851
48867,MI,517,28264
48870,MI,989,148
48871,MI,989,1952
48872,MI,517,7840
48873,MI,989,1615
48874,MI,989,180
48875,MI,517,10186
48876,MI,517,4014
48877,MI,989,2392
48878,MI,989,1677
48879,MI,989,18075
48880,MI,989,10669
48881,MI,616,5501
48883,MI,989,7122
48884,MI,989,4427
48885,MI,989,927
48886,MI,989,2116
48888,MI,989,6366
48889,MI,989,1322
48890,MI,517,2152
48891,MI,989,2985
48892,MI,517,4382
48893,MI,989,5212
48894,MI,989,2059
48895,MI,517,11189
48896,MI,989,154
48897,MI,269,1525
48906,MI,517,26634
48910,MI,517,34560
48911,MI,517,40111
48912,MI,517,17035
48915,MI,517,9218
48917,MI,517,32062
48933,MI,517,2530
49001,MI,269,22095
49002,MI,248,18786
49004,MI,248,15645
49006,MI,269,26455
49007,MI,269,10762
49008,MI,269,16186
49009,MI,248,42362
49010,MI,269,17374
49011,MI,269,2285
49012,MI,269,3339
49013,MI,269,5508
49014,MI,269,22127
49015,MI,269,26782
49017,MI,269,20785
49021,MI,269,6182
49022,MI,269,31814
49024,MI,269,28552
49026,MI,269,2186
49027,MI,248,161
49028,MI,517,6387
49029,MI,517,1606
49030,MI,269,2523
49031,MI,269,7884
49032,MI,269,3105
49033,MI,269,1760
49034,MI,269,2389
49036,MI,517,24868
49037,MI,248,22576
49038,MI,269,9310
49040,MI,269,3388
49042,MI,269,4892
49043,MI,269,2462
49045,MI,269,5598
49046,MI,269,7281
49047,MI,269,14805
49048,MI,269,25432
49050,MI,248,1557
49051,MI,248,2436
49052,MI,269,975
49053,MI,269,7028
49055,MI,269,6276
49056,MI,269,4016
49057,MI,269,6795
49058,MI,269,19127
49060,MI,269,1738
49061,MI,248,1622
49064,MI,269,3717
49065,MI,269,6662
49066,MI,248,722
49067,MI,269,4522
49068,MI,269,14646
49070,MI,269,2451
49071,MI,269,9174
49072,MI,269,3164
49073,MI,517,4951
49074,MI,248,149
49075,MI,248,121
49076,MI,269,4589
49078,MI,269,8902
49079,MI,269,13606
49080,MI,269,15802
49082,MI,517,6579
49083,MI,269,6961
49084,MI,248,36
49085,MI,269,23804
49087,MI,269,6126
49088,MI,269,3648
49089,MI,517,1875
49090,MI,269,13810
49091,MI,269,19872
49092,MI,517,2187
49093,MI,269,18380
49094,MI,517,4104
49095,MI,269,1960
49096,MI,517,3316
49097,MI,269,10326
49098,MI,269,5966
49099,MI,269,5629
49101,MI,269,3104
49102,MI,248,1563
49103,MI,269,11082
49104,MI,248,868
49106,MI,269,4636
49107,MI,269,10382
49111,MI,269,3346
49112,MI,248,10171
49113,MI,269,1904
49115,MI,248,294
49116,MI,248,394
49117,MI,269,3951
49119,MI,248,136
49120,MI,269,37122
49125,MI,269,2046
49126,MI,248,1341
49127,MI,248,10694
49128,MI,269,3715
49129,MI,248,609
49130,MI,269,1659
49201,MI,517,45190
49202,MI,517,20661
49203,MI,517,38280
49220,MI,517,2290
49221,MI,517,41310
49224,MI,517,14224
49227,MI,517,1284
49228,MI,517,5545
49229,MI,517,3245
49230,MI,517,10475
49232,MI,517,2801
49233,MI,517,2646
49234,MI,517,2579
49235,MI,517,2117
49236,MI,517,4838
49237,MI,517,2980
49238,MI,517,1735
49240,MI,517,8703
49241,MI,517,2579
49242,MI,517,15248
49245,MI,517,4845
49246,MI,517,3255
49247,MI,517,5768
49248,MI,517,899
49249,MI,517,3408
49250,MI,517,6182
49251,MI,517,6229
49252,MI,517,2605
49253,MI,517,3166
49254,MI,517,3321
49255,MI,517,1939
49256,MI,517,3888
49259,MI,517,2523
49261,MI,517,290
49262,MI,517,1280
49263,MI,517,85
49264,MI,517,1992
49265,MI,517,4958
49266,MI,517,2942
49267,MI,734,4072
49268,MI,517,1059
49269,MI,517,5998
49270,MI,734,5874
49271,MI,517,2256
49272,MI,517,2417
49274,MI,517,3670
49276,MI,517,1003
49277,MI,517,3668
49279,MI,517,797
49282,MI,517,372
49283,MI,517,4362
49284,MI,517,3028
49285,MI,517,5720
49286,MI,517,14797
49287,MI,517,2099
49288,MI,517,1384
49289,MI,517,167
49301,MI,616,18701
49302,MI,616,7585
49303,MI,231,1129
49304,MI,231,4328
49305,MI,989,2264
49306,MI,616,9244
49307,MI,231,20112
49309,MI,231,1843
49310,MI,989,3016
49312,MI,248,274
49315,MI,616,19915
49316,MI,616,20074
49318,MI,616,1398
49319,MI,616,16181
49320,MI,231,21
49321,MI,616,16241
49322,MI,231,1212
49323,MI,616,9410
49325,MI,616,1909
49326,MI,616,3752
49327,MI,231,8406
49328,MI,269,3885
49329,MI,231,8641
49330,MI,616,5440
49331,MI,616,16627
49332,MI,231,3019
49333,MI,616,11191
49335,MI,616,314
49336,MI,231,4352
49337,MI,231,12088
49338,MI,231,1842
49339,MI,231,2283
49340,MI,989,2912
49341,MI,616,33737
49342,MI,231,1649
49343,MI,616,5489
49344,MI,248,3410
49345,MI,616,13040
49346,MI,231,5446
49347,MI,616,1257
49348,MI,269,12153
49349,MI,231,8087
49401,MI,616,20735
49402,MI,231,1380
49403,MI,616,2473
49404,MI,616,8269
49405,MI,231,1559
49406,MI,248,884
49408,MI,269,9091
49410,MI,231,2005
49411,MI,231,1538
49412,MI,231,11065
49415,MI,231,6480
49417,MI,616,29183
49418,MI,616,27417
49419,MI,616,7791
49420,MI,231,6420
49421,MI,231,5991
49423,MI,616,44977
49424,MI,616,44760
49425,MI,231,3660
49426,MI,616,33244
49428,MI,616,25420
49431,MI,231,16875
49434,MI,616,20
49435,MI,616,3549
49436,MI,231,1622
49437,MI,231,6902
49440,MI,231,953
49441,MI,231,36308
49442,MI,231,41214
49444,MI,231,29456
49445,MI,231,20784
49446,MI,231,2321
49448,MI,616,3410
49449,MI,231,2675
49450,MI,269,3302
49451,MI,231,6012
49452,MI,231,1952
49453,MI,269,2626
49454,MI,231,4574
49455,MI,231,5034
49456,MI,616,18581
49457,MI,231,10565
49458,MI,231,119
49459,MI,231,1351
49460,MI,616,8126
49461,MI,231,8929
49464,MI,616,27481
49503,MI,616,35940
49504,MI,616,39994
49505,MI,616,31216
49506,MI,616,31354
49507,MI,616,35459
49508,MI,616,39148
49509,MI,616,26720
49512,MI,616,15448
49519,MI,248,27424
49525,MI,616,27383
49534,MI,248,21570
49544,MI,616,8944
49546,MI,616,31880
49548,MI,616,30524
49601,MI,231,21236
49611,MI,231,236
49612,MI,231,1121
49613,MI,231,680
49614,MI,231,2790
49615,MI,231,4131
49616,MI,231,1974
49617,MI,231,3363
49618,MI,248,761
49619,MI,231,1110
49620,MI,231,2445
49621,MI,231,3096
49622,MI,231,2494
49623,MI,231,1164
49625,MI,231,1379
49626,MI,231,421
49627,MI,231,206
49628,MI,231,372
49629,MI,231,2223
49630,MI,231,1429
49631,MI,231,6357
49632,MI,231,1126
49633,MI,231,3703
49634,MI,248,116
49635,MI,231,3350
49636,MI,231,560
49637,MI,231,3405
49638,MI,231,824
49639,MI,231,2557
49640,MI,231,1618
49642,MI,231,842
49643,MI,231,6253
49644,MI,231,2033
49645,MI,231,1632
49646,MI,231,8229
49648,MI,231,2098
49649,MI,231,7789
49650,MI,231,3144
49651,MI,231,7665
49653,MI,231,1922
49654,MI,231,690
49655,MI,231,3173
49656,MI,231,1534
49657,MI,231,3683
49659,MI,231,6801
49660,MI,231,14066
49663,MI,231,5874
49664,MI,231,2067
49665,MI,231,4413
49666,MI,231,106
49667,MI,231,549
49668,MI,231,3625
49670,MI,231,1891
49674,MI,231,110
49675,MI,231,1030
49676,MI,231,3407
49677,MI,231,6631
49679,MI,231,1428
49680,MI,231,1916
49682,MI,231,4253
49683,MI,231,1939
49684,MI,231,37963
49686,MI,231,32056
49688,MI,231,2703
49689,MI,231,1560
49690,MI,231,6182
49701,MI,231,1036
49705,MI,231,937
49706,MI,231,4585
49707,MI,989,22701
49709,MI,989,3618
49710,MI,906,409
49712,MI,231,7890
49713,MI,231,1864
49715,MI,906,3130
49716,MI,231,806
49717,MI,231,72
49718,MI,231,701
49719,MI,906,1362
49720,MI,231,9172
49721,MI,231,14436
49722,MI,248,220
49724,MI,906,1146
49725,MI,906,766
49726,MI,906,1058
49727,MI,231,7145
49728,MI,906,334
49729,MI,231,1446
49730,MI,231,2187
49733,MI,989,1965
49735,MI,989,19515
49736,MI,906,578
49738,MI,989,9924
49740,MI,231,7042
49743,MI,989,769
49744,MI,989,823
49745,MI,906,1089
49746,MI,989,3685
49747,MI,989,1921
49748,MI,906,170
49749,MI,231,4283
49751,MI,989,2087
49752,MI,906,515
49753,MI,989,2057
49755,MI,231,1892
49756,MI,989,3857
49757,MI,906,492
49759,MI,989,1682
49760,MI,906,713
49762,MI,906,639
49764,MI,248,139
49765,MI,989,4154
49766,MI,989,2417
49768,MI,906,476
49769,MI,231,1644
49770,MI,231,16862
49774,MI,906,1851
49775,MI,231,95
49776,MI,989,1888
49777,MI,989,1640
49779,MI,989,4639
49780,MI,906,1946
49781,MI,906,4020
49782,MI,231,657
49783,MI,906,19668
49788,MI,906,6609
49791,MI,231,329
49793,MI,906,322
49795,MI,989,2097
49796,MI,231,320
49799,MI,231,2327
49801,MI,906,11424
49802,MI,906,6230
49805,MI,906,336
49806,MI,906,627
49807,MI,906,3390
49808,MI,906,352
49812,MI,906,925
49814,MI,906,1429
49815,MI,906,488
49816,MI,906,724
49817,MI,906,615
49818,MI,906,988
49819,MI,906,36
49820,MI,906,382
49821,MI,906,1354
49822,MI,906,220
49825,MI,906,299
49826,MI,906,137
49827,MI,906,897
49829,MI,906,17347
49831,MI,906,780
49833,MI,906,266
49834,MI,906,284
49835,MI,906,802
49836,MI,906,938
49837,MI,906,9795
49838,MI,906,504
49839,MI,906,479
49840,MI,906,771
49841,MI,906,7016
49847,MI,906,998
49848,MI,906,128
49849,MI,906,12242
49852,MI,906,120
49853,MI,906,1278
49854,MI,906,6469
49855,MI,906,33561
49858,MI,906,12088
49861,MI,906,616
49862,MI,906,5025
49863,MI,906,130
49864,MI,906,54
49866,MI,906,8034
49868,MI,906,5409
49870,MI,906,3329
49871,MI,906,510
49872,MI,906,206
49873,MI,906,120
49874,MI,906,1126
49876,MI,906,1240
49877,MI,906,67
49878,MI,906,3583
49879,MI,906,1038
49880,MI,906,1142
49881,MI,906,345
49883,MI,906,151
49884,MI,906,552
49885,MI,906,1897
49886,MI,906,435
49887,MI,906,2474
49891,MI,906,816
49892,MI,906,1948
49893,MI,906,1784
49894,MI,906,680
49895,MI,906,765
49896,MI,906,1749
49901,MI,906,346
49902,MI,906,145
49903,MI,906,133
49905,MI,906,2005
49908,MI,906,3292
49910,MI,906,385
49911,MI,906,2744
49912,MI,906,1081
49913,MI,906,7248
49915,MI,906,630
49916,MI,906,2765
49917,MI,906,205
49918,MI,906,120
49919,MI,906,242
49920,MI,906,4273
49921,MI,906,360
49922,MI,906,1043
49925,MI,906,494
49927,MI,906,483
49929,MI,906,216
49930,MI,906,6987
49931,MI,906,9630
49934,MI,906,900
49935,MI,906,6096
49938,MI,906,7945
49942,MI,248,156
49945,MI,906,2621
49946,MI,906,4040
49947,MI,906,1818
49948,MI,906,590
49950,MI,906,1121
49952,MI,906,143
49953,MI,906,2879
49955,MI,906,371
49958,MI,906,1270
49959,MI,906,344
49960,MI,906,185
49961,MI,906,107
49962,MI,906,260
49963,MI,906,1024
49965,MI,906,440
49967,MI,906,492
49968,MI,906,2247
49969,MI,906,1401
49970,MI,906,243
49971,MI,906,483
50001,IA,515,680
50002,IA,641,1297
50003,IA,515,6594
50005,IA,641,730
50006,IA,515,1676
50007,IA,515,474
50008,IA,641,878
50009,IA,515,16136
50010,IA,515,29359
50011,IA,515,1390
50012,IA,515,4062
50014,IA,515,28094
50020,IA,641,1407
50021,IA,515,21595
50022,IA,712,8494
50023,IA,515,27986
50025,IA,712,3325
50026,IA,641,584
50027,IA,641,285
50028,IA,641,1681
50029,IA,641,691
50032,IA,515,399
50033,IA,515,44
50034,IA,515,490
50035,IA,515,5387
50036,IA,515,16287
50038,IA,515,205
50039,IA,515,329
50041,IA,515,92
50042,IA,712,309
50044,IA,641,887
50046,IA,515,1524
50047,IA,515,5559
50048,IA,641,861
50049,IA,641,6493
50050,IA,515,710
50051,IA,641,283
50052,IA,641,138
50054,IA,515,3356
50055,IA,641,913
50056,IA,641,1372
50057,IA,641,238
50058,IA,712,1927
50060,IA,641,2507
50061,IA,515,1701
50062,IA,641,741
50063,IA,515,2604
50064,IA,515,126
50065,IA,641,583
50066,IA,515,262
50067,IA,641,302
50068,IA,641,366
50069,IA,515,1118
50070,IA,515,1489
50071,IA,515,1007
50072,IA,515,2671
50073,IA,515,1195
50074,IA,641,334
50075,IA,515,862
50076,IA,712,1502
50078,IA,641,126
50101,IA,515,66
50102,IA,515,87
50103,IA,641,452
50104,IA,641,128
50105,IA,515,1158
50106,IA,641,1039
50107,IA,515,1099
50108,IA,641,471
50109,IA,515,2762
50111,IA,515,9407
50112,IA,641,11536
50115,IA,641,2674
50116,IA,641,299
50117,IA,712,193
50118,IA,515,1027
50119,IA,641,498
50120,IA,641,323
50122,IA,515,1373
50123,IA,641,818
50124,IA,515,3750
50125,IA,515,19556
50126,IA,641,6853
50127,IA,641,29
50128,IA,641,360
50129,IA,515,5228
50130,IA,515,1648
50131,IA,515,17499
50132,IA,515,367
50133,IA,641,567
50134,IA,515,660
50135,IA,641,1605
50136,IA,319,445
50138,IA,641,11720
50139,IA,641,1288
50140,IA,641,2969
50141,IA,641,569
50142,IA,641,931
50143,IA,641,600
50144,IA,641,2901
50146,IA,641,438
50147,IA,641,440
50148,IA,641,432
50149,IA,641,964
50150,IA,641,984
50151,IA,641,724
50153,IA,641,734
50154,IA,515,466
50155,IA,641,255
50156,IA,515,4412
50157,IA,641,762
50158,IA,641,31591
50160,IA,641,465
50161,IA,641,2047
50162,IA,641,1233
50163,IA,641,858
50164,IA,641,652
50165,IA,641,49
50166,IA,641,1582
50167,IA,515,748
50168,IA,641,842
50169,IA,515,3093
50170,IA,641,2745
50171,IA,641,2923
50173,IA,641,696
50174,IA,641,1429
50201,IA,515,8199
50206,IA,641,526
50207,IA,641,2537
50208,IA,641,20417
50210,IA,641,1691
50211,IA,515,11192
50212,IA,515,3131
50213,IA,641,6812
50214,IA,641,850
50216,IA,641,2824
50217,IA,515,631
50218,IA,515,139
50219,IA,641,13939
50220,IA,515,9020
50222,IA,641,498
50223,IA,515,480
50225,IA,515,2940
50226,IA,515,4724
50227,IA,515,40
50228,IA,515,2417
50229,IA,515,932
50230,IA,515,1083
50231,IA,515,173
50232,IA,641,537
50233,IA,515,1388
50234,IA,641,613
50235,IA,515,483
50236,IA,515,1550
50237,IA,515,3095
50238,IA,641,1182
50239,IA,641,210
50240,IA,641,2453
50242,IA,641,439
50243,IA,515,244
50244,IA,515,1813
50246,IA,515,735
50247,IA,641,2515
50248,IA,515,4420
50249,IA,515,1332
50250,IA,641,2330
50251,IA,641,1270
50252,IA,515,243
50254,IA,641,282
50255,IA,641,65
50256,IA,641,501
50257,IA,641,992
50258,IA,641,1002
50261,IA,515,2211
50262,IA,641,453
50263,IA,515,16069
50264,IA,641,466
50265,IA,515,31653
50266,IA,515,23625
50268,IA,641,993
50271,IA,515,628
50272,IA,641,152
50273,IA,515,8251
50274,IA,712,398
50275,IA,641,532
50276,IA,515,2517
50277,IA,641,483
50278,IA,515,842
50309,IA,515,5431
50310,IA,515,30221
50311,IA,515,15113
50312,IA,515,15339
50313,IA,515,17376
50314,IA,515,12465
50315,IA,515,35853
50316,IA,515,16440
50317,IA,515,36207
50319,IA,515,0
50320,IA,515,20027
50321,IA,515,7846
50322,IA,515,31530
50323,IA,515,10201
50324,IA,515,4903
50325,IA,515,15448
50327,IA,515,10467
50401,IA,641,29837
50420,IA,641,377
50421,IA,641,3032
50423,IA,641,2976
50424,IA,641,1482
50426,IA,641,56
50428,IA,641,9384
50430,IA,515,518
50431,IA,641,273
50432,IA,641,252
50433,IA,641,256
50434,IA,641,498
50435,IA,641,721
50436,IA,641,5848
50438,IA,641,4159
50439,IA,641,289
50440,IA,641,422
50441,IA,641,5776
50444,IA,641,353
50446,IA,641,548
50447,IA,641,1081
50448,IA,641,695
50449,IA,641,724
50450,IA,641,2897
50451,IA,515,537
50452,IA,641,804
50453,IA,641,588
50454,IA,641,127
50455,IA,641,450
50456,IA,641,1741
50457,IA,641,441
50458,IA,641,2097
50459,IA,641,3018
50460,IA,641,364
50461,IA,641,5613
50464,IA,641,673
50465,IA,641,250
50466,IA,641,1828
50467,IA,641,94
50468,IA,641,1615
50469,IA,641,1574
50470,IA,641,275
50471,IA,641,689
50472,IA,641,2394
50473,IA,641,268
50475,IA,641,1757
50476,IA,641,804
50477,IA,641,347
50478,IA,641,775
50479,IA,641,684
50480,IA,515,880
50482,IA,641,774
50483,IA,515,781
50484,IA,641,444
50501,IA,515,29078
50510,IA,712,1116
50511,IA,515,7137
50514,IA,712,1452
50515,IA,712,279
50516,IA,515,719
50517,IA,515,1051
50518,IA,515,381
50519,IA,515,624
50520,IA,515,144
50521,IA,515,104
50522,IA,515,857
50523,IA,515,604
50524,IA,515,521
50525,IA,515,3583
50527,IA,712,223
50528,IA,515,383
50529,IA,515,837
50530,IA,515,1205
50531,IA,712,242
50532,IA,515,873
50533,IA,515,4130
50535,IA,712,885
50536,IA,712,4541
50538,IA,515,503
50539,IA,515,566
50540,IA,712,1022
50541,IA,515,872
50542,IA,515,933
50543,IA,515,1492
50544,IA,515,515
50545,IA,515,205
50546,IA,712,346
50548,IA,515,5869
50551,IA,712,158
50554,IA,712,1625
50556,IA,515,292
50557,IA,515,750
50558,IA,515,618
50559,IA,515,348
50560,IA,515,590
50561,IA,712,520
50562,IA,712,527
50563,IA,712,2500
50565,IA,712,468
50566,IA,515,433
50567,IA,712,226
50568,IA,712,1398
50569,IA,515,836
50570,IA,515,248
50571,IA,712,394
50573,IA,712,68
50574,IA,712,2181
50575,IA,712,969
50576,IA,712,423
50577,IA,515,410
50578,IA,712,646
50579,IA,712,2405
50581,IA,712,996
50582,IA,515,234
50583,IA,712,2855
50585,IA,712,1176
50586,IA,515,307
50588,IA,712,12756
50590,IA,515,879
50591,IA,515,320
50593,IA,712,64
50594,IA,515,298
50595,IA,515,9165
50597,IA,515,1293
50598,IA,515,912
50599,IA,515,380
50601,IA,641,2464
50602,IA,319,1603
50603,IA,641,625
50604,IA,319,1850
50605,IA,641,168
50606,IA,563,885
50607,IA,319,481
50609,IA,641,446
50611,IA,641,392
50612,IA,319,335
50613,IA,319,42031
50616,IA,641,10344
50619,IA,319,2410
50620,IA,515,54
50621,IA,641,1530
50622,IA,319,3206
50624,IA,319,1743
50625,IA,641,1004
50626,IA,319,1804
50627,IA,641,3456
50628,IA,641,1374
50629,IA,319,2418
50630,IA,563,1728
50632,IA,641,1107
50633,IA,641,373
50634,IA,319,713
50635,IA,641,1602
50636,IA,641,1982
50638,IA,319,3313
50641,IA,319,2017
50642,IA,319,581
50643,IA,319,2747
50644,IA,319,8648
50645,IA,641,1204
50647,IA,319,1894
50648,IA,319,4054
50650,IA,319,737
50651,IA,319,3578
50652,IA,641,128
50653,IA,641,639
50654,IA,563,499
50655,IA,563,873
50658,IA,319,2518
50659,IA,641,5488
50660,IA,319,1333
50662,IA,319,7238
50664,IA,319,53
50665,IA,319,2841
50666,IA,319,1027
50667,IA,515,795
50668,IA,319,1249
50669,IA,319,2436
50670,IA,319,2024
50671,IA,319,269
50672,IA,641,594
50673,IA,319,219
50674,IA,563,3555
50675,IA,319,2456
50676,IA,319,2105
50677,IA,319,12131
50680,IA,641,1095
50681,IA,563,457
50682,IA,319,1572
50701,IA,319,30324
50702,IA,319,19970
50703,IA,319,19863
50707,IA,319,8509
50801,IA,641,9590
50830,IA,641,1743
50833,IA,712,2305
50835,IA,641,92
50836,IA,641,457
50837,IA,641,376
50839,IA,515,34
50840,IA,641,560
50841,IA,641,2824
50842,IA,515,105
50843,IA,712,596
50845,IA,641,811
50846,IA,641,1123
50847,IA,712,87
50848,IA,712,378
50849,IA,641,2740
50851,IA,641,2087
50853,IA,712,702
50854,IA,641,2303
50857,IA,712,272
50858,IA,641,796
50859,IA,641,584
50860,IA,641,474
50861,IA,641,274
50862,IA,641,148
50863,IA,641,293
50864,IA,712,2057
51001,IA,712,2432
51002,IA,712,2741
51003,IA,712,1700
51004,IA,712,1033
51005,IA,712,1491
51006,IA,712,1075
51007,IA,712,730
51008,IA,712,151
51009,IA,712,164
51010,IA,712,456
51011,IA,712,79
51012,IA,712,6642
51014,IA,712,528
51016,IA,712,1378
51018,IA,712,404
51019,IA,712,773
51020,IA,712,658
51022,IA,712,789
51023,IA,712,3216
51024,IA,712,2070
51025,IA,712,1989
51026,IA,712,862
51027,IA,712,1260
51028,IA,712,2065
51029,IA,712,251
51030,IA,712,1737
51031,IA,712,12336
51033,IA,712,428
51034,IA,712,1820
51035,IA,712,1685
51036,IA,712,726
51037,IA,712,322
51038,IA,712,1535
51039,IA,712,2475
51040,IA,712,3712
51041,IA,712,6976
51044,IA,712,253
51046,IA,712,1660
51047,IA,712,646
51048,IA,712,554
51049,IA,712,506
51050,IA,712,2631
51051,IA,712,90
51052,IA,712,1027
51053,IA,712,1161
51054,IA,712,5110
51055,IA,712,1319
51056,IA,712,478
51058,IA,712,1007
51060,IA,712,615
51061,IA,712,510
51062,IA,712,526
51063,IA,712,1100
51101,IA,712,809
51103,IA,712,17453
51104,IA,712,22104
51105,IA,712,10216
51106,IA,712,26544
51108,IA,712,5566
51109,IA,712,3098
51111,IA,515,94
51201,IA,712,6193
51230,IA,712,462
51231,IA,712,282
51232,IA,712,875
51234,IA,712,1268
51235,IA,712,1079
51237,IA,712,1703
51238,IA,712,1184
51239,IA,712,3123
51240,IA,712,1746
51241,IA,712,1737
51242,IA,712,212
51243,IA,712,807
51244,IA,712,79
51245,IA,712,1359
51246,IA,712,3844
51247,IA,712,4870
51248,IA,712,1857
51249,IA,712,3593
51250,IA,712,8249
51301,IA,712,12691
51331,IA,712,1140
51333,IA,712,522
51334,IA,712,7661
51338,IA,712,1000
51341,IA,712,49
51342,IA,712,1249
51343,IA,712,238
51345,IA,712,403
51346,IA,712,2451
51347,IA,712,1431
51350,IA,712,411
51351,IA,712,4365
51354,IA,712,1096
51355,IA,712,874
51357,IA,712,728
51358,IA,712,1310
51360,IA,712,8031
51363,IA,712,130
51364,IA,712,690
51365,IA,712,453
51366,IA,712,379
51401,IA,712,12373
51430,IA,712,761
51431,IA,712,394
51433,IA,712,676
51436,IA,712,904
51439,IA,712,1047
51440,IA,712,400
51441,IA,712,353
51442,IA,712,9838
51443,IA,712,1798
51444,IA,712,246
51445,IA,712,2867
51446,IA,712,511
51447,IA,712,228
51448,IA,712,611
51449,IA,712,2128
51450,IA,712,1583
51451,IA,712,116
51453,IA,515,695
51454,IA,712,1346
51455,IA,712,2306
51458,IA,712,1467
51459,IA,712,75
51461,IA,712,1165
51462,IA,712,1013
51463,IA,712,552
51465,IA,712,733
51466,IA,712,1092
51467,IA,712,615
51501,IA,712,35406
51503,IA,712,36376
51510,IA,712,3785
51520,IA,712,233
51521,IA,712,2036
51523,IA,712,357
51525,IA,712,1184
51526,IA,712,1753
51527,IA,712,530
51528,IA,712,931
51529,IA,712,1671
51530,IA,712,854
51531,IA,712,914
51532,IA,712,622
51533,IA,712,895
51534,IA,712,9236
51535,IA,712,1923
51536,IA,712,448
51537,IA,712,6703
51540,IA,712,449
51541,IA,712,363
51542,IA,712,1011
51543,IA,712,445
51544,IA,712,721
51545,IA,712,378
51546,IA,712,2915
51548,IA,712,433
51549,IA,712,465
51550,IA,712,181
51551,IA,712,1828
51552,IA,712,301
51553,IA,712,1013
51554,IA,712,187
51555,IA,712,5245
51556,IA,712,437
51557,IA,712,873
51558,IA,712,560
51559,IA,712,1788
51560,IA,712,2099
51561,IA,712,1455
51562,IA,712,449
51563,IA,712,779
51564,IA,712,501
51565,IA,712,501
51566,IA,712,7035
51570,IA,712,1039
51571,IA,712,649
51572,IA,712,398
51573,IA,712,1093
51575,IA,712,1616
51576,IA,712,2110
51577,IA,712,1184
51578,IA,712,79
51579,IA,712,2340
51601,IA,712,6025
51630,IA,712,173
51631,IA,712,306
51632,IA,712,7297
51636,IA,712,405
51637,IA,712,214
51638,IA,712,1299
51639,IA,712,795
51640,IA,712,1748
51645,IA,712,262
51646,IA,712,763
51647,IA,712,141
51648,IA,712,255
51649,IA,712,328
51650,IA,712,370
51652,IA,712,1783
51653,IA,712,1379
51654,IA,712,526
51656,IA,515,71
52001,IA,563,43173
52002,IA,563,14559
52003,IA,563,13436
52030,IA,563,434
52031,IA,563,5120
52032,IA,563,1456
52033,IA,563,3202
52035,IA,563,1010
52037,IA,563,1223
52038,IA,563,491
52039,IA,563,1158
52040,IA,563,5526
52041,IA,563,1608
52042,IA,563,1999
52043,IA,563,2321
52044,IA,563,153
52045,IA,563,2589
52046,IA,563,2127
52047,IA,563,567
52048,IA,563,333
52049,IA,563,1270
52050,IA,563,515
52052,IA,563,3136
52053,IA,563,1163
52054,IA,563,940
52057,IA,563,8222
52060,IA,563,8658
52064,IA,563,847
52065,IA,563,1130
52066,IA,563,80
52068,IA,563,3924
52069,IA,563,1609
52070,IA,563,1128
52072,IA,563,381
52073,IA,563,1414
52074,IA,563,310
52076,IA,563,2295
52077,IA,563,398
52078,IA,563,914
52079,IA,563,782
52101,IA,563,13864
52132,IA,563,1938
52133,IA,563,558
52134,IA,563,285
52135,IA,563,864
52136,IA,563,5967
52140,IA,563,532
52141,IA,563,1435
52142,IA,563,1871
52144,IA,563,1261
52146,IA,563,1039
52147,IA,563,1050
52151,IA,563,2138
52154,IA,563,995
52155,IA,563,1323
52156,IA,563,659
52157,IA,563,1828
52158,IA,563,314
52159,IA,563,2330
52160,IA,563,867
52161,IA,563,1505
52162,IA,563,3285
52163,IA,563,276
52164,IA,563,212
52165,IA,563,1004
52166,IA,563,104
52168,IA,563,188
52169,IA,563,432
52170,IA,563,599
52171,IA,563,1048
52172,IA,563,6303
52175,IA,563,3492
52201,IA,319,1267
52202,IA,319,1152
52203,IA,319,1932
52205,IA,319,8682
52206,IA,319,2303
52207,IA,563,383
52208,IA,319,3153
52209,IA,319,1074
52210,IA,319,697
52211,IA,319,2624
52212,IA,563,285
52213,IA,319,4340
52214,IA,319,3090
52215,IA,319,843
52216,IA,563,1428
52217,IA,319,590
52218,IA,319,1788
52219,IA,319,178
52220,IA,319,237
52221,IA,319,221
52222,IA,319,709
52223,IA,563,1351
52224,IA,319,2016
52225,IA,319,447
52227,IA,319,2461
52228,IA,319,2772
52229,IA,319,721
52231,IA,641,328
52232,IA,319,178
52233,IA,319,6981
52235,IA,319,698
52236,IA,319,592
52237,IA,563,1522
52240,IA,319,32230
52241,IA,319,18911
52242,IA,319,1592
52245,IA,319,22573
52246,IA,319,21114
52247,IA,319,5645
52248,IA,641,1815
52249,IA,319,965
52251,IA,319,590
52253,IA,319,3192
52254,IA,563,895
52255,IA,563,1208
52257,IA,319,210
52301,IA,319,3873
52302,IA,319,36980
52305,IA,319,629
52306,IA,319,1754
52307,IA,319,90
52308,IA,319,132
52309,IA,563,397
52310,IA,319,6431
52312,IA,319,115
52313,IA,319,397
52314,IA,319,5865
52315,IA,319,1222
52316,IA,319,1659
52317,IA,319,14775
52318,IA,319,1033
52320,IA,563,1203
52321,IA,563,404
52322,IA,319,2436
52323,IA,563,867
52324,IA,319,1890
52325,IA,319,873
52326,IA,319,547
52327,IA,319,3012
52328,IA,319,2826
52329,IA,319,803
52330,IA,563,900
52332,IA,319,2006
52333,IA,319,6168
52334,IA,319,311
52335,IA,319,709
52336,IA,319,2363
52337,IA,563,845
52338,IA,319,3283
52339,IA,641,4504
52340,IA,319,2180
52341,IA,319,1093
52342,IA,641,3274
52345,IA,319,1468
52346,IA,319,1085
52347,IA,319,1410
52348,IA,641,51
52349,IA,319,7643
52351,IA,319,1455
52352,IA,319,2025
52353,IA,319,9173
52354,IA,319,379
52355,IA,319,277
52356,IA,319,2656
52358,IA,319,3733
52359,IA,319,279
52361,IA,319,4527
52362,IA,563,1041
52401,IA,319,2017
52402,IA,319,40149
52403,IA,319,23673
52404,IA,319,37796
52405,IA,319,23621
52411,IA,319,6896
52501,IA,641,30220
52530,IA,641,1005
52531,IA,641,5976
52533,IA,641,1215
52534,IA,641,284
52535,IA,319,888
52536,IA,641,967
52537,IA,641,7098
52540,IA,319,1420
52542,IA,319,435
52543,IA,641,291
52544,IA,641,7847
52548,IA,641,97
52549,IA,641,762
52550,IA,641,585
52551,IA,641,688
52552,IA,641,830
52553,IA,641,1745
52554,IA,641,1373
52555,IA,641,344
52556,IA,641,13247
52557,IA,515,85
52560,IA,641,430
52561,IA,641,962
52563,IA,641,1583
52565,IA,319,2027
52566,IA,641,168
52567,IA,641,615
52569,IA,641,610
52570,IA,641,954
52571,IA,641,1407
52572,IA,641,1132
52573,IA,319,162
52574,IA,641,826
52576,IA,641,568
52577,IA,641,15055
52580,IA,319,460
52581,IA,641,305
52583,IA,641,342
52584,IA,641,438
52585,IA,319,988
52586,IA,641,521
52588,IA,641,134
52590,IA,641,1246
52591,IA,641,3028
52593,IA,641,142
52594,IA,641,399
52595,IA,641,416
52601,IA,319,29723
52619,IA,319,594
52620,IA,319,938
52621,IA,319,668
52623,IA,319,1993
52624,IA,319,290
52625,IA,319,2802
52626,IA,319,1346
52627,IA,319,13105
52630,IA,319,445
52632,IA,319,13086
52635,IA,319,675
52637,IA,319,2449
52638,IA,319,514
52639,IA,319,2002
52640,IA,319,1447
52641,IA,319,12357
52644,IA,319,412
52645,IA,319,3176
52646,IA,319,376
52647,IA,319,229
52649,IA,319,887
52650,IA,319,826
52651,IA,319,646
52653,IA,319,3570
52654,IA,319,1728
52655,IA,319,4219
52656,IA,319,2359
52657,IA,319,95
52658,IA,319,1071
52659,IA,319,1553
52660,IA,319,226
52701,IA,563,108
52720,IA,563,861
52721,IA,563,798
52722,IA,563,34754
52726,IA,563,4468
52727,IA,563,409
52728,IA,563,1110
52729,IA,563,874
52730,IA,563,4950
52731,IA,563,894
52732,IA,563,28293
52737,IA,319,384
52738,IA,319,3567
52739,IA,319,745
52742,IA,563,7618
52745,IA,563,633
52746,IA,563,967
52747,IA,319,2106
52748,IA,563,8850
52749,IA,563,925
52750,IA,563,619
52751,IA,563,1054
52752,IA,319,515
52753,IA,563,5153
52754,IA,319,1274
52755,IA,319,1928
52756,IA,563,2133
52757,IA,563,201
52758,IA,563,199
52760,IA,563,533
52761,IA,563,30678
52765,IA,563,453
52766,IA,319,820
52767,IA,515,349
52768,IA,563,1426
52769,IA,563,671
52772,IA,563,5029
52773,IA,563,2380
52774,IA,515,136
52776,IA,319,4947
52777,IA,563,1357
52778,IA,563,4043
52801,IA,563,1122
52802,IA,563,10868
52803,IA,563,22174
52804,IA,563,27379
52806,IA,563,27503
52807,IA,563,13470
53001,WI,920,1901
53002,WI,262,2299
53003,WI,920,141
53004,WI,262,3330
53005,WI,262,19425
53006,WI,920,1779
53007,WI,262,1841
53010,WI,920,7681
53011,WI,920,2260
53012,WI,262,18097
53013,WI,920,3308
53014,WI,920,7962
53015,WI,920,2609
53016,WI,920,384
53017,WI,262,5538
53018,WI,262,7899
53019,WI,920,2027
53020,WI,920,3500
53021,WI,262,4709
53022,WI,262,18920
53023,WI,920,1496
53024,WI,262,16579
53027,WI,262,22041
53029,WI,262,20799
53031,WI,920,43
53032,WI,920,4757
53033,WI,262,4885
53034,WI,920,1811
53035,WI,920,2406
53036,WI,920,2720
53037,WI,262,9260
53038,WI,920,4013
53039,WI,920,4863
53040,WI,262,8064
53042,WI,920,6690
53044,WI,920,2297
53045,WI,262,21686
53046,WI,262,1107
53047,WI,920,78
53048,WI,920,3364
53049,WI,920,2451
53050,WI,920,6986
53051,WI,262,35651
53057,WI,920,1928
53058,WI,262,3243
53059,WI,920,1767
53061,WI,920,5196
53063,WI,920,1552
53065,WI,920,2226
53066,WI,262,33830
53069,WI,262,697
53070,WI,920,4713
53072,WI,262,23907
53073,WI,920,15757
53074,WI,262,12880
53075,WI,920,3345
53076,WI,262,3648
53078,WI,262,1912
53079,WI,920,1413
53080,WI,262,5715
53081,WI,920,43129
53083,WI,920,20362
53085,WI,920,11267
53086,WI,262,8255
53088,WI,920,379
53089,WI,262,18568
53090,WI,262,21873
53091,WI,920,2018
53092,WI,262,20024
53093,WI,920,1981
53094,WI,920,19169
53095,WI,262,27139
53097,WI,262,6319
53098,WI,920,11965
53103,WI,262,3724
53104,WI,262,5426
53105,WI,262,29225
53108,WI,262,3329
53110,WI,414,18320
53114,WI,262,2678
53115,WI,262,15788
53118,WI,262,7202
53119,WI,262,5608
53120,WI,262,9679
53121,WI,262,19045
53122,WI,262,5985
53125,WI,262,1895
53126,WI,262,6431
53128,WI,262,8947
53129,WI,414,13973
53130,WI,414,7755
53132,WI,414,34863
53137,WI,920,1702
53139,WI,262,2802
53140,WI,262,30017
53142,WI,262,32375
53143,WI,262,23264
53144,WI,262,27256
53146,WI,262,7458
53147,WI,262,16457
53149,WI,262,19057
53150,WI,414,24850
53151,WI,262,31987
53153,WI,262,2328
53154,WI,414,34451
53156,WI,262,2992
53158,WI,262,15917
53167,WI,262,399
53168,WI,262,8643
53170,WI,262,2380
53172,WI,414,21156
53177,WI,262,8329
53178,WI,262,2626
53179,WI,262,6310
53181,WI,262,7357
53182,WI,262,9412
53183,WI,262,2815
53184,WI,262,4271
53185,WI,262,18551
53186,WI,262,33592
53188,WI,262,35195
53189,WI,262,26228
53190,WI,262,19200
53191,WI,262,2842
53192,WI,262,217
53195,WI,262,114
53202,WI,414,23386
53203,WI,414,938
53204,WI,414,42355
53205,WI,414,10050
53206,WI,414,28210
53207,WI,414,35149
53208,WI,414,31133
53209,WI,414,46917
53210,WI,414,28126
53211,WI,414,35406
53212,WI,414,30416
53213,WI,414,26020
53214,WI,414,34725
53215,WI,414,60953
53216,WI,414,32264
53217,WI,414,29192
53218,WI,414,40625
53219,WI,414,33880
53220,WI,414,26303
53221,WI,414,37701
53222,WI,414,25165
53223,WI,414,29230
53224,WI,414,21284
53225,WI,414,25706
53226,WI,414,18370
53227,WI,414,23357
53228,WI,414,14369
53233,WI,414,16453
53235,WI,414,9270
53295,WI,414,359
53402,WI,262,33174
53403,WI,262,27432
53404,WI,262,15658
53405,WI,262,25193
53406,WI,262,25845
53501,WI,920,23
53502,WI,608,2421
53503,WI,608,1947
53504,WI,608,2084
53505,WI,608,354
53506,WI,608,1125
53507,WI,608,2196
53508,WI,608,5262
53510,WI,608,1482
53511,WI,608,48929
53515,WI,608,2268
53516,WI,608,2152
53517,WI,608,1752
53518,WI,608,1330
53520,WI,608,6810
53521,WI,608,3656
53522,WI,608,1085
53523,WI,608,4949
53525,WI,262,4052
53526,WI,608,565
53527,WI,608,9963
53528,WI,608,5734
53529,WI,608,2031
53530,WI,608,4566
53531,WI,608,4338
53532,WI,608,13606
53533,WI,608,7276
53534,WI,608,11512
53536,WI,608,8503
53537,WI,608,781
53538,WI,920,18468
53540,WI,608,169
53541,WI,608,861
53543,WI,608,1641
53544,WI,608,800
53545,WI,608,23117
53546,WI,608,30648
53548,WI,920,18558
53549,WI,920,10414
53550,WI,608,1239
53551,WI,920,8273
53553,WI,608,624
53554,WI,608,1134
53555,WI,608,8465
53556,WI,608,2594
53557,WI,920,482
53558,WI,608,10742
53559,WI,608,6063
53560,WI,608,3458
53561,WI,608,1618
53562,WI,608,23627
53563,WI,608,10728
53565,WI,608,4765
53566,WI,608,15217
53569,WI,608,1155
53570,WI,608,2627
53571,WI,608,280
53572,WI,608,9970
53573,WI,608,3062
53574,WI,608,3877
53575,WI,608,15494
53576,WI,608,2319
53577,WI,608,1371
53578,WI,608,5924
53579,WI,920,1760
53580,WI,608,564
53581,WI,608,10699
53582,WI,608,1079
53583,WI,608,5747
53585,WI,262,2215
53586,WI,608,2284
53587,WI,608,1290
53588,WI,608,4077
53589,WI,608,19427
53590,WI,608,36294
53593,WI,608,19225
53594,WI,920,5144
53597,WI,608,16844
53598,WI,608,2511
53599,WI,608,69
53702,WI,608,50
53703,WI,608,27958
53704,WI,608,44034
53705,WI,608,23494
53706,WI,608,5133
53711,WI,608,45728
53713,WI,608,22146
53714,WI,608,16463
53715,WI,608,12136
53716,WI,608,18419
53717,WI,608,11962
53718,WI,608,11753
53719,WI,608,28487
53726,WI,608,5177
53792,WI,608,0
53801,WI,608,878
53802,WI,608,58
53803,WI,608,1306
53804,WI,608,1372
53805,WI,608,5269
53806,WI,608,1831
53807,WI,608,4843
53808,WI,608,1049
53809,WI,608,4120
53810,WI,608,429
53811,WI,608,3371
53813,WI,608,6075
53816,WI,608,810
53817,WI,608,205
53818,WI,608,15091
53820,WI,608,2532
53821,WI,608,8456
53825,WI,608,487
53826,WI,608,1332
53827,WI,608,292
53901,WI,608,14445
53910,WI,608,3508
53911,WI,608,1351
53913,WI,608,19881
53916,WI,920,22507
53919,WI,920,2629
53920,WI,608,414
53922,WI,920,1036
53923,WI,920,2098
53924,WI,608,1360
53925,WI,920,7781
53926,WI,920,1628
53928,WI,920,128
53929,WI,608,2782
53930,WI,608,1285
53931,WI,920,237
53932,WI,920,2573
53933,WI,920,4117
53934,WI,608,4396
53935,WI,920,307
53936,WI,608,1610
53937,WI,608,1053
53939,WI,920,244
53941,WI,608,2932
53943,WI,608,1065
53944,WI,608,2224
53946,WI,920,4386
53947,WI,920,137
53948,WI,608,8414
53949,WI,608,6011
53950,WI,608,5449
53951,WI,608,2601
53952,WI,608,4377
53953,WI,608,282
53954,WI,608,6926
53955,WI,608,5692
53956,WI,920,3397
53959,WI,608,13384
53960,WI,920,3268
53961,WI,608,837
53963,WI,920,13910
53964,WI,608,3604
53965,WI,608,10398
53968,WI,608,2329
53969,WI,608,419
54001,WI,715,8155
54002,WI,715,6278
54003,WI,715,1013
54004,WI,715,2317
54005,WI,715,3056
54006,WI,715,743
54007,WI,715,1188
54009,WI,715,2509
54011,WI,715,6819
54013,WI,715,3475
54014,WI,715,2232
54015,WI,715,3586
54016,WI,715,30108
54017,WI,715,16743
54020,WI,715,7260
54021,WI,715,6622
54022,WI,715,22358
54023,WI,715,3833
54024,WI,715,4811
54025,WI,715,6864
54026,WI,715,1809
54027,WI,715,989
54028,WI,715,2493
54082,WI,715,1696
54101,WI,920,2751
54102,WI,715,875
54103,WI,715,418
54104,WI,715,1051
54106,WI,920,4997
54107,WI,715,3727
54110,WI,920,5338
54111,WI,715,2132
54112,WI,920,2284
54113,WI,920,3325
54114,WI,715,5178
54115,WI,920,41178
54119,WI,715,1083
54120,WI,715,245
54121,WI,715,2982
54123,WI,920,238
54124,WI,920,3881
54125,WI,715,519
54126,WI,920,3625
54127,WI,715,76
54128,WI,715,1778
54129,WI,920,3477
54130,WI,920,25108
54135,WI,715,3096
54136,WI,920,6406
54137,WI,920,1115
54138,WI,715,821
54139,WI,920,3096
54140,WI,920,8533
54141,WI,920,2549
54143,WI,715,15225
54149,WI,715,1184
54150,WI,715,1037
54151,WI,715,3556
54153,WI,920,7252
54154,WI,920,5548
54155,WI,920,5451
54156,WI,715,1535
54157,WI,715,5986
54159,WI,715,1434
54160,WI,920,253
54161,WI,715,2696
54162,WI,920,9065
54165,WI,920,7539
54166,WI,715,17002
54169,WI,920,2600
54170,WI,920,3730
54171,WI,920,3362
54173,WI,920,4095
54174,WI,920,3013
54175,WI,715,1018
54177,WI,715,2898
54180,WI,920,2861
54201,WI,920,5345
54202,WI,920,1240
54204,WI,920,1819
54205,WI,920,2177
54207,WI,920,176
54208,WI,920,6061
54209,WI,920,1195
54210,WI,920,897
54211,WI,920,277
54212,WI,920,997
54213,WI,920,1276
54214,WI,920,334
54216,WI,920,6276
54217,WI,920,7405
54220,WI,920,40220
54227,WI,920,1568
54228,WI,920,2682
54229,WI,920,4306
54230,WI,920,4782
54232,WI,920,779
54234,WI,920,1614
54235,WI,920,17203
54241,WI,920,14884
54245,WI,920,2259
54246,WI,920,708
54247,WI,920,2339
54301,WI,920,22742
54302,WI,920,30611
54303,WI,920,27041
54304,WI,920,28153
54307,WI,920,1092
54311,WI,920,33580
54313,WI,920,35897
54401,WI,715,30702
54403,WI,715,24272
54405,WI,715,3032
54406,WI,715,3469
54407,WI,715,1515
54408,WI,715,1068
54409,WI,715,13238
54410,WI,715,2392
54411,WI,715,5406
54412,WI,715,2181
54413,WI,715,191
54414,WI,715,3404
54416,WI,715,1684
54417,WI,920,46
54418,WI,715,1080
54420,WI,715,1307
54421,WI,715,3455
54422,WI,715,1209
54423,WI,715,2343
54424,WI,715,1651
54425,WI,715,2036
54426,WI,715,4479
54427,WI,715,1099
54428,WI,715,1127
54430,WI,715,135
54433,WI,715,1845
54435,WI,715,2010
54436,WI,715,2203
54437,WI,715,3077
54440,WI,715,2964
54441,WI,715,828
54442,WI,715,1177
54443,WI,715,2137
54446,WI,715,3123
54447,WI,715,498
54448,WI,715,4249
54449,WI,715,26418
54450,WI,715,436
54451,WI,715,11755
54452,WI,715,19360
54454,WI,715,1279
54455,WI,715,17029
54456,WI,715,6085
54457,WI,715,8539
54458,WI,715,124
54459,WI,715,1148
54460,WI,715,2746
54462,WI,715,348
54463,WI,715,684
54465,WI,715,536
54466,WI,715,2815
54467,WI,715,13635
54469,WI,715,1792
54470,WI,715,2068
54471,WI,715,1854
54473,WI,715,2700
54474,WI,715,4019
54475,WI,715,1482
54476,WI,715,18580
54479,WI,715,4119
54480,WI,715,1332
54481,WI,715,29340
54482,WI,920,8955
54484,WI,715,4984
54485,WI,715,322
54486,WI,715,2290
54487,WI,715,9594
54488,WI,715,1262
54489,WI,715,1550
54490,WI,715,893
54491,WI,715,1652
54493,WI,715,668
54494,WI,715,27126
54495,WI,715,7637
54498,WI,715,2421
54499,WI,715,3223
54501,WI,715,20019
54511,WI,715,1216
54512,WI,715,833
54513,WI,715,478
54514,WI,715,1717
54515,WI,715,472
54517,WI,715,112
54519,WI,715,1231
54520,WI,715,4141
54521,WI,715,7509
54524,WI,715,670
54525,WI,715,279
54526,WI,715,919
54527,WI,715,1081
54529,WI,715,1133
54530,WI,715,868
54531,WI,715,1454
54534,WI,715,2459
54536,WI,715,184
54537,WI,715,561
54538,WI,715,3137
54539,WI,715,1383
54540,WI,715,947
54541,WI,715,1552
54542,WI,715,470
54545,WI,715,736
54546,WI,715,1266
54547,WI,715,1392
54548,WI,715,4626
54550,WI,715,685
54552,WI,715,4416
54554,WI,715,1120
54555,WI,715,4872
54556,WI,715,1298
54557,WI,715,925
54558,WI,715,2177
54559,WI,715,795
54560,WI,715,589
54561,WI,715,35
54562,WI,715,1948
54563,WI,715,720
54564,WI,715,387
54565,WI,715,60
54566,WI,715,1496
54568,WI,715,5198
54601,WI,608,49282
54603,WI,608,14305
54610,WI,608,1624
54611,WI,715,1307
54612,WI,608,5152
54613,WI,608,1826
54614,WI,608,2947
54615,WI,608,10742
54616,WI,608,2601
54618,WI,608,2262
54619,WI,608,3923
54621,WI,608,1147
54622,WI,608,2121
54623,WI,608,1930
54624,WI,608,1383
54625,WI,608,240
54626,WI,608,1215
54627,WI,608,1819
54628,WI,608,1092
54629,WI,608,2576
54630,WI,608,3770
54631,WI,608,1844
54632,WI,608,1247
54634,WI,608,4258
54635,WI,715,1799
54636,WI,608,13737
54637,WI,608,187
54638,WI,608,1487
54639,WI,608,2397
54641,WI,608,2
54642,WI,608,2125
54643,WI,920,12
54644,WI,608,1434
54645,WI,608,81
54646,WI,608,3899
54648,WI,608,1737
54650,WI,608,23377
54651,WI,608,1382
54652,WI,608,953
54653,WI,608,894
54654,WI,608,153
54655,WI,608,1778
54656,WI,608,17377
54657,WI,608,411
54658,WI,608,2501
54659,WI,608,1409
54660,WI,608,15688
54661,WI,608,3415
54664,WI,608,1516
54665,WI,608,8427
54666,WI,608,2593
54667,WI,608,4599
54669,WI,608,7619
54670,WI,608,1878
54701,WI,715,38803
54703,WI,715,42272
54720,WI,715,7039
54721,WI,715,1373
54722,WI,715,4016
54723,WI,715,1191
54724,WI,715,7174
54725,WI,715,2897
54726,WI,715,1690
54727,WI,715,4915
54728,WI,715,6139
54729,WI,715,31469
54730,WI,715,4903
54731,WI,715,802
54732,WI,715,2924
54733,WI,715,1340
54734,WI,715,856
54736,WI,715,4127
54737,WI,715,487
54738,WI,715,3149
54739,WI,715,4950
54740,WI,715,2056
54741,WI,715,1577
54742,WI,715,4459
54745,WI,715,2261
54746,WI,715,746
54747,WI,715,2534
54748,WI,715,1217
54749,WI,715,1231
54750,WI,715,1062
54751,WI,715,25642
54754,WI,715,1552
54755,WI,715,7502
54756,WI,715,916
54757,WI,715,3314
54758,WI,715,4626
54759,WI,715,1533
54760,WI,715,255
54761,WI,715,1216
54762,WI,715,1246
54763,WI,715,1134
54765,WI,715,24
54766,WI,715,1707
54767,WI,715,3221
54768,WI,715,5990
54769,WI,715,502
54770,WI,715,2101
54771,WI,715,4286
54772,WI,715,1103
54773,WI,715,3336
54801,WI,715,6493
54805,WI,715,1471
54806,WI,715,11810
54810,WI,715,2512
54812,WI,715,5728
54813,WI,715,601
54814,WI,715,2478
54817,WI,715,2188
54819,WI,715,2544
54820,WI,715,864
54821,WI,715,1276
54822,WI,715,4516
54824,WI,715,2271
54826,WI,715,807
54827,WI,715,221
54828,WI,715,678
54829,WI,715,5236
54830,WI,715,2752
54832,WI,715,412
54835,WI,715,1018
54836,WI,715,1080
54837,WI,715,3778
54838,WI,715,1103
54839,WI,715,302
54840,WI,715,4643
54841,WI,715,259
54842,WI,715,185
54843,WI,715,11487
54844,WI,715,267
54845,WI,715,147
54846,WI,715,547
54847,WI,715,2222
54848,WI,715,6141
54849,WI,715,1967
54850,WI,715,261
54853,WI,715,4009
54854,WI,715,990
54855,WI,715,774
54856,WI,715,1616
54857,WI,715,62
54858,WI,715,1518
54859,WI,715,1896
54861,WI,715,150
54862,WI,715,261
54864,WI,715,1322
54865,WI,715,440
54867,WI,715,435
54868,WI,715,15512
54870,WI,715,1486
54871,WI,715,3105
54872,WI,715,2581
54873,WI,715,2799
54874,WI,715,3646
54875,WI,715,1055
54876,WI,715,1551
54880,WI,715,30772
54888,WI,715,1345
54889,WI,715,2742
54891,WI,715,3389
54893,WI,715,3767
54895,WI,715,910
54896,WI,715,1478
54901,WI,920,37710
54902,WI,920,22375
54904,WI,920,20623
54909,WI,715,2181
54911,WI,920,26674
54913,WI,920,17629
54914,WI,920,30475
54915,WI,920,41855
54921,WI,715,1326
54922,WI,715,1514
54923,WI,920,8733
54927,WI,920,538
54928,WI,715,450
54929,WI,715,8746
54930,WI,715,1786
54931,WI,920,260
54932,WI,920,1185
54933,WI,715,231
54935,WI,920,41651
54937,WI,920,19112
54940,WI,920,4020
54941,WI,920,2613
54942,WI,920,8580
54943,WI,715,1923
54944,WI,920,8257
54945,WI,715,3545
54946,WI,715,108
54947,WI,920,2601
54948,WI,715,320
54949,WI,920,3430
54950,WI,715,3083
54952,WI,920,25729
54956,WI,920,42696
54960,WI,920,2800
54961,WI,920,14266
54962,WI,715,1110
54963,WI,920,6917
54964,WI,920,1022
54965,WI,920,1344
54966,WI,715,2008
54967,WI,920,434
54968,WI,920,2779
54970,WI,920,3902
54971,WI,920,10827
54974,WI,920,1581
54977,WI,715,1337
54979,WI,920,1472
54980,WI,920,149
54981,WI,715,15426
54982,WI,920,7117
54983,WI,920,4642
54984,WI,715,2989
54985,WI,920,836
54986,WI,920,4770
55001,MN,651,2916
55003,MN,651,3471
55005,MN,763,4422
55006,MN,320,4069
55007,MN,320,2498
55008,MN,763,14685
55009,MN,507,8030
55011,MN,612,10170
55012,MN,651,2078
55013,MN,651,6541
55014,MN,651,27274
55016,MN,651,34204
55017,MN,763,714
55018,MN,507,997
55019,MN,507,1817
55020,MN,952,3717
55021,MN,507,29732
55024,MN,952,32406
55025,MN,651,23244
55026,MN,651,455
55027,MN,507,3031
55029,MN,612,38
55030,MN,320,1289
55031,MN,651,2035
55032,MN,651,3616
55033,MN,651,29488
55036,MN,612,71
55037,MN,320,4940
55038,MN,651,20816
55040,MN,763,12568
55041,MN,651,7601
55042,MN,651,8840
55043,MN,651,3540
55044,MN,952,47218
55045,MN,651,7577
55046,MN,507,5211
55047,MN,651,2528
55049,MN,507,2476
55051,MN,320,9719
55052,MN,507,2090
55053,MN,507,1009
55054,MN,952,2171
55055,MN,651,3418
55056,MN,651,13546
55057,MN,507,24602
55060,MN,507,28911
55063,MN,320,9348
55065,MN,507,1201
55066,MN,651,18564
55068,MN,612,27490
55069,MN,320,5540
55070,MN,763,7541
55071,MN,651,5569
55072,MN,320,4737
55073,MN,651,3237
55074,MN,651,2222
55075,MN,651,20152
55076,MN,651,21323
55077,MN,651,12572
55079,MN,651,8329
55080,MN,320,2607
55082,MN,651,35024
55084,MN,651,1628
55085,MN,651,417
55087,MN,507,268
55088,MN,952,1704
55089,MN,651,1814
55090,MN,651,401
55092,MN,651,10840
55101,MN,651,5592
55102,MN,651,18207
55103,MN,651,12991
55104,MN,651,43248
55105,MN,651,28455
55106,MN,651,52730
55107,MN,651,14776
55108,MN,651,14688
55109,MN,651,31444
55110,MN,651,37759
55111,MN,612,0
55112,MN,651,43250
55113,MN,651,38994
55114,MN,651,3100
55115,MN,651,8607
55116,MN,651,23851
55117,MN,651,41649
55118,MN,651,27548
55119,MN,651,38966
55120,MN,651,4352
55121,MN,651,7861
55122,MN,651,30346
55123,MN,651,26030
55124,MN,952,49084
55125,MN,651,43281
55126,MN,651,25140
55127,MN,651,16782
55128,MN,651,28113
55129,MN,651,18697
55130,MN,612,17575
55150,MN,612,198
55155,MN,651,0
55301,MN,763,10535
55302,MN,320,7107
55303,MN,763,46352
55304,MN,763,45967
55305,MN,952,19368
55306,MN,952,15935
55307,MN,507,3227
55308,MN,763,9064
55309,MN,763,18208
55310,MN,320,1519
55311,MN,612,32788
55312,MN,320,1595
55313,MN,763,23255
55314,MN,320,1337
55315,MN,952,4762
55316,MN,763,23089
55317,MN,952,19218
55318,MN,952,25493
55319,MN,320,5038
55320,MN,320,4973
55321,MN,320,5341
55322,MN,952,3163
55324,MN,320,1234
55325,MN,320,4610
55327,MN,763,3478
55328,MN,612,8541
55329,MN,320,2118
55330,MN,763,36440
55331,MN,952,17524
55332,MN,507,1922
55333,MN,507,856
55334,MN,507,2939
55335,MN,507,1629
55336,MN,320,8054
55337,MN,952,44356
55338,MN,507,1123
55339,MN,320,988
55340,MN,763,6327
55341,MN,763,2850
55342,MN,320,2015
55343,MN,952,23933
55344,MN,952,13952
55345,MN,952,21147
55346,MN,952,16776
55347,MN,952,30069
55349,MN,320,3887
55350,MN,320,18280
55352,MN,952,8751
55353,MN,320,3162
55354,MN,320,2741
55355,MN,320,9656
55356,MN,952,5311
55357,MN,763,3246
55358,MN,320,4982
55359,MN,952,5954
55360,MN,952,2672
55362,MN,612,18089
55363,MN,763,4496
55364,MN,952,14353
55366,MN,320,443
55367,MN,320,913
55368,MN,952,2218
55369,MN,763,32524
55370,MN,320,802
55371,MN,763,16442
55372,MN,952,29811
55373,MN,763,5600
55374,MN,612,13576
55375,MN,612,4518
55376,MN,612,16242
55378,MN,952,26958
55379,MN,612,40416
55381,MN,320,2063
55382,MN,320,3563
55384,MN,952,1672
55385,MN,320,1291
55386,MN,952,6330
55387,MN,952,12249
55388,MN,952,5619
55389,MN,320,2643
55390,MN,763,2473
55391,MN,952,14486
55395,MN,320,2892
55396,MN,507,2252
55397,MN,952,2693
55398,MN,763,15540
55401,MN,612,6590
55402,MN,612,368
55403,MN,612,14985
55404,MN,612,27121
55405,MN,612,15411
55406,MN,612,32112
55407,MN,612,37881
55408,MN,612,29981
55409,MN,612,11615
55410,MN,952,19340
55411,MN,612,27428
55412,MN,612,22148
55413,MN,612,12934
55414,MN,612,28495
55415,MN,612,2604
55416,MN,952,29027
55417,MN,612,24875
55418,MN,612,29472
55419,MN,612,26406
55420,MN,952,21767
55421,MN,612,27035
55422,MN,763,27820
55423,MN,612,35375
55424,MN,952,9685
55425,MN,952,8952
55426,MN,952,24945
55427,MN,763,22919
55428,MN,763,29357
55429,MN,763,26751
55430,MN,612,21508
55431,MN,952,18435
55432,MN,612,30027
55433,MN,763,33613
55434,MN,763,28823
55435,MN,952,11592
55436,MN,952,13138
55437,MN,952,17484
55438,MN,952,16249
55439,MN,952,8750
55441,MN,763,17848
55442,MN,763,13217
55443,MN,763,32462
55444,MN,763,15667
55445,MN,763,9879
55446,MN,763,18695
55447,MN,763,21187
55448,MN,763,27863
55449,MN,763,23277
55450,MN,612,10
55454,MN,612,8125
55455,MN,612,1050
55601,MN,218,105
55602,MN,218,177
55603,MN,218,508
55604,MN,218,3360
55605,MN,218,565
55606,MN,218,272
55607,MN,218,134
55609,MN,218,303
55612,MN,218,518
55613,MN,218,205
55614,MN,218,2627
55615,MN,218,256
55616,MN,218,6994
55702,MN,218,500
55703,MN,218,701
55704,MN,320,1128
55705,MN,218,3299
55706,MN,218,1825
55707,MN,218,3440
55708,MN,218,959
55709,MN,218,4075
55710,MN,218,1292
55711,MN,218,607
55712,MN,218,586
55713,MN,218,1017
55716,MN,218,341
55717,MN,218,335
55718,MN,218,3281
55719,MN,218,5895
55720,MN,218,16999
55721,MN,218,3410
55722,MN,218,1200
55723,MN,218,2363
55724,MN,218,741
55725,MN,218,103
55726,MN,218,1045
55731,MN,218,5820
55732,MN,218,1453
55733,MN,218,4616
55734,MN,218,6213
55735,MN,320,1809
55736,MN,218,1550
55738,MN,218,544
55741,MN,218,3164
55742,MN,218,344
55744,MN,218,20164
55746,MN,218,17228
55748,MN,218,1476
55749,MN,218,449
55750,MN,218,2025
55751,MN,218,1553
55752,MN,218,395
55753,MN,218,989
55756,MN,218,431
55757,MN,218,866
55758,MN,218,145
55760,MN,218,3108
55763,MN,218,554
55764,MN,218,569
55765,MN,218,802
55766,MN,612,43
55767,MN,218,4532
55768,MN,218,2843
55769,MN,218,2313
55771,MN,218,1680
55772,MN,218,76
55775,MN,218,1205
55779,MN,218,3755
55780,MN,218,212
55781,MN,218,734
55782,MN,218,480
55783,MN,218,2437
55784,MN,218,89
55785,MN,218,263
55786,MN,218,305
55787,MN,218,525
55790,MN,218,1866
55792,MN,218,10107
55793,MN,218,615
55795,MN,218,1629
55797,MN,218,1441
55798,MN,218,581
55802,MN,218,2442
55803,MN,218,17431
55804,MN,218,14592
55805,MN,218,10194
55806,MN,218,9576
55807,MN,218,9963
55808,MN,218,5846
55810,MN,218,8702
55811,MN,218,26246
55812,MN,218,10924
55814,MN,612,772
55901,MN,507,51917
55902,MN,507,21968
55904,MN,507,26332
55905,MN,507,0
55906,MN,507,17598
55909,MN,507,1428
55910,MN,507,1423
55912,MN,507,28483
55917,MN,507,3696
55918,MN,507,982
55919,MN,507,985
55920,MN,507,7026
55921,MN,507,4964
55922,MN,507,1021
55923,MN,507,4469
55924,MN,507,1303
55925,MN,507,1113
55926,MN,507,853
55927,MN,507,4071
55929,MN,507,1209
55931,MN,507,330
55932,MN,507,2042
55933,MN,507,273
55934,MN,507,3338
55935,MN,507,939
55936,MN,507,1861
55939,MN,507,1963
55940,MN,507,2666
55941,MN,507,969
55943,MN,507,3059
55944,MN,507,7151
55945,MN,507,1458
55946,MN,507,3178
55947,MN,507,7513
55949,MN,507,1808
55950,MN,612,169
55951,MN,507,1567
55952,MN,507,2529
55953,MN,507,894
55954,MN,507,1442
55955,MN,507,2746
55956,MN,507,1962
55957,MN,507,756
55959,MN,507,2321
55960,MN,507,3134
55961,MN,507,447
55962,MN,507,763
55963,MN,507,4988
55964,MN,507,4389
55965,MN,507,2376
55967,MN,507,938
55968,MN,651,121
55969,MN,507,1117
55970,MN,507,1016
55971,MN,507,2993
55972,MN,507,4995
55973,MN,507,285
55974,MN,507,2132
55975,MN,507,4335
55976,MN,507,7582
55977,MN,507,203
55979,MN,507,1143
55981,MN,651,3961
55982,MN,507,436
55983,MN,507,1588
55985,MN,507,1858
55987,MN,507,35629
55990,MN,507,925
55991,MN,507,1490
55992,MN,507,4693
56001,MN,507,46327
56003,MN,507,14335
56007,MN,507,21228
56009,MN,507,1613
56010,MN,507,1129
56011,MN,952,8925
56013,MN,507,4531
56014,MN,507,797
56016,MN,507,1096
56017,MN,507,1620
56019,MN,507,914
56020,MN,507,115
56021,MN,507,1038
56022,MN,507,70
56023,MN,507,485
56024,MN,507,2759
56025,MN,507,507
56026,MN,507,2012
56027,MN,507,969
56028,MN,507,1372
56029,MN,507,744
56031,MN,507,12401
56032,MN,507,313
56033,MN,507,345
56034,MN,507,496
56035,MN,507,546
56036,MN,507,1959
56037,MN,507,1635
56039,MN,507,957
56041,MN,507,1066
56042,MN,507,720
56043,MN,507,486
56044,MN,507,2082
56045,MN,507,813
56046,MN,612,94
56047,MN,507,117
56048,MN,507,3898
56050,MN,507,1464
56051,MN,507,703
56052,MN,507,699
56054,MN,507,923
56055,MN,507,3902
56056,MN,507,96
56057,MN,507,3867
56058,MN,507,5985
56060,MN,507,452
56062,MN,507,3208
56063,MN,507,2724
56065,MN,507,2844
56068,MN,507,1087
56069,MN,507,4467
56071,MN,612,11817
56072,MN,507,2389
56073,MN,507,16759
56074,MN,507,2004
56075,MN,507,171
56078,MN,507,476
56080,MN,507,770
56081,MN,507,6098
56082,MN,507,13597
56083,MN,507,874
56085,MN,507,5451
56087,MN,507,3179
56088,MN,507,1946
56089,MN,507,155
56090,MN,507,694
56091,MN,507,367
56093,MN,507,12831
56096,MN,507,3021
56097,MN,507,3715
56098,MN,507,2124
56101,MN,507,5867
56110,MN,507,1843
56111,MN,507,420
56113,MN,507,238
56114,MN,507,361
56115,MN,507,1366
56116,MN,507,628
56117,MN,507,399
56118,MN,507,421
56119,MN,507,1017
56120,MN,507,1121
56121,MN,507,659
56122,MN,507,586
56123,MN,507,514
56125,MN,507,65
56127,MN,507,398
56128,MN,507,1984
56129,MN,507,741
56131,MN,507,2293
56132,MN,507,540
56134,MN,507,462
56136,MN,507,1118
56137,MN,507,1149
56138,MN,507,899
56139,MN,507,430
56140,MN,507,59
56141,MN,507,323
56142,MN,507,981
56143,MN,507,4478
56144,MN,507,1143
56145,MN,507,622
56146,MN,612,40
56147,MN,507,192
56149,MN,507,1268
56150,MN,507,2742
56151,MN,507,823
56152,MN,507,1507
56153,MN,507,224
56155,MN,507,419
56156,MN,507,6066
56157,MN,507,788
56158,MN,507,434
56159,MN,507,2928
56160,MN,507,214
56161,MN,507,400
56162,MN,507,285
56164,MN,507,5969
56165,MN,507,349
56166,MN,507,253
56167,MN,507,661
56168,MN,507,932
56169,MN,507,681
56170,MN,507,587
56171,MN,507,1821
56172,MN,507,3164
56173,MN,507,424
56174,MN,507,357
56175,MN,507,3085
56176,MN,507,1137
56178,MN,507,1746
56180,MN,507,1408
56181,MN,507,1147
56183,MN,507,1263
56185,MN,507,560
56186,MN,507,388
56187,MN,507,14170
56201,MN,320,23173
56207,MN,320,251
56208,MN,320,2066
56209,MN,320,2339
56210,MN,320,13
56211,MN,320,529
56212,MN,320,531
56214,MN,507,725
56215,MN,320,4693
56216,MN,320,670
56218,MN,320,628
56219,MN,320,1082
56220,MN,507,3070
56221,MN,320,773
56222,MN,320,1984
56223,MN,320,1408
56224,MN,507,333
56225,MN,320,834
56226,MN,320,254
56227,MN,320,223
56228,MN,320,882
56229,MN,507,1871
56230,MN,320,854
56231,MN,320,390
56232,MN,320,2415
56235,MN,320,579
56236,MN,320,359
56237,MN,507,600
56239,MN,507,596
56240,MN,320,1042
56241,MN,320,4166
56243,MN,320,1725
56244,MN,320,1496
56245,MN,507,535
56248,MN,320,807
56249,MN,320,296
56251,MN,320,987
56252,MN,320,1238
56253,MN,320,1015
56255,MN,507,394
56256,MN,320,2581
56257,MN,320,508
56258,MN,507,15617
56260,MN,320,929
56262,MN,320,724
56263,MN,507,541
56264,MN,507,2204
56265,MN,320,7757
56266,MN,507,1628
56267,MN,320,6807
56270,MN,507,1061
56271,MN,320,1196
56273,MN,320,4797
56274,MN,320,177
56276,MN,320,298
56277,MN,320,3191
56278,MN,320,2601
56279,MN,320,1271
56280,MN,507,480
56281,MN,320,619
56282,MN,320,1510
56283,MN,507,6636
56284,MN,320,2111
56285,MN,320,1096
56287,MN,507,81
56288,MN,320,4696
56289,MN,320,634
56291,MN,507,501
56292,MN,507,636
56293,MN,507,1223
56294,MN,507,84
56295,MN,320,310
56296,MN,320,2029
56297,MN,507,867
56301,MN,320,32434
56303,MN,320,25984
56304,MN,320,16020
56307,MN,320,5157
56308,MN,320,23961
56309,MN,218,1185
56310,MN,320,5120
56311,MN,320,757
56312,MN,320,2365
56313,MN,320,106
56314,MN,320,1258
56315,MN,320,1591
56316,MN,320,1580
56318,MN,320,1238
56319,MN,320,1321
56320,MN,320,8080
56321,MN,612,1536
56323,MN,320,496
56324,MN,218,1115
56325,MN,320,211
56326,MN,320,1526
56327,MN,320,803
56328,MN,612,128
56329,MN,320,7367
56330,MN,320,1691
56331,MN,320,2019
56332,MN,320,1407
56334,MN,320,5497
56335,MN,320,199
56336,MN,320,1514
56338,MN,320,1691
56339,MN,320,1129
56340,MN,320,2288
56342,MN,320,2739
56343,MN,320,926
56345,MN,320,14786
56347,MN,320,7062
56349,MN,320,733
56350,MN,218,570
56352,MN,320,5868
56353,MN,320,8996
56354,MN,218,1367
56355,MN,320,579
56356,MN,320,300
56357,MN,320,1029
56358,MN,320,3256
56359,MN,320,3878
56360,MN,320,3917
56361,MN,218,2403
56362,MN,320,5844
56363,MN,320,155
56364,MN,320,5416
56367,MN,320,6263
56368,MN,320,4239
56369,MN,612,528
56371,MN,320,99
56373,MN,320,3051
56374,MN,320,9868
56375,MN,320,852
56376,MN,320,358
56377,MN,320,17648
56378,MN,320,7778
56379,MN,320,16163
56381,MN,320,2458
56382,MN,320,1540
56384,MN,320,328
56385,MN,320,928
56386,MN,320,652
56387,MN,320,6734
56389,MN,612,111
56401,MN,218,29439
56425,MN,218,7655
56431,MN,218,8931
56433,MN,218,1840
56434,MN,218,235
56435,MN,218,2372
56436,MN,218,67
56437,MN,218,1380
56438,MN,320,2949
56440,MN,218,1409
56441,MN,218,3596
56442,MN,218,2381
56443,MN,218,1417
56444,MN,218,3087
56446,MN,218,1597
56447,MN,218,1150
56448,MN,218,332
56449,MN,218,1769
56450,MN,218,1017
56452,MN,218,1755
56453,MN,218,871
56455,MN,218,1488
56456,MN,218,50
56458,MN,218,357
56461,MN,218,3241
56464,MN,218,4336
56465,MN,218,2062
56466,MN,218,3116
56467,MN,218,2412
56468,MN,218,4589
56469,MN,218,998
56470,MN,218,10334
56472,MN,218,7459
56473,MN,218,3380
56474,MN,218,4244
56475,MN,320,1655
56477,MN,218,2758
56479,MN,218,5384
56481,MN,218,2031
56482,MN,218,6666
56484,MN,218,3205
56501,MN,218,16290
56510,MN,218,2333
56511,MN,218,1878
56514,MN,218,3696
56515,MN,218,2892
56516,MN,218,294
56517,MN,218,279
56518,MN,218,388
56519,MN,218,300
56520,MN,218,3983
56521,MN,218,757
56522,MN,218,538
56523,MN,218,539
56524,MN,218,661
56525,MN,218,106
56527,MN,218,840
56528,MN,218,1673
56529,MN,218,4026
56531,MN,218,1994
56533,MN,218,291
56534,MN,218,1164
56535,MN,218,1363
56536,MN,218,482
56537,MN,218,18548
56540,MN,218,1962
56541,MN,218,24
56542,MN,218,2829
56543,MN,218,276
56544,MN,218,5294
56545,MN,218,682
56546,MN,218,346
56547,MN,218,2700
56548,MN,218,771
56549,MN,218,4508
56550,MN,218,414
56551,MN,218,2237
56552,MN,218,429
56553,MN,218,293
56554,MN,218,2709
56556,MN,218,1160
56557,MN,218,2811
56560,MN,218,40766
56565,MN,218,107
56566,MN,218,668
56567,MN,218,3169
56568,MN,218,142
56569,MN,218,1357
56570,MN,218,1238
56571,MN,218,1800
56572,MN,218,5454
56573,MN,218,5993
56574,MN,218,266
56575,MN,218,763
56576,MN,218,799
56577,MN,612,21
56578,MN,218,747
56579,MN,218,1136
56580,MN,218,1171
56581,MN,218,287
56583,MN,218,168
56584,MN,218,1553
56585,MN,218,1049
56586,MN,218,1839
56587,MN,218,1404
56588,MN,218,568
56589,MN,218,1975
56590,MN,218,373
56591,MN,218,170
56592,MN,218,516
56593,MN,218,14
56594,MN,218,440
56601,MN,218,32225
56621,MN,218,4639
56623,MN,218,2749
56626,MN,218,356
56627,MN,218,309
56628,MN,218,1681
56629,MN,218,197
56630,MN,218,2117
56633,MN,218,4541
56634,MN,218,1639
56636,MN,218,5137
56637,MN,218,227
56639,MN,218,459
56641,MN,218,324
56644,MN,218,787
56646,MN,218,355
56647,MN,218,839
56649,MN,218,9932
56650,MN,218,722
56651,MN,218,538
56652,MN,218,539
56653,MN,218,1336
56654,MN,218,153
56655,MN,218,1303
56657,MN,218,304
56658,MN,612,6
56659,MN,218,54
56660,MN,218,240
56661,MN,218,942
56662,MN,218,511
56663,MN,218,220
56666,MN,218,1066
56667,MN,218,662
56668,MN,218,136
56669,MN,218,375
56670,MN,218,1440
56671,MN,218,3371
56672,MN,218,2097
56673,MN,218,795
56676,MN,218,1663
56678,MN,218,1321
56680,MN,218,117
56681,MN,218,318
56683,MN,218,772
56684,MN,218,282
56685,MN,218,117
56686,MN,218,984
56687,MN,612,73
56688,MN,218,157
56701,MN,218,12690
56710,MN,218,490
56711,MN,218,96
56713,MN,218,1022
56714,MN,218,1157
56715,MN,218,350
56716,MN,218,9416
56720,MN,218,57
56721,MN,218,10096
56722,MN,218,386
56723,MN,218,970
56724,MN,218,159
56725,MN,218,978
56726,MN,218,1631
56727,MN,218,769
56728,MN,218,1364
56729,MN,218,140
56731,MN,218,93
56732,MN,218,1136
56733,MN,218,390
56734,MN,218,467
56735,MN,218,816
56736,MN,218,903
56737,MN,218,871
56738,MN,218,1368
56741,MN,218,23
56742,MN,218,918
56744,MN,218,621
56748,MN,218,600
56750,MN,218,2539
56751,MN,218,5575
56754,MN,218,546
56755,MN,218,102
56756,MN,218,799
56757,MN,218,932
56758,MN,218,418
56759,MN,218,364
56760,MN,218,358
56761,MN,218,488
56762,MN,218,2494
56763,MN,218,5180
57001,SD,605,1672
57002,SD,605,863
57003,SD,605,1879
57004,SD,605,3356
57005,SD,605,10473
57006,SD,605,24530
57010,SD,605,493
57012,SD,605,1160
57013,SD,605,4440
57014,SD,605,1471
57015,SD,605,787
57016,SD,605,693
57017,SD,605,1340
57018,SD,605,1372
57020,SD,605,1502
57021,SD,605,276
57022,SD,605,4996
57024,SD,605,428
57025,SD,605,2795
57026,SD,605,1458
57027,SD,605,109
57028,SD,605,3448
57029,SD,605,2023
57030,SD,605,2959
57031,SD,605,741
57032,SD,605,5906
57033,SD,605,4713
57034,SD,605,712
57035,SD,605,1200
57036,SD,605,811
57037,SD,605,819
57038,SD,605,1667
57039,SD,605,3265
57040,SD,605,389
57041,SD,605,97
57042,SD,605,8415
57043,SD,605,1378
57045,SD,605,996
57046,SD,605,626
57047,SD,605,256
57048,SD,605,1170
57049,SD,605,5789
57050,SD,605,191
57051,SD,605,263
57052,SD,605,452
57053,SD,605,1893
57054,SD,605,502
57055,SD,605,1090
57057,SD,605,152
57058,SD,605,1973
57059,SD,605,1522
57061,SD,605,102
57062,SD,605,2410
57063,SD,605,1006
57064,SD,605,5072
57065,SD,605,397
57066,SD,605,1508
57067,SD,605,537
57068,SD,605,1512
57069,SD,605,11988
57070,SD,605,1387
57071,SD,605,2758
57072,SD,605,584
57073,SD,605,711
57075,SD,605,893
57076,SD,605,521
57077,SD,605,1324
57078,SD,605,19121
57103,SD,605,34480
57104,SD,605,25901
57105,SD,605,22268
57106,SD,605,39852
57107,SD,605,8044
57108,SD,605,17267
57110,SD,605,12309
57117,SD,605,61
57197,SD,605,959
57201,SD,605,24983
57212,SD,605,2062
57213,SD,605,485
57214,SD,605,75
57216,SD,605,1044
57217,SD,605,244
57218,SD,605,327
57219,SD,605,567
57220,SD,605,767
57221,SD,605,808
57223,SD,605,1356
57224,SD,605,195
57225,SD,605,1873
57226,SD,605,2072
57227,SD,605,434
57231,SD,605,1695
57232,SD,605,299
57233,SD,605,118
57234,SD,605,1274
57235,SD,605,844
57236,SD,605,118
57237,SD,605,665
57238,SD,605,483
57239,SD,605,223
57241,SD,605,1048
57242,SD,605,432
57243,SD,605,604
57245,SD,605,126
57246,SD,605,161
57247,SD,605,320
57248,SD,605,1057
57249,SD,605,994
57251,SD,605,127
57252,SD,605,4800
57255,SD,605,538
57256,SD,605,127
57257,SD,605,810
57258,SD,605,385
57259,SD,605,505
57260,SD,605,1093
57261,SD,605,321
57262,SD,605,4963
57263,SD,605,450
57264,SD,605,219
57265,SD,605,225
57266,SD,605,607
57268,SD,605,443
57269,SD,605,413
57270,SD,605,904
57271,SD,605,247
57272,SD,605,173
57273,SD,605,1316
57274,SD,605,2813
57276,SD,605,1178
57278,SD,605,748
57279,SD,605,1058
57301,SD,605,18375
57311,SD,605,1616
57312,SD,605,516
57313,SD,605,1128
57314,SD,605,734
57315,SD,605,987
57317,SD,605,526
57319,SD,605,1003
57321,SD,605,388
57322,SD,605,296
57323,SD,605,215
57324,SD,605,383
57325,SD,605,3054
57328,SD,605,1134
57329,SD,605,258
57330,SD,605,625
57331,SD,605,459
57332,SD,605,730
57334,SD,605,895
57335,SD,605,244
57337,SD,605,140
57339,SD,605,1525
57340,SD,605,355
57341,SD,605,151
57342,SD,605,558
57344,SD,605,155
57345,SD,605,1238
57346,SD,605,68
57348,SD,605,527
57349,SD,605,1493
57350,SD,605,14534
57353,SD,605,829
57355,SD,605,1352
57356,SD,605,1993
57358,SD,605,34
57359,SD,605,649
57361,SD,605,198
57362,SD,605,2149
57363,SD,605,1003
57364,SD,605,56
57365,SD,605,522
57366,SD,605,2228
57367,SD,605,210
57368,SD,605,1226
57369,SD,605,2495
57370,SD,605,814
57371,SD,605,234
57373,SD,605,437
57374,SD,605,343
57375,SD,605,647
57376,SD,605,1010
57379,SD,605,84
57380,SD,605,3470
57381,SD,605,490
57382,SD,605,1591
57383,SD,605,732
57384,SD,605,839
57385,SD,605,1221
57386,SD,605,209
57401,SD,605,30061
57420,SD,605,75
57421,SD,605,88
57422,SD,605,235
57424,SD,605,291
57426,SD,605,63
57427,SD,605,620
57428,SD,605,710
57429,SD,605,94
57430,SD,605,2243
57432,SD,605,465
57433,SD,605,383
57434,SD,605,566
57435,SD,605,247
57436,SD,605,384
57437,SD,605,1286
57438,SD,605,1580
57439,SD,605,52
57440,SD,605,612
57441,SD,605,607
57442,SD,605,1664
57445,SD,605,2068
57446,SD,605,472
57448,SD,605,348
57449,SD,605,146
57450,SD,605,672
57451,SD,605,2293
57452,SD,605,278
57454,SD,605,558
57455,SD,605,96
57456,SD,605,862
57457,SD,605,90
57460,SD,605,365
57461,SD,605,392
57465,SD,605,371
57466,SD,605,124
57467,SD,605,293
57468,SD,605,247
57469,SD,605,3305
57470,SD,605,143
57471,SD,605,674
57472,SD,605,953
57473,SD,605,161
57474,SD,605,197
57475,SD,605,160
57476,SD,605,463
57477,SD,605,117
57479,SD,605,666
57481,SD,605,598
57501,SD,605,16309
57520,SD,605,153
57521,SD,605,167
57522,SD,605,463
57523,SD,605,1094
57528,SD,605,748
57529,SD,605,395
57531,SD,605,228
57532,SD,605,2835
57533,SD,605,1900
57534,SD,605,183
57536,SD,605,469
57537,SD,605,83
57538,SD,605,322
57540,SD,605,106
57541,SD,605,167
57543,SD,605,870
57544,SD,605,419
57547,SD,605,139
57548,SD,605,1380
57551,SD,605,2279
57552,SD,605,554
57553,SD,605,153
57555,SD,605,3834
57559,SD,605,638
57560,SD,605,436
57562,SD,605,98
57563,SD,605,240
57564,SD,605,995
57566,SD,605,1060
57567,SD,605,1406
57568,SD,605,689
57569,SD,605,445
57570,SD,605,2064
57571,SD,605,14
57572,SD,605,1847
57574,SD,605,104
57576,SD,605,204
57577,SD,605,1211
57579,SD,605,1330
57580,SD,605,4449
57584,SD,605,125
57585,SD,605,226
57601,SD,605,4003
57620,SD,605,515
57621,SD,605,378
57622,SD,605,318
57623,SD,605,1042
57625,SD,605,4230
57626,SD,605,971
57630,SD,605,32
57631,SD,605,361
57632,SD,605,634
57633,SD,605,414
57634,SD,605,115
57636,SD,605,164
57638,SD,605,1921
57639,SD,605,371
57640,SD,605,176
57641,SD,605,295
57642,SD,605,1917
57644,SD,605,335
57645,SD,605,217
57646,SD,605,199
57648,SD,605,335
57649,SD,605,217
57650,SD,605,29
57651,SD,605,115
57652,SD,605,402
57656,SD,605,723
57657,SD,605,203
57658,SD,605,446
57660,SD,605,99
57661,SD,605,88
57701,SD,605,43462
57702,SD,605,32980
57703,SD,605,14205
57706,SD,605,2903
57714,SD,605,872
57716,SD,605,486
57717,SD,605,8007
57718,SD,605,6307
57719,SD,605,6217
57720,SD,605,651
57722,SD,605,283
57724,SD,406,210
57725,SD,605,162
57730,SD,605,5315
57732,SD,605,1979
57735,SD,605,1327
57738,SD,605,170
57741,SD,605,63
57744,SD,605,2238
57745,SD,605,2109
57747,SD,605,5870
57748,SD,605,318
57750,SD,605,295
57751,SD,605,844
57752,SD,605,2245
57754,SD,605,3793
57755,SD,605,116
57756,SD,605,1126
57758,SD,605,200
57759,SD,605,546
57760,SD,605,1353
57761,SD,605,1210
57762,SD,605,531
57763,SD,605,282
57764,SD,605,1923
57766,SD,605,237
57767,SD,605,149
57769,SD,605,3515
57770,SD,605,5271
57772,SD,605,2048
57773,SD,605,133
57775,SD,605,230
57776,SD,605,15
57779,SD,605,333
57780,SD,605,102
57782,SD,605,61
57783,SD,605,14290
57785,SD,605,9377
57787,SD,605,365
57788,SD,605,485
57790,SD,605,1111
57791,SD,605,190
57792,SD,605,129
57793,SD,605,1913
57794,SD,605,644
57799,SD,605,660
58001,ND,701,55
58002,ND,701,23
58004,ND,701,266
58005,ND,701,854
58006,ND,701,427
58007,ND,701,119
58008,ND,701,229
58009,ND,701,102
58011,ND,701,391
58012,ND,701,2474
58013,ND,701,101
58015,ND,701,291
58016,ND,701,192
58017,ND,701,313
58018,ND,701,324
58021,ND,701,447
58027,ND,701,1391
58029,ND,701,129
58030,ND,701,649
58031,ND,701,414
58032,ND,701,722
58033,ND,701,374
58035,ND,701,262
58036,ND,701,274
58038,ND,701,332
58040,ND,701,920
58041,ND,701,1545
58042,ND,701,1386
58043,ND,701,167
58045,ND,701,2230
58046,ND,701,583
58047,ND,701,3560
58048,ND,701,418
58049,ND,701,289
58051,ND,701,1458
58052,ND,701,581
58053,ND,701,1171
58054,ND,701,3128
58056,ND,701,191
58057,ND,701,147
58058,ND,701,123
58059,ND,701,1168
58060,ND,701,1329
58061,ND,701,413
58062,ND,701,174
58063,ND,701,340
58064,ND,701,450
58065,ND,701,22
58067,ND,701,243
58068,ND,701,321
58069,ND,701,176
58071,ND,701,409
58072,ND,701,7997
58075,ND,701,9276
58076,ND,701,236
58077,ND,701,787
58078,ND,701,26321
58079,ND,701,530
58081,ND,701,845
58102,ND,701,29850
58103,ND,701,47302
58104,ND,701,28322
58105,ND,701,2483
58201,ND,701,34880
58202,ND,701,1839
58203,ND,701,18229
58204,ND,701,2107
58205,ND,701,260
58210,ND,701,322
58212,ND,701,474
58214,ND,701,367
58216,ND,701,153
58218,ND,701,700
58219,ND,701,47
58220,ND,701,2360
58222,ND,701,295
58223,ND,701,212
58224,ND,701,41
58225,ND,218,1125
58227,ND,701,504
58228,ND,701,880
58229,ND,701,114
58230,ND,701,663
58231,ND,701,490
58233,ND,701,283
58235,ND,701,418
58237,ND,701,5499
58238,ND,701,167
58239,ND,701,71
58240,ND,701,1276
58241,ND,701,126
58243,ND,701,539
58244,ND,701,194
58249,ND,701,2574
58250,ND,701,241
58251,ND,701,2049
58254,ND,701,513
58256,ND,701,872
58257,ND,701,2239
58258,ND,701,290
58259,ND,701,454
58260,ND,701,173
58261,ND,701,1112
58262,ND,701,134
58265,ND,701,519
58266,ND,701,203
58267,ND,701,1520
58269,ND,701,207
58270,ND,701,1950
58271,ND,701,708
58272,ND,701,312
58273,ND,701,264
58274,ND,701,953
58275,ND,701,733
58276,ND,701,503
58277,ND,701,225
58278,ND,701,1988
58281,ND,701,124
58282,ND,701,1441
58301,ND,701,9864
58311,ND,701,60
58316,ND,701,6486
58317,ND,701,226
58318,ND,701,3684
58321,ND,701,161
58323,ND,701,47
58324,ND,701,1345
58325,ND,701,92
58327,ND,701,390
58329,ND,701,3313
58330,ND,701,341
58331,ND,701,122
58332,ND,701,320
58335,ND,701,1694
58338,ND,701,105
58339,ND,701,47
58341,ND,701,2597
58343,ND,701,81
58344,ND,701,958
58345,ND,701,158
58346,ND,701,650
58348,ND,701,727
58351,ND,701,478
58352,ND,701,435
58353,ND,701,140
58355,ND,701,84
58356,ND,701,1751
58357,ND,701,364
58361,ND,701,190
58362,ND,701,82
58363,ND,701,83
58365,ND,701,304
58366,ND,701,1080
58367,ND,701,1707
58368,ND,701,3801
58369,ND,701,1231
58370,ND,701,1280
58372,ND,701,106
58374,ND,701,640
58377,ND,701,334
58379,ND,701,360
58380,ND,701,442
58381,ND,701,317
58382,ND,701,163
58384,ND,701,549
58385,ND,701,225
58386,ND,701,134
58401,ND,701,17142
58402,ND,701,260
58405,ND,701,427
58413,ND,701,1150
58415,ND,701,145
58416,ND,701,440
58418,ND,701,353
58420,ND,701,314
58421,ND,701,2850
58422,ND,701,195
58423,ND,701,78
58424,ND,701,301
58425,ND,701,1379
58426,ND,701,200
58428,ND,701,271
58429,ND,701,357
58430,ND,701,112
58431,ND,701,132
58433,ND,701,1092
58436,ND,701,1965
58438,ND,701,625
58439,ND,701,310
58440,ND,701,181
58441,ND,701,389
58442,ND,701,478
58443,ND,701,200
58444,ND,701,192
58445,ND,701,160
58448,ND,701,347
58451,ND,701,185
58452,ND,701,27
58454,ND,701,360
58455,ND,701,303
58456,ND,701,523
58458,ND,701,1397
58460,ND,701,230
58461,ND,701,413
58463,ND,701,651
58464,ND,701,242
58466,ND,701,355
58467,ND,701,606
58472,ND,701,419
58474,ND,701,2681
58475,ND,701,150
58476,ND,701,271
58477,ND,701,148
58478,ND,701,135
58479,ND,701,192
58480,ND,701,340
58481,ND,701,272
58482,ND,701,1003
58483,ND,701,340
58484,ND,701,65
58486,ND,701,262
58487,ND,701,444
58488,ND,701,258
58490,ND,701,240
58492,ND,701,481
58494,ND,701,350
58495,ND,701,1332
58496,ND,701,182
58497,ND,701,326
58501,ND,701,28055
58503,ND,701,25734
58504,ND,701,24342
58505,ND,701,2
58520,ND,701,264
58521,ND,701,658
58523,ND,701,3619
58524,ND,701,100
58528,ND,701,798
58529,ND,701,660
58530,ND,701,1193
58531,ND,701,307
58532,ND,701,297
58533,ND,701,945
58535,ND,701,571
58538,ND,701,2489
58540,ND,701,2449
58541,ND,701,364
58542,ND,701,324
58544,ND,701,551
58545,ND,701,3461
58549,ND,701,214
58552,ND,701,1797
58554,ND,701,22884
58558,ND,701,812
58559,ND,701,218
58560,ND,701,161
58561,ND,701,1085
58562,ND,701,415
58563,ND,701,1977
58564,ND,701,92
58565,ND,701,209
58566,ND,701,180
58568,ND,701,535
58569,ND,701,77
58570,ND,701,397
58571,ND,701,603
58572,ND,701,319
58573,ND,701,674
58575,ND,701,920
58576,ND,701,953
58577,ND,701,1671
58579,ND,701,1190
58580,ND,701,455
58581,ND,701,258
58601,ND,701,21078
58620,ND,701,132
58621,ND,701,1231
58622,ND,701,1489
58623,ND,701,2370
58625,ND,701,185
58626,ND,701,262
58627,ND,701,154
58630,ND,701,502
58631,ND,701,1150
58632,ND,701,149
58634,ND,701,251
58636,ND,701,706
58638,ND,701,992
58639,ND,701,1816
58640,ND,701,1344
58641,ND,701,79
58642,ND,701,334
58643,ND,701,191
58645,ND,701,238
58646,ND,701,1138
58647,ND,701,1142
58649,ND,701,321
58650,ND,701,393
58651,ND,701,475
58652,ND,701,987
58653,ND,701,601
58654,ND,701,289
58655,ND,701,484
58656,ND,701,366
58701,ND,701,28368
58702,ND,701,0
58703,ND,701,19396
58704,ND,701,4770
58705,ND,701,751
58707,ND,701,509
58710,ND,701,469
58711,ND,701,211
58712,ND,701,155
58713,ND,701,35
58716,ND,701,147
58718,ND,701,1040
58721,ND,701,529
58722,ND,701,1516
58723,ND,701,236
58725,ND,701,341
58727,ND,701,279
58730,ND,701,1295
58731,ND,701,300
58733,ND,701,402
58734,ND,701,241
58735,ND,701,314
58736,ND,701,452
58737,ND,701,140
58740,ND,701,755
58741,ND,701,554
58744,ND,701,143
58746,ND,701,1620
58748,ND,701,148
58750,ND,701,528
58752,ND,701,223
58755,ND,701,129
58756,ND,701,250
58757,ND,701,909
58758,ND,701,222
58759,ND,701,821
58760,ND,701,254
58761,ND,701,1104
58762,ND,701,246
58763,ND,701,3502
58765,ND,701,248
58768,ND,701,282
58769,ND,701,229
58770,ND,701,1240
58771,ND,701,453
58772,ND,701,137
58773,ND,701,687
58775,ND,701,290
58776,ND,701,298
58778,ND,701,133
58779,ND,701,367
58781,ND,701,695
58782,ND,701,436
58783,ND,701,346
58784,ND,701,2330
58785,ND,701,1091
58787,ND,701,136
58788,ND,701,1124
58789,ND,701,321
58790,ND,701,1585
58792,ND,701,227
58793,ND,701,609
58794,ND,701,159
58795,ND,701,198
58801,ND,701,18371
58830,ND,701,213
58831,ND,701,472
58833,ND,701,80
58835,ND,701,313
58838,ND,701,199
58843,ND,701,466
58844,ND,701,142
58845,ND,701,371
58847,ND,701,283
58849,ND,701,883
58852,ND,701,1750
58853,ND,701,292
58854,ND,701,2804
58856,ND,701,131
59001,MT,406,1643
59002,MT,406,165
59003,MT,406,1160
59006,MT,406,926
59007,MT,406,113
59008,MT,406,410
59010,MT,406,102
59011,MT,406,3027
59012,MT,406,249
59013,MT,406,127
59014,MT,406,1446
59015,MT,406,576
59016,MT,406,1089
59018,MT,406,602
59019,MT,406,3972
59020,MT,406,77
59022,MT,406,1945
59024,MT,406,390
59025,MT,406,56
59026,MT,406,194
59027,MT,406,836
59028,MT,406,434
59029,MT,406,733
59030,MT,406,1263
59031,MT,406,339
59032,MT,406,408
59033,MT,406,334
59034,MT,406,5189
59035,MT,406,227
59036,MT,406,1505
59037,MT,406,1672
59038,MT,406,656
59039,MT,406,28
59041,MT,406,1950
59043,MT,406,2950
59044,MT,406,10971
59046,MT,406,390
59047,MT,406,11880
59050,MT,406,1715
59052,MT,406,139
59053,MT,406,354
59054,MT,406,315
59055,MT,406,59
59057,MT,406,692
59058,MT,406,50
59059,MT,406,146
59061,MT,406,272
59062,MT,406,35
59063,MT,406,2058
59064,MT,406,284
59065,MT,406,197
59066,MT,406,701
59067,MT,406,221
59068,MT,406,3580
59069,MT,406,461
59070,MT,406,1047
59071,MT,406,104
59072,MT,406,4140
59074,MT,406,490
59075,MT,406,289
59076,MT,406,33
59077,MT,406,79
59078,MT,406,145
59079,MT,406,3481
59081,MT,406,9
59082,MT,406,39
59085,MT,406,88
59086,MT,406,727
59087,MT,406,436
59088,MT,406,1373
59089,MT,406,467
59101,MT,406,39562
59102,MT,406,46564
59105,MT,406,29624
59106,MT,406,12375
59201,MT,406,5100
59211,MT,406,125
59212,MT,406,373
59213,MT,406,772
59214,MT,406,120
59215,MT,406,1135
59217,MT,406,100
59218,MT,406,927
59219,MT,406,199
59221,MT,406,1658
59222,MT,406,221
59223,MT,406,364
59225,MT,406,560
59226,MT,406,410
59230,MT,406,4490
59231,MT,406,264
59240,MT,406,21
59241,MT,406,413
59242,MT,406,79
59243,MT,406,345
59244,MT,406,65
59247,MT,406,314
59248,MT,406,762
59250,MT,406,198
59252,MT,406,115
59253,MT,406,112
59254,MT,406,2026
59255,MT,406,3429
59256,MT,406,59
59257,MT,406,61
59258,MT,406,110
59259,MT,406,348
59260,MT,406,110
59261,MT,406,520
59262,MT,406,655
59263,MT,406,1349
59270,MT,406,7339
59274,MT,406,206
59275,MT,406,376
59276,MT,406,40
59301,MT,406,11404
59311,MT,406,159
59312,MT,406,31
59313,MT,406,2498
59314,MT,406,112
59315,MT,406,150
59317,MT,406,1164
59318,MT,406,136
59322,MT,406,85
59323,MT,406,2294
59324,MT,406,821
59326,MT,406,265
59327,MT,406,2945
59330,MT,406,8307
59332,MT,406,146
59333,MT,406,21
59336,MT,406,192
59337,MT,406,812
59338,MT,406,142
59339,MT,406,149
59343,MT,406,82
59344,MT,406,300
59347,MT,406,321
59349,MT,406,913
59351,MT,406,200
59353,MT,406,1017
59354,MT,406,41
59401,MT,406,13774
59404,MT,406,26867
59405,MT,406,31438
59410,MT,406,666
59411,MT,406,460
59412,MT,406,1747
59414,MT,406,904
59416,MT,406,337
59417,MT,406,7719
59418,MT,406,95
59419,MT,406,96
59420,MT,406,243
59421,MT,406,1831
59422,MT,406,2643
59424,MT,406,87
59425,MT,406,3751
59427,MT,406,4757
59430,MT,406,454
59432,MT,406,104
59433,MT,406,594
59434,MT,406,463
59436,MT,406,1827
59440,MT,406,175
59441,MT,406,82
59442,MT,406,1789
59443,MT,406,612
59444,MT,406,355
59446,MT,406,564
59447,MT,406,250
59448,MT,406,743
59450,MT,406,467
59451,MT,406,241
59452,MT,406,525
59453,MT,406,362
59454,MT,406,201
59456,MT,406,233
59457,MT,406,9105
59460,MT,406,233
59461,MT,406,33
59462,MT,406,168
59463,MT,406,169
59464,MT,406,500
59465,MT,406,52
59466,MT,406,97
59467,MT,406,259
59468,MT,406,571
59469,MT,406,157
59471,MT,406,295
59472,MT,406,657
59474,MT,406,3820
59477,MT,406,521
59479,MT,406,826
59480,MT,406,383
59482,MT,406,802
59483,MT,406,530
59484,MT,406,111
59485,MT,406,705
59486,MT,406,1328
59487,MT,406,1240
59489,MT,406,396
59501,MT,406,12638
59520,MT,406,1030
59521,MT,406,3475
59522,MT,406,1755
59523,MT,406,2287
59524,MT,406,663
59525,MT,406,384
59526,MT,406,2435
59527,MT,406,974
59528,MT,406,208
59529,MT,406,163
59530,MT,406,99
59531,MT,406,241
59532,MT,406,180
59535,MT,406,74
59537,MT,406,96
59538,MT,406,3037
59540,MT,406,371
59542,MT,406,192
59544,MT,406,175
59545,MT,406,39
59546,MT,406,129
59547,MT,406,38
59601,MT,406,29283
59602,MT,406,24285
59631,MT,406,237
59632,MT,406,1939
59633,MT,406,206
59634,MT,406,4819
59635,MT,406,7282
59636,MT,406,12
59638,MT,406,617
59639,MT,406,1286
59640,MT,406,89
59642,MT,406,62
59643,MT,406,437
59644,MT,406,4036
59645,MT,406,1635
59647,MT,406,334
59648,MT,406,635
59701,MT,406,33147
59703,MT,406,43
59710,MT,406,286
59711,MT,406,8933
59713,MT,406,213
59714,MT,406,18182
59715,MT,406,31567
59716,MT,406,1798
59718,MT,406,27367
59720,MT,406,191
59721,MT,406,433
59722,MT,406,5781
59724,MT,406,128
59725,MT,406,7963
59727,MT,406,221
59728,MT,406,343
59729,MT,406,2141
59730,MT,406,1790
59731,MT,406,209
59732,MT,406,128
59733,MT,406,198
59735,MT,406,331
59736,MT,406,127
59739,MT,406,340
59740,MT,406,495
59741,MT,406,4352
59743,MT,406,134
59745,MT,406,134
59746,MT,406,92
59747,MT,406,159
59748,MT,406,254
59749,MT,406,1513
59750,MT,406,309
59751,MT,406,208
59752,MT,406,3431
59754,MT,406,964
59755,MT,406,210
59756,MT,406,463
59758,MT,406,1769
59759,MT,406,3643
59760,MT,406,260
59761,MT,406,265
59762,MT,406,258
59801,MT,406,30940
59802,MT,406,18407
59803,MT,406,16203
59804,MT,406,7533
59808,MT,406,17904
59820,MT,406,1361
59821,MT,406,2377
59823,MT,406,1561
59824,MT,406,1792
59825,MT,406,2412
59826,MT,406,521
59827,MT,406,300
59828,MT,406,5543
59829,MT,406,2679
59830,MT,406,146
59831,MT,406,454
59832,MT,406,765
59833,MT,406,5448
59834,MT,406,2240
59837,MT,406,407
59840,MT,406,13052
59841,MT,406,917
59842,MT,406,90
59843,MT,406,260
59844,MT,406,736
59845,MT,406,1186
59846,MT,406,1617
59847,MT,406,5658
59848,MT,406,106
59851,MT,406,173
59853,MT,406,699
59854,MT,406,239
59855,MT,406,957
59856,MT,406,347
59858,MT,406,1538
59859,MT,406,3270
59860,MT,406,9913
59863,MT,406,76
59864,MT,406,6752
59865,MT,406,3185
59866,MT,406,943
59867,MT,406,28
59868,MT,406,2054
59870,MT,406,9617
59871,MT,406,218
59872,MT,406,2309
59873,MT,406,3085
59874,MT,406,1568
59875,MT,406,3537
59901,MT,406,49693
59910,MT,406,356
59911,MT,406,7678
59912,MT,406,13499
59913,MT,406,675
59914,MT,406,234
59915,MT,406,403
59916,MT,406,130
59917,MT,406,4225
59918,MT,406,592
59919,MT,406,839
59920,MT,406,1680
59922,MT,406,2408
59923,MT,406,9856
59925,MT,406,1435
59926,MT,406,513
59927,MT,406,368
59928,MT,406,88
59929,MT,406,237
59930,MT,406,867
59931,MT,406,328
59932,MT,406,1648
59933,MT,406,43
59934,MT,406,528
59935,MT,406,3576
59936,MT,406,367
59937,MT,406,12588
60002,IL,847,24299
60004,IL,847,50582
60005,IL,847,29308
60007,IL,847,33820
60008,IL,847,22717
60010,IL,847,44095
60012,IL,815,11120
60013,IL,847,26872
60014,IL,815,48550
60015,IL,847,26800
60016,IL,847,59690
60018,IL,847,30099
60020,IL,847,9825
60021,IL,847,5545
60022,IL,847,8153
60025,IL,847,39105
60026,IL,847,13335
60029,IL,847,482
60030,IL,847,36056
60031,IL,847,37947
60033,IL,815,13922
60034,IL,815,2040
60035,IL,847,29763
60040,IL,847,5431
60041,IL,847,9250
60042,IL,847,8547
60043,IL,847,2513
60044,IL,847,9792
60045,IL,847,20925
60046,IL,847,35111
60047,IL,847,41669
60048,IL,847,29095
60050,IL,815,31620
60051,IL,815,25192
60053,IL,847,23260
60056,IL,847,55219
60060,IL,847,37189
60061,IL,847,25748
60062,IL,847,39936
60064,IL,847,15407
60067,IL,847,38585
60068,IL,847,37475
60069,IL,847,8384
60070,IL,847,16001
60071,IL,815,3598
60072,IL,815,928
60073,IL,847,60002
60074,IL,847,38985
60076,IL,847,33415
60077,IL,847,26825
60081,IL,815,10079
60083,IL,847,9838
60084,IL,847,16771
60085,IL,847,71465
60087,IL,847,26978
60088,IL,847,15761
60089,IL,847,41533
60090,IL,847,37633
60091,IL,847,27020
60093,IL,847,19570
60096,IL,847,6897
60097,IL,815,11250
60098,IL,815,32228
60099,IL,847,31104
60101,IL,630,39119
60102,IL,847,32193
60103,IL,630,41928
60104,IL,708,19038
60106,IL,630,20309
60107,IL,630,39927
60108,IL,630,22735
60109,IL,847,560
60110,IL,847,38557
60111,IL,815,258
60112,IL,815,4560
60113,IL,815,337
60115,IL,815,46272
60118,IL,847,15851
60119,IL,630,10371
60120,IL,847,50955
60123,IL,847,47405
60124,IL,224,18935
60126,IL,630,46371
60129,IL,815,242
60130,IL,708,14167
60131,IL,847,18097
60133,IL,630,38103
60134,IL,630,28565
60135,IL,779,7248
60136,IL,847,7013
60137,IL,630,37805
60139,IL,630,34381
60140,IL,847,14341
60141,IL,708,224
60142,IL,847,26447
60143,IL,630,10360
60144,IL,630,58
60145,IL,815,2627
60146,IL,815,2713
60148,IL,630,51468
60150,IL,815,1794
60151,IL,815,4061
60152,IL,815,12533
60153,IL,708,24106
60154,IL,708,16773
60155,IL,708,7927
60156,IL,847,28987
60157,IL,630,2380
60160,IL,708,25432
60162,IL,708,8111
60163,IL,708,5209
60164,IL,708,22048
60165,IL,708,4946
60169,IL,847,33847
60171,IL,708,10246
60172,IL,630,24537
60173,IL,847,12217
60174,IL,630,30752
60175,IL,630,25564
60176,IL,847,11795
60177,IL,847,22659
60178,IL,815,21840
60180,IL,815,1694
60181,IL,630,28836
60184,IL,630,2448
60185,IL,630,36527
60187,IL,630,29016
60188,IL,630,42656
60189,IL,630,30472
60190,IL,630,10663
60191,IL,630,14310
60192,IL,847,16343
60193,IL,847,39188
60194,IL,708,19777
60195,IL,708,4769
60201,IL,847,43125
60202,IL,847,31361
60203,IL,847,4523
60301,IL,708,2539
60302,IL,708,32108
60304,IL,708,17231
60305,IL,708,11172
60401,IL,708,7797
60402,IL,708,63448
60403,IL,847,17529
60404,IL,847,17395
60406,IL,708,25460
60407,IL,815,1684
60408,IL,815,5696
60409,IL,708,37186
60410,IL,815,12687
60411,IL,708,58136
60415,IL,708,14139
60416,IL,815,9397
60417,IL,708,15547
60419,IL,708,22788
60420,IL,815,6102
60421,IL,815,3968
60422,IL,708,9403
60423,IL,815,30423
60424,IL,815,2440
60425,IL,708,9117
60426,IL,708,29594
60428,IL,708,12203
60429,IL,708,15630
60430,IL,708,20094
60431,IL,815,22577
60432,IL,815,21403
60433,IL,815,17160
60435,IL,815,48899
60436,IL,815,18315
60437,IL,815,187
60438,IL,708,28884
60439,IL,630,22919
60440,IL,630,52911
60441,IL,815,36869
60442,IL,815,9924
60443,IL,708,21145
60444,IL,815,1761
60445,IL,708,26057
60446,IL,815,39807
60447,IL,815,13709
60448,IL,708,24423
60449,IL,708,9217
60450,IL,815,20332
60451,IL,815,34063
60452,IL,708,27969
60453,IL,708,56855
60455,IL,708,16446
60456,IL,708,4349
60457,IL,708,14049
60458,IL,708,14428
60459,IL,708,28929
60460,IL,815,1522
60461,IL,708,4836
60462,IL,708,38723
60463,IL,708,14671
60464,IL,708,9620
60465,IL,708,17495
60466,IL,708,22115
60467,IL,708,26046
60468,IL,708,6116
60469,IL,708,5930
60470,IL,815,616
60471,IL,708,14101
60472,IL,708,5390
60473,IL,708,22439
60474,IL,815,760
60475,IL,708,9870
60476,IL,708,2391
60477,IL,708,38161
60478,IL,708,16833
60479,IL,815,760
60480,IL,708,5246
60481,IL,815,11851
60482,IL,708,11063
60484,IL,847,6829
60487,IL,847,26928
60490,IL,630,20463
60491,IL,847,22743
60501,IL,708,11626
60502,IL,847,21873
60503,IL,847,16717
60504,IL,630,37919
60505,IL,630,59466
60506,IL,630,53013
60510,IL,630,28897
60511,IL,630,1793
60512,IL,630,1111
60513,IL,708,19047
60514,IL,630,9708
60515,IL,630,27503
60516,IL,630,29084
60517,IL,630,32038
60518,IL,815,3580
60519,IL,847,88
60520,IL,815,2886
60521,IL,630,17597
60523,IL,630,9890
60525,IL,708,31168
60526,IL,708,13576
60527,IL,630,27486
60530,IL,815,649
60531,IL,815,1902
60532,IL,630,27066
60534,IL,708,10649
60536,IL,847,126
60537,IL,815,665
60538,IL,630,26619
60539,IL,630,341
60540,IL,630,42910
60541,IL,815,3148
60542,IL,630,17099
60543,IL,630,36156
60544,IL,815,25959
60545,IL,630,12940
60546,IL,708,15668
60548,IL,815,12218
60549,IL,815,643
60550,IL,815,1440
60551,IL,815,5062
60552,IL,815,4448
60553,IL,815,782
60554,IL,630,11796
60555,IL,630,13538
60556,IL,815,2007
60557,IL,847,155
60558,IL,708,12960
60559,IL,630,24852
60560,IL,630,22415
60561,IL,630,23115
60563,IL,630,35922
60564,IL,630,41312
60565,IL,630,40524
60585,IL,847,22311
60586,IL,815,46251
60601,IL,312,16398
60602,IL,312,1204
60603,IL,312,493
60604,IL,312,570
60605,IL,312,24668
60606,IL,312,2308
60607,IL,312,23897
60608,IL,312,82749
60609,IL,773,64906
60610,IL,312,37726
60611,IL,312,28718
60612,IL,312,33472
60613,IL,773,48281
60614,IL,773,71701
60615,IL,773,40603
60616,IL,312,48433
60617,IL,773,83188
60618,IL,773,92235
60619,IL,773,63825
60620,IL,773,68330
60621,IL,773,35912
60622,IL,312,52548
60623,IL,773,76611
60624,IL,773,38105
60625,IL,773,80296
60626,IL,773,50139
60628,IL,773,61419
60629,IL,773,108997
60630,IL,773,54093
60631,IL,773,28641
60632,IL,773,86372
60633,IL,773,12927
60634,IL,773,75873
60636,IL,773,40916
60637,IL,773,49503
60638,IL,773,55026
60639,IL,773,85248
60640,IL,773,67317
60641,IL,773,68968
60642,IL,847,18480
60643,IL,773,49952
60644,IL,773,48648
60645,IL,773,45274
60646,IL,773,27177
60647,IL,773,85685
60649,IL,773,46650
60651,IL,773,64267
60652,IL,773,40959
60653,IL,773,29908
60654,IL,312,14875
60655,IL,773,28550
60656,IL,773,27613
60657,IL,773,71192
60659,IL,773,38104
60660,IL,773,42752
60661,IL,312,7792
60706,IL,773,23134
60707,IL,708,42920
60712,IL,773,12590
60714,IL,847,29931
60803,IL,708,22285
60804,IL,708,84189
60805,IL,708,19852
60827,IL,708,27946
60901,IL,815,37157
60910,IL,815,538
60911,IL,815,1372
60912,IL,815,599
60913,IL,815,1617
60914,IL,815,29107
60915,IL,815,10774
60917,IL,815,574
60918,IL,217,898
60919,IL,815,558
60920,IL,815,178
60921,IL,815,1519
60922,IL,815,2459
60924,IL,217,1635
60926,IL,815,67
60927,IL,815,2404
60928,IL,815,709
60929,IL,815,730
60930,IL,815,918
60931,IL,815,615
60932,IL,217,78
60933,IL,217,302
60934,IL,815,273
60935,IL,815,1064
60936,IL,217,4321
60938,IL,815,2131
60940,IL,815,3369
60941,IL,815,2039
60942,IL,217,6181
60945,IL,815,153
60946,IL,815,426
60948,IL,217,1533
60949,IL,217,636
60950,IL,815,12168
60951,IL,815,961
60952,IL,217,684
60953,IL,815,2469
60954,IL,815,6104
60955,IL,815,1901
60957,IL,217,5615
60958,IL,847,2135
60959,IL,815,1082
60960,IL,217,1064
60961,IL,815,700
60962,IL,217,524
60963,IL,217,1807
60964,IL,815,4968
60966,IL,815,1526
60968,IL,217,433
60969,IL,815,65
60970,IL,815,7190
60973,IL,815,385
60974,IL,815,283
61001,IL,815,1179
61006,IL,815,1759
61007,IL,815,534
61008,IL,815,34311
61010,IL,815,8032
61011,IL,815,2945
61012,IL,815,2175
61013,IL,815,528
61014,IL,815,1173
61015,IL,815,946
61016,IL,815,4837
61018,IL,815,1080
61019,IL,815,3550
61020,IL,815,3108
61021,IL,815,23745
61024,IL,815,2620
61025,IL,815,4867
61027,IL,847,52
61028,IL,815,1989
61030,IL,815,2205
61031,IL,815,1656
61032,IL,815,31651
61036,IL,815,6821
61037,IL,847,140
61038,IL,815,1354
61039,IL,815,802
61041,IL,815,1327
61042,IL,815,527
61043,IL,815,131
61044,IL,815,232
61046,IL,815,2831
61047,IL,815,1711
61048,IL,815,4360
61049,IL,815,585
61050,IL,815,376
61051,IL,815,1574
61052,IL,815,1148
61053,IL,815,2852
61054,IL,815,3973
61057,IL,847,168
61059,IL,815,141
61060,IL,815,1432
61061,IL,815,7009
61062,IL,815,1983
61063,IL,815,4132
61064,IL,815,3868
61065,IL,815,11156
61067,IL,815,811
61068,IL,815,14858
61070,IL,815,1130
61071,IL,815,14381
61072,IL,815,11797
61073,IL,815,20052
61074,IL,815,4431
61075,IL,815,958
61077,IL,815,73
61078,IL,815,1374
61079,IL,815,188
61080,IL,815,10599
61081,IL,815,21934
61084,IL,815,3175
61085,IL,815,3443
61087,IL,815,1670
61088,IL,815,6020
61089,IL,815,867
61091,IL,847,63
61101,IL,815,21593
61102,IL,815,20538
61103,IL,815,24578
61104,IL,815,19269
61107,IL,815,30439
61108,IL,815,28550
61109,IL,815,28333
61111,IL,815,23492
61112,IL,815,86
61114,IL,815,15776
61115,IL,815,23180
61201,IL,309,39116
61230,IL,309,1232
61231,IL,309,5627
61232,IL,309,1284
61234,IL,309,1258
61235,IL,309,1391
61236,IL,309,193
61238,IL,309,3247
61239,IL,309,1219
61240,IL,309,5870
61241,IL,309,7124
61242,IL,309,1145
61243,IL,815,264
61244,IL,309,24053
61250,IL,309,2737
61251,IL,309,347
61252,IL,815,5436
61254,IL,309,11414
61256,IL,309,1822
61257,IL,309,1210
61258,IL,815,204
61259,IL,309,1276
61260,IL,309,856
61261,IL,815,975
61262,IL,309,1188
61263,IL,309,530
61264,IL,309,10548
61265,IL,309,45099
61270,IL,815,7306
61272,IL,309,1504
61273,IL,309,3316
61274,IL,309,351
61275,IL,309,4347
61276,IL,309,138
61277,IL,815,3355
61278,IL,309,412
61279,IL,309,1061
61281,IL,309,2597
61282,IL,309,7809
61283,IL,815,1640
61284,IL,309,2292
61285,IL,815,1631
61301,IL,815,10588
61310,IL,815,3970
61311,IL,815,232
61312,IL,815,474
61313,IL,815,282
61314,IL,309,807
61315,IL,815,322
61316,IL,815,282
61317,IL,815,513
61318,IL,815,700
61319,IL,815,1293
61320,IL,815,710
61321,IL,815,282
61322,IL,815,1647
61323,IL,815,111
61324,IL,847,109
61325,IL,815,1073
61326,IL,815,2452
61327,IL,815,1235
61328,IL,847,42
61329,IL,815,1303
61330,IL,815,1483
61331,IL,815,55
61332,IL,815,134
61333,IL,815,381
61334,IL,815,741
61335,IL,815,532
61336,IL,309,628
61337,IL,815,478
61338,IL,815,284
61340,IL,815,292
61341,IL,815,8234
61342,IL,815,9216
61344,IL,309,374
61345,IL,309,846
61346,IL,815,75
61348,IL,815,4696
61349,IL,815,977
61350,IL,815,24246
61353,IL,815,1333
61354,IL,815,10870
61356,IL,815,11281
61358,IL,815,478
61359,IL,815,312
61360,IL,815,3393
61361,IL,815,1409
61362,IL,815,5911
61363,IL,815,220
61364,IL,815,20133
61367,IL,815,864
61368,IL,815,1489
61369,IL,815,1711
61370,IL,815,1460
61372,IL,815,145
61373,IL,815,2031
61374,IL,815,119
61375,IL,309,1156
61376,IL,815,2280
61377,IL,815,1457
61378,IL,815,512
61379,IL,815,1359
61401,IL,309,34788
61410,IL,309,3912
61411,IL,309,378
61412,IL,309,1321
61413,IL,309,1075
61414,IL,309,854
61415,IL,309,1747
61416,IL,309,235
61417,IL,309,259
61418,IL,309,673
61419,IL,309,128
61420,IL,309,1067
61421,IL,309,1392
61422,IL,309,3416
61423,IL,309,682
61424,IL,309,100
61425,IL,309,483
61426,IL,309,107
61427,IL,309,2329
61428,IL,309,986
61430,IL,309,828
61431,IL,309,371
61432,IL,309,676
61433,IL,309,74
61434,IL,309,3312
61435,IL,309,116
61436,IL,309,951
61437,IL,309,818
61438,IL,309,760
61439,IL,309,269
61440,IL,309,766
61441,IL,309,897
61442,IL,309,762
61443,IL,309,14214
61447,IL,309,924
61448,IL,309,3823
61449,IL,309,512
61450,IL,217,1742
61451,IL,309,393
61452,IL,309,293
61453,IL,309,781
61454,IL,217,725
61455,IL,309,22086
61458,IL,309,822
61459,IL,309,433
61460,IL,309,291
61462,IL,309,11643
61465,IL,309,1213
61466,IL,309,342
61467,IL,309,1048
61468,IL,309,104
61469,IL,309,2184
61470,IL,309,547
61471,IL,309,140
61472,IL,309,648
61473,IL,309,1667
61474,IL,309,292
61475,IL,309,205
61476,IL,309,407
61477,IL,309,631
61478,IL,309,290
61479,IL,309,165
61480,IL,309,1324
61482,IL,309,650
61483,IL,309,1961
61484,IL,309,825
61485,IL,309,560
61486,IL,309,1552
61488,IL,309,1120
61489,IL,309,900
61490,IL,309,1091
61491,IL,309,2197
61501,IL,309,1921
61516,IL,309,720
61517,IL,309,3259
61519,IL,309,233
61520,IL,309,17839
61523,IL,309,11204
61524,IL,309,262
61525,IL,309,9021
61526,IL,309,1088
61528,IL,309,2668
61529,IL,309,2880
61530,IL,309,6713
61531,IL,309,3379
61532,IL,309,534
61533,IL,309,2427
61534,IL,309,1737
61535,IL,309,1629
61536,IL,309,2919
61537,IL,309,2974
61539,IL,309,205
61540,IL,309,2916
61541,IL,309,136
61542,IL,309,3794
61543,IL,309,151
61544,IL,309,713
61545,IL,309,646
61546,IL,309,4276
61547,IL,309,3779
61548,IL,309,12085
61550,IL,309,17721
61552,IL,309,239
61553,IL,309,213
61554,IL,309,43810
61559,IL,309,3332
61560,IL,815,754
61561,IL,309,2788
61562,IL,847,46
61563,IL,309,526
61564,IL,309,1077
61565,IL,309,1504
61567,IL,309,624
61568,IL,309,4459
61569,IL,309,1220
61570,IL,309,1879
61571,IL,309,23744
61572,IL,309,1068
61602,IL,309,1055
61603,IL,309,17600
61604,IL,309,31647
61605,IL,309,16303
61606,IL,309,8051
61607,IL,309,10941
61610,IL,309,5476
61611,IL,309,25268
61614,IL,309,27628
61615,IL,309,22432
61616,IL,309,6116
61625,IL,309,385
61701,IL,309,36105
61704,IL,309,35981
61705,IL,847,12263
61720,IL,309,236
61721,IL,309,613
61722,IL,309,549
61723,IL,217,2321
61724,IL,309,536
61725,IL,309,1547
61726,IL,309,2544
61727,IL,217,10015
61728,IL,309,1410
61729,IL,309,1073
61730,IL,309,379
61731,IL,309,280
61732,IL,309,2096
61733,IL,309,1124
61734,IL,309,2867
61735,IL,217,420
61736,IL,309,1808
61737,IL,309,516
61738,IL,309,4212
61739,IL,815,4897
61740,IL,815,1634
61741,IL,815,1746
61742,IL,309,1144
61743,IL,815,212
61744,IL,309,2031
61745,IL,309,4408
61747,IL,309,1560
61748,IL,309,2782
61749,IL,217,556
61750,IL,217,133
61751,IL,847,124
61752,IL,309,4339
61753,IL,309,3012
61754,IL,217,1261
61755,IL,309,4669
61756,IL,217,2337
61759,IL,309,1534
61760,IL,309,2544
61761,IL,309,52879
61764,IL,815,14460
61769,IL,815,619
61770,IL,309,1108
61771,IL,309,860
61772,IL,309,351
61773,IL,217,477
61774,IL,309,962
61775,IL,217,307
61776,IL,309,1409
61777,IL,217,952
61778,IL,217,683
61801,IL,217,30937
61802,IL,217,19052
61810,IL,217,361
61811,IL,217,703
61812,IL,217,375
61813,IL,217,1971
61814,IL,217,1157
61815,IL,217,228
61816,IL,217,509
61817,IL,217,2583
61818,IL,217,1665
61820,IL,217,36964
61821,IL,217,30174
61822,IL,217,21608
61830,IL,217,478
61831,IL,217,157
61832,IL,217,37290
61833,IL,217,2124
61834,IL,217,8454
61839,IL,217,586
61840,IL,217,709
61841,IL,217,1386
61842,IL,217,2984
61843,IL,217,2363
61844,IL,217,970
61845,IL,217,364
61846,IL,217,5101
61847,IL,217,1256
61848,IL,217,227
61849,IL,217,1842
61850,IL,217,671
61851,IL,217,436
61852,IL,217,261
61853,IL,217,13206
61854,IL,217,1438
61855,IL,217,96
61856,IL,217,7433
61857,IL,217,153
61858,IL,217,3124
61859,IL,217,1297
61862,IL,217,510
61863,IL,217,814
61864,IL,217,1715
61865,IL,217,1391
61866,IL,217,14048
61870,IL,217,1327
61871,IL,217,284
61872,IL,217,760
61873,IL,217,6250
61874,IL,217,7114
61875,IL,217,761
61876,IL,217,800
61877,IL,217,1627
61878,IL,217,1433
61880,IL,217,4183
61882,IL,217,713
61883,IL,217,4438
61884,IL,217,1244
61910,IL,217,4463
61911,IL,217,4860
61912,IL,217,1344
61913,IL,217,1684
61914,IL,217,1920
61917,IL,217,591
61919,IL,217,813
61920,IL,217,25594
61924,IL,217,2449
61925,IL,217,912
61928,IL,217,757
61929,IL,217,769
61930,IL,217,515
61931,IL,217,1255
61932,IL,217,456
61933,IL,217,1141
61936,IL,217,243
61937,IL,217,2022
61938,IL,217,22409
61940,IL,217,258
61941,IL,217,57
61942,IL,217,1202
61943,IL,217,1637
61944,IL,217,12908
61949,IL,217,179
61951,IL,217,8017
61953,IL,217,6216
61955,IL,217,157
61956,IL,217,2909
61957,IL,217,1869
62001,IL,618,1752
62002,IL,618,32704
62006,IL,618,648
62009,IL,217,1810
62010,IL,618,11186
62011,IL,217,284
62012,IL,618,6654
62013,IL,618,552
62014,IL,618,4122
62015,IL,217,487
62016,IL,217,3816
62017,IL,217,1185
62018,IL,618,3604
62019,IL,217,490
62021,IL,618,936
62022,IL,618,1138
62023,IL,217,91
62024,IL,618,9775
62025,IL,618,33748
62027,IL,217,536
62028,IL,618,1276
62030,IL,618,114
62031,IL,618,970
62032,IL,217,749
62033,IL,217,4894
62034,IL,618,13819
62035,IL,618,16494
62036,IL,618,704
62037,IL,618,1993
62040,IL,618,43735
62044,IL,217,2009
62045,IL,618,647
62046,IL,618,713
62047,IL,618,1555
62048,IL,618,1459
62049,IL,217,8470
62050,IL,217,473
62051,IL,217,950
62052,IL,618,13002
62053,IL,618,650
62054,IL,217,872
62056,IL,217,8930
62058,IL,618,843
62059,IL,847,746
62060,IL,618,4847
62061,IL,618,1718
62062,IL,618,7658
62063,IL,618,1214
62065,IL,618,97
62067,IL,618,2401
62069,IL,217,3313
62070,IL,618,37
62074,IL,618,1087
62075,IL,217,3458
62076,IL,217,135
62077,IL,217,347
62078,IL,217,119
62079,IL,618,256
62080,IL,217,2508
62081,IL,618,298
62082,IL,217,3109
62083,IL,217,295
62084,IL,618,1606
62085,IL,217,209
62086,IL,217,1437
62087,IL,618,2087
62088,IL,618,6960
62089,IL,217,489
62090,IL,618,1189
62091,IL,217,337
62092,IL,217,2979
62093,IL,217,435
62094,IL,217,1152
62095,IL,618,11237
62097,IL,618,2828
62098,IL,217,91
62201,IL,618,7547
62203,IL,618,8209
62204,IL,618,7960
62205,IL,618,9329
62206,IL,618,16509
62207,IL,618,8750
62208,IL,618,17376
62214,IL,618,1229
62215,IL,618,1872
62216,IL,618,2526
62217,IL,618,807
62218,IL,618,1481
62219,IL,618,1009
62220,IL,618,20504
62221,IL,618,27858
62223,IL,618,17560
62225,IL,618,5381
62226,IL,618,29744
62230,IL,618,6194
62231,IL,618,7589
62232,IL,618,7260
62233,IL,618,10037
62234,IL,618,33430
62236,IL,618,12562
62237,IL,618,2659
62238,IL,618,696
62239,IL,618,4954
62240,IL,618,1966
62241,IL,618,1061
62242,IL,618,1526
62243,IL,618,5910
62244,IL,618,1156
62245,IL,618,1794
62246,IL,618,10355
62248,IL,618,320
62249,IL,618,15971
62250,IL,618,504
62253,IL,618,696
62254,IL,618,6089
62255,IL,618,1001
62257,IL,618,3214
62258,IL,618,9199
62260,IL,618,7290
62261,IL,618,152
62262,IL,618,1810
62263,IL,618,5387
62264,IL,618,3338
62265,IL,618,4353
62266,IL,618,254
62268,IL,618,738
62269,IL,618,31348
62271,IL,618,2077
62272,IL,618,1674
62273,IL,618,426
62274,IL,618,8410
62275,IL,618,3621
62277,IL,618,1314
62278,IL,618,6690
62279,IL,847,69
62280,IL,618,444
62281,IL,618,2155
62282,IL,618,471
62284,IL,618,636
62285,IL,618,4484
62286,IL,618,6008
62288,IL,618,2918
62289,IL,618,350
62292,IL,618,947
62293,IL,618,4748
62294,IL,618,14367
62295,IL,618,1599
62297,IL,618,452
62298,IL,618,16609
62301,IL,217,33758
62305,IL,217,18052
62311,IL,217,860
62312,IL,217,2162
62313,IL,217,389
62314,IL,217,611
62316,IL,217,660
62319,IL,217,264
62320,IL,217,2185
62321,IL,217,4091
62323,IL,217,290
62324,IL,217,1361
62325,IL,217,403
62326,IL,309,2478
62330,IL,217,1769
62334,IL,217,172
62336,IL,217,47
62338,IL,217,1473
62339,IL,217,874
62340,IL,217,1715
62341,IL,217,3610
62343,IL,217,712
62344,IL,217,138
62345,IL,217,357
62346,IL,217,178
62347,IL,217,2282
62348,IL,217,170
62349,IL,217,636
62351,IL,217,1856
62352,IL,217,271
62353,IL,217,5637
62354,IL,217,1684
62355,IL,217,820
62356,IL,217,571
62357,IL,217,245
62358,IL,217,752
62359,IL,217,166
62360,IL,217,1656
62361,IL,217,539
62362,IL,217,399
62363,IL,217,6353
62365,IL,217,647
62366,IL,217,1408
62367,IL,309,1345
62370,IL,217,520
62373,IL,217,300
62374,IL,309,298
62375,IL,217,369
62376,IL,217,1198
62378,IL,217,896
62379,IL,217,2049
62380,IL,217,401
62401,IL,217,19096
62410,IL,618,985
62411,IL,618,4430
62413,IL,618,421
62414,IL,618,1886
62417,IL,618,3064
62418,IL,618,2133
62419,IL,618,410
62420,IL,217,4759
62421,IL,618,778
62422,IL,217,1156
62423,IL,217,724
62424,IL,217,2092
62425,IL,618,649
62426,IL,618,1085
62427,IL,618,1702
62428,IL,217,3104
62431,IL,217,1232
62432,IL,618,571
62433,IL,618,998
62434,IL,618,330
62436,IL,217,562
62438,IL,217,433
62439,IL,618,7536
62440,IL,217,1316
62441,IL,217,7395
62442,IL,217,2421
62443,IL,618,1623
62444,IL,217,387
62445,IL,217,907
62446,IL,618,414
62447,IL,217,3404
62448,IL,618,5834
62449,IL,618,3175
62450,IL,618,12218
62451,IL,618,2156
62452,IL,618,400
62454,IL,618,11467
62458,IL,618,2228
62459,IL,618,243
62460,IL,618,1231
62461,IL,217,854
62462,IL,217,1149
62463,IL,217,1294
62465,IL,217,858
62466,IL,618,4848
62467,IL,217,3741
62468,IL,217,2564
62469,IL,217,419
62471,IL,618,10233
62473,IL,217,1422
62474,IL,217,848
62475,IL,618,387
62476,IL,618,1734
62477,IL,217,946
62478,IL,618,398
62479,IL,217,820
62480,IL,618,787
62481,IL,618,386
62501,IL,217,2661
62510,IL,217,1669
62512,IL,217,500
62513,IL,217,1766
62514,IL,217,252
62515,IL,217,961
62517,IL,217,226
62518,IL,217,457
62519,IL,217,94
62520,IL,217,1529
62521,IL,217,35851
62522,IL,217,16630
62523,IL,217,1237
62526,IL,217,34075
62530,IL,217,1532
62531,IL,217,1792
62532,IL,217,105
62533,IL,217,973
62534,IL,217,1130
62535,IL,217,3534
62536,IL,217,912
62537,IL,217,92
62538,IL,217,378
62539,IL,217,1358
62540,IL,217,1492
62541,IL,217,57
62543,IL,217,540
62544,IL,217,1776
62545,IL,217,1246
62546,IL,217,1630
62547,IL,217,804
62548,IL,217,2258
62549,IL,217,6269
62550,IL,217,2869
62551,IL,217,837
62553,IL,217,437
62554,IL,217,1563
62555,IL,217,540
62556,IL,217,422
62557,IL,217,7607
62558,IL,217,3590
62560,IL,217,1508
62561,IL,217,5315
62563,IL,217,5686
62565,IL,217,7538
62567,IL,217,1154
62568,IL,217,16355
62570,IL,217,512
62571,IL,217,1532
62572,IL,217,666
62573,IL,217,1513
62601,IL,217,434
62610,IL,217,199
62611,IL,217,1067
62612,IL,217,1915
62613,IL,217,3872
62615,IL,217,5748
62617,IL,309,762
62618,IL,217,7955
62621,IL,217,1171
62622,IL,847,49
62624,IL,217,546
62625,IL,217,855
62626,IL,217,8354
62627,IL,217,992
62628,IL,217,896
62629,IL,217,12949
62630,IL,618,532
62631,IL,217,262
62633,IL,309,647
62634,IL,217,821
62635,IL,217,738
62638,IL,217,1337
62639,IL,217,316
62640,IL,217,3756
62642,IL,217,1440
62643,IL,217,526
62644,IL,309,5385
62649,IL,217,488
62650,IL,217,26992
62655,IL,309,568
62656,IL,217,20405
62661,IL,217,1213
62663,IL,217,292
62664,IL,217,3042
62665,IL,217,1629
62666,IL,217,616
62667,IL,217,464
62668,IL,217,1512
62670,IL,217,2997
62671,IL,217,572
62672,IL,217,244
62673,IL,217,530
62674,IL,217,1454
62675,IL,217,6154
62677,IL,217,2562
62681,IL,217,5602
62682,IL,217,907
62684,IL,217,5111
62685,IL,618,2097
62688,IL,217,761
62689,IL,217,518
62690,IL,217,4120
62691,IL,217,2426
62692,IL,217,2093
62693,IL,217,1638
62694,IL,217,3192
62695,IL,217,296
62701,IL,217,1152
62702,IL,217,37281
62703,IL,217,30333
62704,IL,217,39831
62707,IL,217,7648
62711,IL,847,15347
62712,IL,847,10302
62801,IL,618,22415
62803,IL,618,1014
62806,IL,618,3412
62807,IL,618,961
62808,IL,618,1457
62809,IL,847,142
62810,IL,618,1089
62811,IL,618,310
62812,IL,618,11265
62814,IL,618,2124
62815,IL,618,416
62816,IL,618,1306
62817,IL,618,557
62818,IL,618,330
62819,IL,618,448
62820,IL,618,162
62821,IL,618,7657
62822,IL,618,2574
62823,IL,618,1691
62824,IL,618,1761
62825,IL,618,203
62827,IL,618,1245
62828,IL,618,1426
62829,IL,618,72
62830,IL,618,1392
62831,IL,618,573
62832,IL,618,9208
62833,IL,618,383
62835,IL,618,1152
62836,IL,618,801
62837,IL,618,8867
62838,IL,618,1497
62839,IL,618,6718
62841,IL,847,98
62842,IL,618,835
62843,IL,847,100
62844,IL,618,2083
62846,IL,618,2631
62848,IL,618,636
62849,IL,618,2205
62850,IL,618,381
62851,IL,618,329
62852,IL,618,160
62853,IL,618,1034
62854,IL,618,1776
62856,IL,618,324
62858,IL,618,2981
62859,IL,618,5748
62860,IL,618,524
62861,IL,618,128
62862,IL,618,364
62863,IL,618,10183
62864,IL,618,24108
62865,IL,618,2018
62867,IL,618,521
62868,IL,618,1872
62869,IL,618,2682
62870,IL,618,2080
62871,IL,618,686
62872,IL,618,1178
62874,IL,618,372
62875,IL,618,1167
62876,IL,618,247
62877,IL,618,514
62878,IL,618,410
62879,IL,618,85
62880,IL,618,717
62881,IL,618,11385
62882,IL,618,2331
62883,IL,618,591
62884,IL,618,2940
62885,IL,618,839
62886,IL,618,440
62887,IL,618,295
62888,IL,618,2135
62889,IL,618,851
62890,IL,618,2882
62891,IL,618,652
62892,IL,618,317
62893,IL,618,977
62894,IL,618,1006
62895,IL,618,2022
62896,IL,618,12626
62897,IL,618,398
62898,IL,618,2097
62899,IL,618,1612
62901,IL,618,27182
62902,IL,618,4531
62903,IL,618,2962
62905,IL,618,677
62906,IL,618,7276
62907,IL,618,2164
62908,IL,618,467
62910,IL,618,2865
62912,IL,618,1179
62914,IL,618,3147
62915,IL,618,321
62916,IL,618,995
62917,IL,618,2305
62918,IL,618,9793
62919,IL,618,1003
62920,IL,618,3265
62921,IL,618,375
62922,IL,618,3119
62923,IL,618,518
62924,IL,618,2809
62926,IL,618,2263
62927,IL,618,367
62928,IL,618,293
62930,IL,618,6263
62931,IL,618,1571
62932,IL,618,1592
62933,IL,618,1230
62934,IL,618,927
62935,IL,618,1943
62938,IL,618,3033
62939,IL,618,3119
62940,IL,618,445
62941,IL,618,808
62942,IL,618,707
62943,IL,618,715
62946,IL,618,12930
62947,IL,618,539
62948,IL,618,12865
62949,IL,618,810
62950,IL,618,193
62951,IL,618,5352
62952,IL,618,3372
62953,IL,618,360
62954,IL,618,515
62956,IL,618,869
62957,IL,618,996
62958,IL,618,2262
62959,IL,618,26948
62960,IL,618,11603
62961,IL,618,65
62962,IL,618,82
62963,IL,618,611
62964,IL,618,1456
62965,IL,847,125
62966,IL,618,15607
62967,IL,618,326
62969,IL,618,731
62970,IL,618,639
62972,IL,618,1205
62974,IL,618,1401
62975,IL,618,279
62976,IL,618,469
62977,IL,618,700
62979,IL,618,1230
62982,IL,618,1328
62983,IL,618,1504
62984,IL,618,1841
62985,IL,618,845
62987,IL,618,1174
62988,IL,618,2110
62990,IL,618,1109
62992,IL,618,1032
62994,IL,618,755
62995,IL,618,5284
62996,IL,618,535
62997,IL,618,599
62998,IL,618,419
62999,IL,618,1829
63005,MO,636,17753
63010,MO,636,35439
63011,MO,636,36347
63012,MO,636,9973
63013,MO,573,1589
63014,MO,573,779
63015,MO,636,2076
63016,MO,636,7582
63017,MO,314,41470
63019,MO,636,4449
63020,MO,636,20714
63021,MO,314,56261
63023,MO,636,5831
63025,MO,314,13854
63026,MO,636,44124
63028,MO,636,26413
63030,MO,573,407
63031,MO,314,48212
63033,MO,314,43000
63034,MO,314,17761
63036,MO,573,1064
63037,MO,573,3241
63038,MO,636,6914
63039,MO,636,726
63040,MO,636,8512
63041,MO,636,534
63042,MO,314,19602
63043,MO,314,22367
63044,MO,314,10568
63045,MO,314,3
63047,MO,314,31
63048,MO,636,3357
63049,MO,636,15896
63050,MO,636,15716
63051,MO,636,14495
63052,MO,636,26431
63053,MO,314,62
63055,MO,636,2449
63056,MO,573,2002
63057,MO,314,56
63060,MO,636,2461
63061,MO,314,95
63068,MO,573,4909
63069,MO,636,15647
63070,MO,636,7438
63071,MO,573,1103
63072,MO,636,3194
63073,MO,314,301
63074,MO,314,15164
63077,MO,314,11798
63079,MO,573,58
63080,MO,573,13987
63084,MO,636,17414
63087,MO,636,769
63088,MO,636,8269
63089,MO,636,5965
63090,MO,636,21524
63091,MO,573,1264
63101,MO,314,2620
63102,MO,314,2316
63103,MO,314,6900
63104,MO,314,18656
63105,MO,314,17667
63106,MO,314,11883
63107,MO,314,11912
63108,MO,314,21568
63109,MO,314,26946
63110,MO,314,17107
63111,MO,314,20313
63112,MO,314,20368
63113,MO,314,13167
63114,MO,314,36201
63115,MO,314,20775
63116,MO,314,43540
63117,MO,314,9163
63118,MO,314,26704
63119,MO,314,33969
63120,MO,314,10296
63121,MO,314,26602
63122,MO,314,38495
63123,MO,314,49308
63124,MO,314,10417
63125,MO,314,32201
63126,MO,314,15112
63127,MO,314,4939
63128,MO,314,29356
63129,MO,314,52718
63130,MO,314,30084
63131,MO,314,16769
63132,MO,314,13988
63133,MO,314,8161
63134,MO,314,13638
63135,MO,314,21334
63136,MO,314,48560
63137,MO,314,20654
63138,MO,314,20175
63139,MO,314,22789
63140,MO,314,294
63141,MO,314,20593
63143,MO,314,9678
63144,MO,314,8825
63146,MO,314,29262
63147,MO,314,11373
63155,MO,314,0
63301,MO,636,48514
63303,MO,636,45834
63304,MO,636,40336
63330,MO,573,125
63332,MO,636,1292
63333,MO,573,783
63334,MO,573,8569
63336,MO,573,1146
63339,MO,573,1145
63341,MO,636,3530
63343,MO,573,4546
63344,MO,573,1663
63345,MO,573,393
63347,MO,636,3078
63348,MO,636,6059
63349,MO,636,1934
63350,MO,636,562
63351,MO,636,1768
63352,MO,573,1078
63353,MO,573,4593
63357,MO,636,5534
63359,MO,573,1296
63361,MO,573,4525
63362,MO,636,6350
63363,MO,573,1719
63366,MO,636,46175
63367,MO,636,19433
63368,MO,314,43360
63369,MO,636,2258
63370,MO,573,33
63373,MO,636,603
63376,MO,636,74967
63377,MO,573,2462
63379,MO,636,23348
63381,MO,636,532
63382,MO,573,4897
63383,MO,636,15770
63384,MO,573,1955
63385,MO,636,35750
63386,MO,636,538
63387,MO,573,73
63388,MO,573,710
63389,MO,636,6336
63390,MO,636,9760
63401,MO,573,22067
63430,MO,660,639
63431,MO,660,334
63432,MO,660,513
63433,MO,314,68
63434,MO,660,687
63435,MO,573,4219
63436,MO,573,1155
63437,MO,660,1503
63438,MO,573,466
63439,MO,573,127
63440,MO,573,1407
63441,MO,573,1121
63443,MO,573,440
63445,MO,660,3911
63446,MO,660,691
63447,MO,660,1133
63448,MO,573,1520
63450,MO,573,132
63451,MO,660,244
63452,MO,573,1167
63453,MO,660,519
63454,MO,573,946
63456,MO,573,4271
63457,MO,573,337
63458,MO,660,197
63459,MO,573,4153
63460,MO,660,328
63461,MO,573,5876
63462,MO,573,1458
63463,MO,573,652
63465,MO,660,407
63467,MO,314,75
63468,MO,573,2644
63469,MO,573,1194
63471,MO,573,639
63472,MO,660,587
63473,MO,573,262
63474,MO,660,479
63501,MO,660,21532
63530,MO,660,868
63531,MO,660,532
63532,MO,660,1322
63533,MO,660,805
63534,MO,660,804
63535,MO,660,114
63536,MO,660,851
63537,MO,660,1916
63538,MO,660,283
63539,MO,660,206
63540,MO,660,150
63541,MO,660,409
63543,MO,660,352
63544,MO,660,818
63545,MO,660,1111
63546,MO,660,1715
63547,MO,660,459
63548,MO,660,1287
63549,MO,660,2742
63551,MO,660,338
63552,MO,660,7926
63555,MO,660,3201
63556,MO,660,3779
63557,MO,660,291
63558,MO,660,742
63559,MO,660,1420
63560,MO,660,239
63561,MO,660,1206
63563,MO,660,575
63565,MO,660,3805
63566,MO,660,125
63567,MO,660,192
63601,MO,573,16656
63620,MO,573,1619
63621,MO,573,1228
63622,MO,573,1011
63623,MO,573,882
63624,MO,573,3757
63625,MO,573,457
63626,MO,636,1037
63627,MO,573,2937
63628,MO,573,16014
63629,MO,573,1314
63630,MO,573,4062
63631,MO,573,849
63633,MO,573,645
63636,MO,573,608
63637,MO,573,1329
63638,MO,573,2920
63640,MO,573,26335
63645,MO,573,11420
63648,MO,573,1628
63650,MO,573,4401
63653,MO,573,1206
63654,MO,573,706
63655,MO,573,1523
63656,MO,573,531
63660,MO,573,4276
63662,MO,573,1185
63663,MO,573,723
63664,MO,573,8920
63665,MO,573,241
63666,MO,314,93
63670,MO,573,11295
63673,MO,573,2115
63674,MO,314,132
63675,MO,573,144
63701,MO,573,36812
63703,MO,573,8182
63730,MO,573,3430
63732,MO,573,834
63735,MO,573,847
63736,MO,573,3310
63738,MO,314,76
63739,MO,573,464
63740,MO,573,5339
63742,MO,573,64
63743,MO,573,122
63744,MO,573,111
63745,MO,314,66
63746,MO,573,65
63747,MO,573,469
63748,MO,573,1015
63750,MO,314,43
63751,MO,573,1249
63755,MO,573,24006
63758,MO,573,170
63760,MO,573,614
63763,MO,314,223
63764,MO,573,5984
63766,MO,573,1288
63767,MO,573,655
63769,MO,573,1389
63770,MO,573,192
63771,MO,573,2862
63774,MO,573,76
63775,MO,573,16710
63780,MO,573,6740
63781,MO,573,1272
63782,MO,314,274
63783,MO,573,132
63784,MO,314,279
63785,MO,573,1000
63787,MO,573,719
63801,MO,573,23123
63820,MO,314,226
63821,MO,573,970
63822,MO,573,2867
63823,MO,573,1247
63824,MO,314,164
63825,MO,573,4409
63826,MO,573,84
63827,MO,573,829
63828,MO,573,345
63829,MO,573,1120
63830,MO,573,7102
63833,MO,573,242
63834,MO,573,7135
63837,MO,573,1653
63839,MO,573,485
63841,MO,573,13123
63845,MO,573,5814
63846,MO,573,1554
63847,MO,573,64
63848,MO,573,1592
63849,MO,573,186
63851,MO,573,4225
63852,MO,573,1488
63853,MO,573,244
63855,MO,573,1117
63857,MO,573,12956
63860,MO,314,131
63862,MO,573,1705
63863,MO,573,6359
63866,MO,573,488
63867,MO,573,1019
63868,MO,573,838
63869,MO,573,3783
63870,MO,573,1097
63873,MO,573,4947
63874,MO,573,350
63876,MO,573,2374
63877,MO,573,3931
63878,MO,573,138
63879,MO,573,773
63880,MO,314,117
63882,MO,573,431
63901,MO,573,34665
63902,MO,314,0
63932,MO,573,1254
63933,MO,573,3719
63934,MO,573,201
63935,MO,573,10158
63936,MO,573,754
63937,MO,573,2922
63939,MO,573,1430
63940,MO,573,1393
63941,MO,573,371
63942,MO,573,652
63943,MO,573,915
63944,MO,573,1844
63945,MO,573,1163
63951,MO,573,331
63952,MO,573,408
63953,MO,573,1635
63954,MO,573,1219
63955,MO,573,288
63956,MO,573,1133
63957,MO,573,5440
63960,MO,573,3326
63961,MO,573,1610
63962,MO,314,41
63964,MO,573,784
63965,MO,573,2697
63966,MO,573,2601
63967,MO,573,1906
64001,MO,660,656
64011,MO,816,3106
64012,MO,816,27260
64014,MO,816,24797
64015,MO,816,31217
64016,MO,816,4713
64017,MO,816,464
64018,MO,816,890
64019,MO,660,2368
64020,MO,660,3608
64021,MO,660,633
64022,MO,660,183
64024,MO,816,16230
64029,MO,816,16574
64030,MO,816,24422
64034,MO,816,7612
64035,MO,660,971
64036,MO,816,389
64037,MO,660,6150
64040,MO,816,6574
64048,MO,816,4140
64050,MO,816,22178
64052,MO,816,20911
64053,MO,816,5319
64054,MO,816,3731
64055,MO,816,33858
64056,MO,816,16576
64057,MO,816,14141
64058,MO,816,6659
64060,MO,816,13042
64061,MO,816,3387
64062,MO,816,6121
64063,MO,816,20374
64064,MO,816,16223
64065,MO,816,27
64066,MO,816,38
64067,MO,660,5789
64068,MO,816,36280
64070,MO,816,3309
64071,MO,816,828
64072,MO,816,239
64074,MO,816,638
64075,MO,816,11810
64076,MO,816,9512
64077,MO,816,1940
64078,MO,816,8902
64079,MO,816,12485
64080,MO,816,12866
64081,MO,816,23144
64082,MO,816,14456
64083,MO,816,20995
64084,MO,816,1556
64085,MO,816,8803
64086,MO,816,21925
64088,MO,816,1378
64089,MO,816,11470
64090,MO,816,116
64092,MO,816,44
64093,MO,660,27608
64096,MO,660,1171
64097,MO,816,1410
64098,MO,816,2892
64101,MO,816,339
64102,MO,816,0
64105,MO,816,3505
64106,MO,816,7701
64108,MO,816,7584
64109,MO,816,9931
64110,MO,816,15318
64111,MO,816,16318
64112,MO,816,8147
64113,MO,816,11328
64114,MO,816,23158
64116,MO,816,15318
64117,MO,816,14017
64118,MO,816,40191
64119,MO,816,27341
64120,MO,816,369
64123,MO,816,10387
64124,MO,816,12639
64125,MO,816,1953
64126,MO,816,6514
64127,MO,816,17332
64128,MO,816,11613
64129,MO,816,9486
64130,MO,816,20492
64131,MO,816,21465
64132,MO,816,13810
64133,MO,816,33780
64134,MO,816,21973
64136,MO,816,2153
64137,MO,816,10554
64138,MO,816,25294
64139,MO,816,1762
64145,MO,816,5389
64146,MO,816,1376
64147,MO,816,769
64149,MO,314,343
64150,MO,816,3048
64151,MO,816,24134
64152,MO,816,26024
64153,MO,816,5358
64154,MO,816,9257
64155,MO,816,21901
64156,MO,816,5404
64157,MO,816,16122
64158,MO,816,5161
64161,MO,816,388
64163,MO,816,689
64164,MO,816,302
64165,MO,314,112
64166,MO,314,278
64167,MO,314,353
64401,MO,816,1417
64402,MO,660,2388
64420,MO,660,53
64421,MO,816,952
64422,MO,816,337
64423,MO,660,761
64424,MO,660,4585
64426,MO,660,356
64427,MO,816,606
64428,MO,660,898
64429,MO,816,13158
64430,MO,816,764
64431,MO,660,382
64432,MO,660,141
64433,MO,660,210
64434,MO,660,518
64436,MO,816,781
64437,MO,660,792
64438,MO,660,270
64439,MO,816,1642
64440,MO,816,737
64441,MO,660,178
64442,MO,660,882
64443,MO,816,1096
64444,MO,816,1340
64445,MO,660,312
64446,MO,660,1117
64448,MO,816,1104
64449,MO,816,451
64451,MO,660,446
64453,MO,660,217
64454,MO,816,2667
64455,MO,660,368
64456,MO,660,1459
64457,MO,660,329
64458,MO,660,145
64459,MO,816,472
64461,MO,660,897
64463,MO,660,1643
64465,MO,816,4251
64466,MO,660,541
64467,MO,660,186
64468,MO,660,16023
64469,MO,816,2339
64470,MO,660,1631
64471,MO,660,483
64473,MO,660,1457
64474,MO,816,820
64475,MO,660,468
64476,MO,660,379
64477,MO,816,3404
64479,MO,660,906
64480,MO,816,307
64481,MO,660,1088
64482,MO,660,2101
64483,MO,816,709
64484,MO,816,1229
64485,MO,816,8124
64486,MO,660,455
64487,MO,660,757
64489,MO,660,2198
64490,MO,816,2056
64491,MO,660,1875
64492,MO,816,1782
64493,MO,816,460
64494,MO,816,1018
64496,MO,660,154
64497,MO,660,598
64498,MO,660,375
64499,MO,660,119
64501,MO,816,12503
64503,MO,816,12921
64504,MO,816,10763
64505,MO,816,13161
64506,MO,816,24030
64507,MO,816,13738
64601,MO,660,12438
64620,MO,660,466
64622,MO,660,600
64623,MO,660,609
64624,MO,660,1662
64625,MO,660,644
64628,MO,660,6144
64630,MO,660,602
64631,MO,660,902
64632,MO,660,629
64633,MO,660,5216
64635,MO,660,515
64636,MO,660,299
64637,MO,660,667
64638,MO,660,521
64639,MO,660,240
64640,MO,660,3140
64641,MO,660,666
64642,MO,660,855
64643,MO,660,1072
64644,MO,816,3024
64645,MO,660,195
64646,MO,660,297
64647,MO,660,379
64648,MO,660,2129
64649,MO,816,864
64650,MO,660,727
64651,MO,660,570
64652,MO,660,441
64653,MO,660,687
64654,MO,660,52
64655,MO,660,264
64656,MO,660,240
64657,MO,660,323
64658,MO,660,3277
64659,MO,660,964
64660,MO,660,513
64661,MO,660,916
64664,MO,660,350
64667,MO,660,395
64668,MO,660,1416
64670,MO,660,1090
64671,MO,660,2062
64672,MO,660,251
64673,MO,660,2492
64674,MO,660,428
64676,MO,660,215
64679,MO,660,805
64681,MO,660,192
64682,MO,660,378
64683,MO,660,8144
64686,MO,660,271
64688,MO,660,548
64689,MO,660,683
64701,MO,816,14385
64720,MO,816,3843
64722,MO,660,525
64723,MO,660,665
64724,MO,660,1859
64725,MO,816,2271
64726,MO,660,467
64728,MO,417,594
64730,MO,660,7109
64733,MO,660,1159
64734,MO,816,2004
64735,MO,660,13258
64738,MO,417,1149
64739,MO,816,997
64740,MO,660,1884
64741,MO,417,351
64742,MO,816,2193
64743,MO,816,292
64744,MO,417,7836
64745,MO,660,117
64746,MO,816,1428
64747,MO,816,3910
64748,MO,417,1493
64750,MO,417,423
64752,MO,660,735
64755,MO,417,2596
64756,MO,417,742
64759,MO,417,8244
64761,MO,660,1493
64762,MO,417,1604
64763,MO,417,1568
64765,MO,417,44
64767,MO,417,821
64769,MO,417,611
64770,MO,660,1056
64771,MO,417,610
64772,MO,417,13596
64776,MO,417,3942
64778,MO,417,702
64779,MO,417,2693
64780,MO,417,639
64781,MO,417,106
64783,MO,417,775
64784,MO,417,1500
64788,MO,660,1415
64790,MO,417,861
64801,MO,417,34753
64804,MO,417,37521
64830,MO,417,639
64831,MO,417,5879
64832,MO,417,731
64833,MO,417,125
64834,MO,417,9556
64835,MO,417,1899
64836,MO,417,23940
64840,MO,417,2813
64841,MO,417,384
64842,MO,417,829
64843,MO,417,3259
64844,MO,417,4680
64847,MO,417,437
64848,MO,417,744
64849,MO,417,186
64850,MO,417,24063
64854,MO,417,4170
64855,MO,417,2795
64856,MO,417,4251
64857,MO,417,424
64858,MO,417,166
64859,MO,417,1358
64861,MO,417,1179
64862,MO,417,3337
64863,MO,417,1828
64865,MO,417,5997
64866,MO,417,1484
64867,MO,417,1440
64870,MO,417,14325
64873,MO,417,1072
64874,MO,417,760
65001,MO,573,414
65010,MO,573,5704
65011,MO,573,2374
65013,MO,573,3515
65014,MO,573,2252
65016,MO,573,1376
65017,MO,573,1549
65018,MO,573,7714
65020,MO,573,14286
65023,MO,573,1730
65024,MO,573,1086
65025,MO,573,786
65026,MO,573,11551
65032,MO,573,1792
65034,MO,660,679
65035,MO,573,1826
65037,MO,573,4938
65039,MO,573,2328
65040,MO,573,1208
65041,MO,573,5725
65043,MO,573,9452
65046,MO,660,1194
65047,MO,573,1351
65048,MO,573,154
65049,MO,573,6618
65050,MO,660,755
65051,MO,573,4874
65052,MO,573,3446
65053,MO,573,1425
65054,MO,573,835
65058,MO,573,1017
65059,MO,573,867
65061,MO,573,746
65062,MO,573,49
65063,MO,573,3412
65064,MO,573,578
65065,MO,573,6414
65066,MO,573,6703
65067,MO,573,379
65068,MO,660,827
65069,MO,573,645
65072,MO,573,1847
65074,MO,573,3061
65075,MO,573,784
65076,MO,573,829
65077,MO,573,561
65078,MO,573,3743
65079,MO,573,4729
65080,MO,573,1015
65081,MO,660,3928
65082,MO,573,1127
65083,MO,573,375
65084,MO,573,6797
65085,MO,573,1240
65101,MO,573,30587
65109,MO,573,38090
65201,MO,573,39417
65202,MO,573,46547
65203,MO,573,53307
65215,MO,314,203
65230,MO,660,703
65231,MO,573,3334
65232,MO,314,249
65233,MO,660,11703
65236,MO,660,1404
65237,MO,660,907
65239,MO,660,1309
65240,MO,573,7590
65243,MO,573,2806
65244,MO,660,412
65246,MO,660,101
65247,MO,660,616
65248,MO,660,4619
65250,MO,660,617
65251,MO,573,22437
65254,MO,660,1810
65255,MO,573,3731
65256,MO,573,1787
65257,MO,660,1564
65258,MO,660,500
65259,MO,660,2858
65260,MO,660,574
65261,MO,660,1094
65262,MO,573,955
65263,MO,660,1948
65264,MO,573,720
65265,MO,573,15409
65270,MO,660,17681
65274,MO,660,1710
65275,MO,660,2535
65276,MO,660,1609
65278,MO,314,123
65279,MO,573,1766
65280,MO,314,243
65281,MO,660,3098
65282,MO,573,178
65283,MO,573,387
65284,MO,573,2361
65285,MO,573,695
65286,MO,660,129
65287,MO,660,422
65301,MO,660,34267
65305,MO,660,2538
65320,MO,660,56
65321,MO,660,417
65322,MO,660,587
65323,MO,660,976
65324,MO,573,1634
65325,MO,660,3171
65326,MO,573,1996
65327,MO,660,227
65329,MO,660,494
65330,MO,660,412
65332,MO,660,1652
65333,MO,660,759
65334,MO,660,935
65335,MO,660,196
65336,MO,660,5981
65337,MO,660,1899
65338,MO,660,3046
65339,MO,660,712
65340,MO,660,15937
65344,MO,660,332
65345,MO,660,387
65347,MO,660,681
65348,MO,660,1350
65349,MO,660,2441
65350,MO,660,1822
65351,MO,660,2525
65354,MO,660,628
65355,MO,660,10519
65360,MO,660,4752
65401,MO,573,32383
65436,MO,573,91
65438,MO,573,2980
65439,MO,573,259
65440,MO,573,527
65441,MO,573,5194
65443,MO,573,96
65444,MO,417,1087
65446,MO,573,331
65449,MO,573,351
65452,MO,573,3315
65453,MO,573,8548
65456,MO,573,518
65457,MO,573,338
65459,MO,573,8233
65461,MO,573,105
65462,MO,573,1593
65463,MO,417,1011
65464,MO,417,492
65466,MO,573,1634
65468,MO,417,102
65470,MO,417,923
65473,MO,573,15059
65479,MO,417,441
65483,MO,417,4737
65484,MO,314,186
65486,MO,573,3423
65501,MO,573,163
65529,MO,573,232
65534,MO,573,1029
65535,MO,573,1673
65536,MO,417,28874
65541,MO,573,236
65542,MO,573,6776
65543,MO,417,431
65548,MO,417,5908
65550,MO,573,3127
65552,MO,417,2013
65555,MO,417,1087
65556,MO,573,5869
65557,MO,417,166
65559,MO,573,9385
65560,MO,573,14392
65564,MO,314,220
65565,MO,573,5854
65566,MO,573,772
65567,MO,417,1253
65570,MO,417,528
65571,MO,417,2134
65580,MO,573,829
65582,MO,573,2181
65583,MO,573,12307
65584,MO,573,9855
65586,MO,314,33
65588,MO,573,2680
65589,MO,417,188
65590,MO,417,1231
65591,MO,573,1512
65601,MO,417,812
65603,MO,417,206
65604,MO,417,3746
65605,MO,417,12136
65606,MO,417,3613
65608,MO,417,9403
65609,MO,417,778
65610,MO,417,5239
65611,MO,417,1969
65612,MO,417,1354
65613,MO,417,17396
65614,MO,417,591
65616,MO,417,24284
65617,MO,417,1630
65618,MO,417,148
65619,MO,417,7393
65620,MO,417,262
65622,MO,417,8716
65623,MO,417,36
65624,MO,417,1577
65625,MO,417,8328
65626,MO,417,1637
65627,MO,417,460
65629,MO,417,574
65630,MO,417,310
65631,MO,417,4678
65632,MO,417,2939
65633,MO,417,4131
65634,MO,417,766
65635,MO,417,541
65637,MO,417,1135
65638,MO,417,461
65640,MO,417,887
65641,MO,417,1250
65644,MO,417,2759
65646,MO,417,2046
65647,MO,417,2347
65648,MO,417,5614
65649,MO,417,1593
65650,MO,417,1520
65652,MO,417,4157
65653,MO,417,5708
65654,MO,314,159
65655,MO,417,3186
65656,MO,417,4929
65657,MO,417,94
65658,MO,417,1131
65660,MO,417,182
65661,MO,417,2562
65662,MO,417,1269
65663,MO,417,2481
65664,MO,417,159
65667,MO,417,3305
65668,MO,417,1745
65669,MO,417,2031
65672,MO,417,9048
65674,MO,417,2991
65676,MO,417,472
65679,MO,417,2704
65680,MO,417,1201
65681,MO,417,2345
65682,MO,417,1980
65685,MO,417,877
65686,MO,417,4920
65689,MO,417,4859
65690,MO,417,298
65692,MO,417,1332
65702,MO,417,473
65704,MO,417,4047
65705,MO,417,3999
65706,MO,417,14439
65707,MO,417,2299
65708,MO,417,12624
65710,MO,417,1275
65711,MO,417,9926
65712,MO,417,8494
65713,MO,417,2496
65714,MO,417,29818
65715,MO,417,92
65717,MO,417,2568
65720,MO,417,665
65721,MO,417,28550
65722,MO,417,1909
65723,MO,417,3606
65724,MO,417,1392
65725,MO,417,2459
65727,MO,417,218
65728,MO,417,76
65729,MO,417,264
65730,MO,417,196
65731,MO,314,281
65732,MO,417,871
65733,MO,417,720
65734,MO,417,3497
65735,MO,417,110
65737,MO,417,8413
65738,MO,417,17550
65739,MO,417,1326
65740,MO,417,3405
65742,MO,417,11367
65744,MO,417,142
65745,MO,417,2693
65746,MO,417,7895
65747,MO,417,3746
65752,MO,417,432
65753,MO,417,5027
65754,MO,417,950
65755,MO,417,519
65756,MO,417,748
65757,MO,417,6975
65759,MO,417,1423
65760,MO,417,739
65761,MO,417,1273
65762,MO,417,441
65764,MO,417,1287
65766,MO,417,105
65767,MO,417,2106
65768,MO,417,488
65769,MO,417,3091
65770,MO,417,3002
65771,MO,417,1398
65772,MO,417,2158
65773,MO,417,711
65774,MO,417,953
65775,MO,417,24908
65777,MO,417,328
65778,MO,417,524
65779,MO,417,2207
65781,MO,417,8543
65783,MO,417,225
65784,MO,417,34
65785,MO,417,5259
65786,MO,573,2250
65787,MO,573,1864
65788,MO,417,422
65789,MO,417,2014
65790,MO,417,739
65791,MO,417,4585
65793,MO,417,6337
65802,MO,417,44270
65803,MO,417,40902
65804,MO,417,36801
65806,MO,417,10586
65807,MO,417,54952
65809,MO,417,11257
65810,MO,417,20984
66002,KS,913,13755
66006,KS,785,7459
66007,KS,913,5614
66008,KS,785,286
66010,KS,620,606
66012,KS,913,11210
66013,KS,913,1839
66014,KS,913,349
66015,KS,620,782
66016,KS,913,519
66017,KS,785,304
66018,KS,913,5760
66020,KS,913,1442
66021,KS,913,2612
66023,KS,913,1124
66024,KS,785,927
66025,KS,785,7704
66026,KS,913,698
66027,KS,913,5742
66030,KS,913,20961
66031,KS,913,1072
66032,KS,785,5115
66033,KS,785,767
66035,KS,785,1311
66039,KS,620,628
66040,KS,913,3404
66041,KS,913,725
66042,KS,785,657
66043,KS,913,10787
66044,KS,785,28417
66045,KS,785,2023
66046,KS,785,19452
66047,KS,785,18268
66048,KS,913,35475
66049,KS,785,25957
66050,KS,785,1822
66052,KS,913,2031
66053,KS,913,7524
66054,KS,913,2860
66056,KS,620,1694
66058,KS,785,393
66060,KS,913,1122
66061,KS,913,55805
66062,KS,913,77312
66064,KS,913,6098
66066,KS,785,2636
66067,KS,785,16170
66070,KS,785,2661
66071,KS,913,12360
66072,KS,913,1054
66073,KS,785,2537
66075,KS,913,2103
66076,KS,785,2200
66078,KS,785,961
66079,KS,785,781
66080,KS,785,1065
66083,KS,913,8910
66085,KS,913,7779
66086,KS,913,9759
66087,KS,785,2042
66088,KS,785,2457
66090,KS,913,2520
66091,KS,620,352
66092,KS,785,4084
66093,KS,785,609
66094,KS,785,416
66095,KS,785,896
66097,KS,913,1071
66101,KS,913,13220
66102,KS,913,29282
66103,KS,913,13934
66104,KS,913,25401
66105,KS,913,2924
66106,KS,913,23367
66109,KS,913,20480
66111,KS,913,10155
66112,KS,913,11458
66115,KS,913,0
66118,KS,913,3
66202,KS,913,16173
66203,KS,913,19156
66204,KS,913,18832
66205,KS,913,13216
66206,KS,913,9693
66207,KS,913,13004
66208,KS,913,20945
66209,KS,913,19561
66210,KS,913,18102
66211,KS,913,4276
66212,KS,913,32096
66213,KS,913,27322
66214,KS,913,11691
66215,KS,913,24770
66216,KS,913,24368
66217,KS,913,5319
66218,KS,913,7754
66219,KS,913,10486
66220,KS,913,7133
66221,KS,913,15219
66223,KS,913,21759
66224,KS,913,11917
66226,KS,913,12877
66227,KS,913,4543
66401,KS,785,1721
66402,KS,785,2955
66403,KS,785,757
66404,KS,785,530
66406,KS,785,421
66407,KS,785,479
66408,KS,785,434
66409,KS,785,2997
66411,KS,785,1292
66412,KS,785,287
66413,KS,785,1802
66414,KS,785,2914
66415,KS,785,885
66416,KS,785,489
66417,KS,785,310
66418,KS,785,707
66419,KS,785,442
66422,KS,785,487
66423,KS,785,985
66424,KS,785,610
66425,KS,785,465
66427,KS,785,1281
66428,KS,785,415
66429,KS,785,579
66431,KS,785,671
66432,KS,785,396
66434,KS,785,4828
66436,KS,785,5879
66438,KS,785,149
66439,KS,785,2747
66440,KS,785,2063
66441,KS,785,26746
66442,KS,785,14283
66449,KS,785,846
66451,KS,785,1793
66501,KS,785,260
66502,KS,785,43850
66503,KS,785,13428
66506,KS,785,3614
66507,KS,785,1247
66508,KS,785,4375
66509,KS,785,2596
66510,KS,785,779
66512,KS,785,3361
66514,KS,785,1657
66515,KS,785,425
66516,KS,785,378
66517,KS,785,2087
66518,KS,785,189
66520,KS,785,577
66521,KS,785,1532
66522,KS,785,49
66523,KS,785,3833
66524,KS,785,2499
66526,KS,785,801
66527,KS,785,267
66528,KS,785,945
66531,KS,785,1380
66532,KS,785,668
66533,KS,785,1832
66534,KS,785,3725
66535,KS,785,2616
66536,KS,785,3922
66537,KS,785,1448
66538,KS,785,3264
66539,KS,785,2806
66540,KS,785,540
66541,KS,785,264
66542,KS,785,3335
66543,KS,785,725
66544,KS,785,337
66546,KS,785,1012
66547,KS,785,7617
66548,KS,785,961
66549,KS,785,1646
66550,KS,785,607
66552,KS,785,396
66554,KS,785,567
66603,KS,785,2001
66604,KS,785,23344
66605,KS,785,19919
66606,KS,785,11284
66607,KS,785,10498
66608,KS,785,5991
66609,KS,785,7068
66610,KS,785,9080
66611,KS,785,9832
66612,KS,785,2477
66614,KS,785,31354
66615,KS,785,2814
66616,KS,785,5874
66617,KS,785,8688
66618,KS,785,9402
66619,KS,785,3070
66621,KS,785,643
66622,KS,785,76
66701,KS,620,12325
66710,KS,620,746
66711,KS,620,610
66712,KS,620,1939
66713,KS,620,5836
66714,KS,620,177
66716,KS,620,567
66717,KS,620,497
66720,KS,620,11299
66724,KS,620,1065
66725,KS,620,5739
66728,KS,620,91
66732,KS,620,291
66733,KS,620,2215
66734,KS,620,332
66735,KS,620,421
66736,KS,620,3954
66738,KS,913,376
66739,KS,620,5453
66740,KS,620,477
66741,KS,620,237
66743,KS,620,4373
66746,KS,620,261
66748,KS,620,2750
66749,KS,620,7974
66751,KS,620,849
66753,KS,620,1077
66754,KS,620,451
66755,KS,620,1178
66756,KS,620,1007
66757,KS,620,3560
66758,KS,620,216
66760,KS,785,98
66761,KS,620,238
66762,KS,620,24786
66763,KS,620,3369
66767,KS,913,511
66769,KS,620,557
66770,KS,620,1158
66771,KS,620,1028
66772,KS,620,253
66773,KS,620,866
66775,KS,620,191
66776,KS,620,1288
66777,KS,620,639
66778,KS,620,139
66779,KS,620,650
66780,KS,620,589
66781,KS,620,1347
66782,KS,620,178
66783,KS,620,2230
66801,KS,620,28492
66830,KS,620,262
66833,KS,620,536
66834,KS,785,848
66835,KS,620,1360
66838,KS,785,182
66839,KS,620,4007
66840,KS,620,777
66842,KS,620,324
66843,KS,620,205
66845,KS,620,1232
66846,KS,620,3504
66849,KS,785,485
66850,KS,620,228
66851,KS,620,583
66852,KS,620,631
66853,KS,620,429
66854,KS,620,816
66856,KS,620,1613
66857,KS,620,943
66858,KS,785,456
66859,KS,785,178
66860,KS,620,1258
66861,KS,620,3204
66862,KS,620,116
66863,KS,620,63
66864,KS,620,456
66865,KS,620,1124
66866,KS,620,1789
66868,KS,620,764
66869,KS,620,748
66870,KS,620,166
66871,KS,785,1346
66872,KS,785,1134
66873,KS,785,319
66901,KS,785,6605
66930,KS,785,186
66932,KS,785,157
66933,KS,785,298
66935,KS,785,2563
66936,KS,785,344
66937,KS,785,893
66938,KS,785,1005
66939,KS,785,537
66940,KS,785,339
66941,KS,785,242
66942,KS,785,247
66943,KS,785,505
66944,KS,785,195
66945,KS,785,1096
66946,KS,785,126
66948,KS,785,494
66949,KS,785,668
66951,KS,785,764
66952,KS,785,499
66953,KS,785,703
66955,KS,785,114
66956,KS,785,1157
66958,KS,785,314
66959,KS,785,203
66960,KS,785,167
66962,KS,785,264
66963,KS,785,135
66964,KS,785,204
66966,KS,785,624
66967,KS,785,2096
66968,KS,785,1626
66970,KS,785,97
67001,KS,316,1676
67002,KS,316,13764
67003,KS,620,2626
67004,KS,620,827
67005,KS,620,16535
67008,KS,620,556
67009,KS,620,856
67010,KS,316,13890
67012,KS,620,61
67013,KS,620,3145
67016,KS,316,530
67017,KS,316,2294
67018,KS,620,149
67019,KS,620,945
67020,KS,316,1689
67021,KS,620,65
67022,KS,620,1461
67023,KS,620,230
67024,KS,620,849
67025,KS,316,3884
67026,KS,620,4845
67028,KS,620,225
67029,KS,620,1063
67030,KS,316,2659
67031,KS,620,2308
67035,KS,620,970
67036,KS,620,151
67037,KS,316,26577
67038,KS,620,602
67039,KS,316,3395
67041,KS,316,229
67042,KS,316,17969
67045,KS,620,3644
67047,KS,620,731
67049,KS,620,79
67050,KS,316,1844
67051,KS,620,456
67052,KS,316,8325
67053,KS,620,539
67054,KS,620,1167
67055,KS,785,71
67056,KS,316,2935
67057,KS,620,241
67058,KS,620,2093
67059,KS,620,1042
67060,KS,316,13733
67061,KS,620,171
67062,KS,620,4156
67063,KS,620,3942
67065,KS,620,228
67066,KS,620,302
67067,KS,316,1541
67068,KS,620,4354
67070,KS,620,1169
67071,KS,620,94
67072,KS,620,244
67073,KS,620,309
67074,KS,620,1741
67101,KS,316,3604
67103,KS,620,326
67104,KS,620,2506
67105,KS,620,190
67106,KS,620,388
67107,KS,620,2979
67108,KS,316,1696
67109,KS,620,418
67110,KS,316,8415
67111,KS,620,352
67112,KS,620,227
67114,KS,316,21852
67117,KS,316,1769
67118,KS,620,810
67119,KS,620,1457
67120,KS,316,1358
67122,KS,620,221
67123,KS,316,741
67124,KS,620,8203
67127,KS,620,701
67131,KS,620,258
67132,KS,316,410
67133,KS,316,6379
67134,KS,620,420
67135,KS,316,3493
67137,KS,620,634
67138,KS,620,397
67140,KS,620,802
67142,KS,620,445
67143,KS,620,58
67144,KS,316,2716
67146,KS,620,1830
67147,KS,316,9908
67149,KS,316,988
67150,KS,620,12
67151,KS,620,479
67152,KS,620,9541
67154,KS,316,1510
67155,KS,620,166
67156,KS,620,15269
67159,KS,620,169
67202,KS,316,1393
67203,KS,316,31287
67204,KS,316,21194
67205,KS,316,16811
67206,KS,316,15186
67207,KS,316,26978
67208,KS,316,18161
67209,KS,316,13654
67210,KS,316,10339
67211,KS,316,20644
67212,KS,316,44707
67213,KS,316,21368
67214,KS,316,16542
67215,KS,316,5708
67216,KS,316,24041
67217,KS,316,30186
67218,KS,316,22772
67219,KS,316,12121
67220,KS,316,14214
67223,KS,316,513
67226,KS,316,17757
67227,KS,316,344
67228,KS,785,2033
67230,KS,316,9959
67232,KS,316,298
67235,KS,316,11446
67260,KS,316,0
67301,KS,620,13556
67330,KS,620,1535
67332,KS,620,207
67333,KS,620,3089
67334,KS,620,104
67335,KS,620,3671
67336,KS,620,1683
67337,KS,620,13493
67340,KS,620,355
67341,KS,620,373
67342,KS,620,969
67344,KS,620,877
67345,KS,620,161
67346,KS,620,372
67347,KS,620,431
67349,KS,620,1034
67351,KS,620,391
67352,KS,620,593
67353,KS,620,582
67354,KS,620,825
67355,KS,620,213
67356,KS,620,2834
67357,KS,620,13006
67360,KS,620,409
67361,KS,620,1841
67363,KS,785,78
67364,KS,620,311
67401,KS,785,51499
67410,KS,785,10141
67416,KS,785,1146
67417,KS,785,179
67418,KS,785,246
67420,KS,785,4721
67422,KS,785,1366
67423,KS,785,316
67425,KS,785,689
67427,KS,620,408
67428,KS,620,1465
67430,KS,785,611
67431,KS,785,2471
67432,KS,785,6019
67436,KS,785,636
67437,KS,785,1161
67438,KS,620,300
67439,KS,785,3674
67441,KS,785,1115
67442,KS,785,266
67443,KS,620,1794
67444,KS,620,527
67445,KS,785,680
67446,KS,785,617
67447,KS,785,320
67448,KS,785,1374
67449,KS,785,3351
67450,KS,785,555
67451,KS,785,948
67452,KS,785,201
67454,KS,785,563
67455,KS,785,1980
67456,KS,785,4736
67457,KS,620,878
67458,KS,785,261
67459,KS,785,251
67460,KS,620,15168
67464,KS,785,1090
67466,KS,785,774
67467,KS,785,2904
67468,KS,785,307
67470,KS,785,456
67473,KS,785,1728
67474,KS,785,224
67475,KS,785,283
67478,KS,785,89
67480,KS,785,1805
67481,KS,785,590
67482,KS,785,99
67483,KS,620,338
67484,KS,785,891
67485,KS,785,339
67487,KS,785,1422
67490,KS,785,1055
67491,KS,620,399
67492,KS,785,166
67501,KS,620,27212
67502,KS,620,23739
67505,KS,620,2457
67510,KS,620,281
67511,KS,785,318
67512,KS,620,234
67513,KS,785,93
67514,KS,620,765
67515,KS,785,63
67516,KS,785,447
67518,KS,785,69
67519,KS,620,193
67520,KS,785,415
67521,KS,785,155
67522,KS,620,2049
67523,KS,620,373
67524,KS,620,630
67525,KS,620,1119
67526,KS,620,2759
67529,KS,620,365
67530,KS,620,19699
67543,KS,620,2125
67544,KS,620,3216
67545,KS,620,215
67546,KS,620,2597
67547,KS,620,1769
67548,KS,785,1467
67550,KS,620,5905
67552,KS,620,720
67553,KS,785,114
67554,KS,620,4334
67556,KS,785,320
67557,KS,620,723
67559,KS,785,52
67560,KS,785,1740
67561,KS,620,1538
67563,KS,620,371
67564,KS,620,308
67565,KS,620,429
67566,KS,620,650
67567,KS,620,526
67568,KS,620,309
67570,KS,620,1338
67572,KS,620,456
67573,KS,620,170
67574,KS,620,252
67575,KS,785,465
67576,KS,620,1915
67578,KS,620,1405
67579,KS,620,3095
67581,KS,620,416
67583,KS,620,1022
67584,KS,785,269
67601,KS,785,23797
67621,KS,785,393
67622,KS,785,599
67623,KS,785,270
67625,KS,785,257
67626,KS,785,145
67628,KS,785,78
67629,KS,785,143
67631,KS,785,249
67632,KS,785,227
67634,KS,785,301
67635,KS,785,169
67637,KS,785,2651
67638,KS,785,230
67639,KS,785,193
67640,KS,785,505
67642,KS,785,1729
67643,KS,785,195
67644,KS,785,264
67645,KS,785,546
67646,KS,785,718
67647,KS,785,256
67648,KS,785,549
67649,KS,785,297
67650,KS,785,258
67651,KS,785,507
67653,KS,785,298
67654,KS,785,4362
67656,KS,785,156
67657,KS,785,429
67658,KS,785,120
67659,KS,785,154
67660,KS,785,81
67661,KS,785,3483
67663,KS,785,2615
67664,KS,785,305
67665,KS,785,5162
67667,KS,785,204
67669,KS,785,1725
67671,KS,785,1714
67672,KS,785,2359
67673,KS,785,108
67674,KS,785,55
67675,KS,785,217
67701,KS,785,6502
67730,KS,785,1612
67731,KS,785,675
67732,KS,785,543
67733,KS,785,149
67734,KS,785,182
67735,KS,785,5476
67736,KS,620,228
67737,KS,785,444
67738,KS,785,520
67739,KS,785,258
67740,KS,785,1724
67741,KS,785,326
67743,KS,785,158
67744,KS,785,185
67745,KS,785,322
67747,KS,785,158
67748,KS,785,2544
67749,KS,785,2317
67751,KS,785,259
67752,KS,785,1399
67753,KS,785,530
67756,KS,785,2016
67757,KS,785,482
67758,KS,785,1016
67761,KS,785,249
67762,KS,785,288
67764,KS,785,345
67801,KS,620,30559
67831,KS,620,1117
67834,KS,620,964
67835,KS,620,2954
67836,KS,620,147
67837,KS,620,903
67838,KS,620,982
67839,KS,620,1416
67840,KS,620,103
67841,KS,620,339
67842,KS,620,427
67843,KS,785,165
67844,KS,620,894
67846,KS,620,33696
67849,KS,620,380
67850,KS,620,335
67851,KS,620,2691
67853,KS,620,860
67854,KS,620,1407
67855,KS,620,1976
67857,KS,620,174
67859,KS,620,735
67860,KS,620,2878
67861,KS,620,1962
67862,KS,620,302
67863,KS,620,305
67864,KS,620,2227
67865,KS,620,1081
67867,KS,620,1578
67868,KS,620,198
67869,KS,620,1492
67870,KS,620,1765
67871,KS,620,4973
67876,KS,620,1156
67877,KS,620,2255
67878,KS,620,2436
67879,KS,620,1247
67880,KS,620,7878
67882,KS,620,346
67901,KS,620,22073
67950,KS,620,2558
67951,KS,620,4981
67952,KS,620,710
67953,KS,620,144
67954,KS,620,661
68001,NE,402,77
68002,NE,402,2150
68003,NE,402,4284
68004,NE,402,885
68005,NE,402,22132
68007,NE,402,7612
68008,NE,402,12285
68010,NE,402,745
68014,NE,402,287
68015,NE,402,1151
68016,NE,402,413
68017,NE,402,1692
68018,NE,402,516
68019,NE,402,550
68020,NE,402,749
68022,NE,402,16422
68023,NE,402,2536
68025,NE,402,30376
68028,NE,402,10839
68029,NE,402,899
68030,NE,402,835
68031,NE,402,1745
68033,NE,402,392
68034,NE,402,886
68036,NE,402,402
68037,NE,402,2286
68038,NE,402,1280
68039,NE,402,1421
68040,NE,402,369
68041,NE,402,955
68042,NE,402,122
68044,NE,402,724
68045,NE,402,1801
68046,NE,402,25191
68047,NE,402,1614
68048,NE,402,12422
68050,NE,402,609
68055,NE,402,341
68057,NE,402,1544
68058,NE,402,252
68059,NE,402,3158
68061,NE,402,2504
68062,NE,402,311
68063,NE,402,234
68064,NE,402,3376
68065,NE,402,1510
68066,NE,402,5640
68067,NE,402,1288
68068,NE,402,127
68069,NE,402,2558
68070,NE,402,836
68071,NE,402,1934
68072,NE,402,66
68073,NE,402,1960
68102,NE,402,6102
68104,NE,402,34664
68105,NE,402,23842
68106,NE,402,19936
68107,NE,402,29491
68108,NE,402,14664
68110,NE,402,9173
68111,NE,402,23393
68112,NE,402,11508
68113,NE,402,994
68114,NE,402,16928
68116,NE,402,25429
68117,NE,402,8032
68118,NE,402,9389
68122,NE,402,9794
68123,NE,402,27926
68124,NE,402,15690
68127,NE,402,21117
68128,NE,402,17784
68130,NE,402,17972
68131,NE,402,12302
68132,NE,402,14101
68133,NE,402,9703
68134,NE,402,28257
68135,NE,402,25875
68136,NE,402,13829
68137,NE,402,24921
68138,NE,402,12013
68142,NE,402,3072
68144,NE,402,24233
68147,NE,402,10351
68152,NE,402,5837
68154,NE,402,22692
68157,NE,402,5213
68164,NE,402,27387
68178,NE,402,1573
68301,NE,402,1466
68303,NE,402,289
68304,NE,402,330
68305,NE,402,4389
68307,NE,402,515
68309,NE,402,121
68310,NE,402,14546
68313,NE,402,900
68314,NE,402,351
68315,NE,402,129
68316,NE,402,447
68317,NE,402,1495
68318,NE,402,526
68319,NE,402,552
68320,NE,402,369
68321,NE,402,311
68322,NE,402,440
68323,NE,402,315
68324,NE,402,174
68325,NE,785,232
68326,NE,402,241
68327,NE,402,299
68328,NE,402,429
68329,NE,402,673
68331,NE,402,961
68332,NE,402,146
68333,NE,402,8327
68335,NE,402,518
68336,NE,402,557
68337,NE,402,383
68338,NE,402,324
68339,NE,402,1311
68340,NE,402,992
68341,NE,402,1041
68342,NE,402,530
68343,NE,402,1050
68344,NE,402,441
68345,NE,402,269
68346,NE,402,493
68347,NE,402,2570
68348,NE,402,256
68349,NE,402,1098
68350,NE,402,216
68351,NE,402,853
68352,NE,402,5222
68354,NE,402,839
68355,NE,402,5113
68357,NE,402,421
68358,NE,402,1877
68359,NE,402,1585
68360,NE,402,501
68361,NE,402,2573
68362,NE,402,46
68364,NE,402,142
68365,NE,402,245
68366,NE,402,1047
68367,NE,402,461
68368,NE,402,485
68370,NE,402,2075
68371,NE,402,1467
68372,NE,402,2827
68375,NE,402,121
68376,NE,402,1445
68377,NE,402,425
68378,NE,402,680
68379,NE,402,59
68380,NE,402,81
68381,NE,402,249
68382,NE,402,41
68401,NE,402,717
68402,NE,402,1210
68403,NE,402,206
68404,NE,402,902
68405,NE,402,3257
68406,NE,402,458
68407,NE,402,747
68409,NE,402,807
68410,NE,402,8716
68413,NE,402,533
68414,NE,402,256
68415,NE,402,649
68416,NE,402,226
68417,NE,402,292
68418,NE,402,1070
68419,NE,402,256
68420,NE,402,1285
68421,NE,402,1107
68422,NE,402,513
68423,NE,402,898
68424,NE,402,730
68428,NE,402,1375
68430,NE,402,1402
68431,NE,402,353
68433,NE,402,265
68434,NE,402,8576
68436,NE,402,581
68437,NE,402,261
68438,NE,402,142
68439,NE,402,478
68440,NE,402,110
68441,NE,402,302
68442,NE,402,313
68443,NE,402,1047
68444,NE,402,97
68445,NE,402,152
68446,NE,402,2690
68447,NE,402,464
68448,NE,402,399
68450,NE,402,3182
68452,NE,402,86
68453,NE,402,304
68454,NE,402,625
68455,NE,402,681
68456,NE,402,1127
68457,NE,402,343
68458,NE,402,135
68460,NE,402,788
68461,NE,402,734
68462,NE,402,3827
68463,NE,402,1517
68464,NE,402,478
68465,NE,402,2404
68466,NE,402,1861
68467,NE,402,9338
68502,NE,402,26238
68503,NE,402,15264
68504,NE,402,16444
68505,NE,402,15137
68506,NE,402,27952
68507,NE,402,13429
68508,NE,402,14475
68510,NE,402,20514
68512,NE,402,11659
68514,NE,402,127
68516,NE,402,38956
68517,NE,402,538
68520,NE,402,1143
68521,NE,402,31733
68522,NE,402,12728
68523,NE,402,1390
68524,NE,402,5983
68526,NE,402,4800
68527,NE,402,696
68528,NE,402,6285
68531,NE,402,48
68532,NE,402,493
68601,NE,402,28185
68620,NE,402,2967
68621,NE,402,517
68622,NE,308,275
68623,NE,308,313
68624,NE,402,1062
68626,NE,402,614
68627,NE,308,622
68628,NE,308,826
68629,NE,402,1344
68631,NE,402,480
68632,NE,402,3989
68633,NE,402,1179
68634,NE,402,345
68635,NE,402,491
68636,NE,402,1254
68637,NE,308,267
68638,NE,308,1749
68640,NE,402,1613
68641,NE,402,1063
68642,NE,402,1721
68643,NE,402,903
68644,NE,402,721
68647,NE,402,646
68648,NE,402,484
68649,NE,402,1835
68651,NE,402,1470
68652,NE,402,715
68653,NE,402,783
68654,NE,402,541
68655,NE,308,159
68658,NE,402,683
68659,NE,402,215
68660,NE,402,1137
68661,NE,402,7282
68662,NE,402,1231
68663,NE,308,761
68664,NE,402,300
68665,NE,308,940
68666,NE,402,1611
68667,NE,402,92
68669,NE,402,422
68701,NE,402,30670
68710,NE,402,830
68711,NE,308,141
68713,NE,402,2212
68714,NE,402,1224
68715,NE,402,1446
68716,NE,402,1011
68717,NE,402,198
68718,NE,402,1765
68719,NE,402,146
68720,NE,402,340
68722,NE,402,555
68723,NE,402,566
68724,NE,402,140
68725,NE,402,501
68726,NE,402,893
68727,NE,402,730
68728,NE,402,254
68729,NE,402,1745
68730,NE,402,1860
68731,NE,402,2637
68732,NE,402,260
68733,NE,402,1286
68734,NE,402,155
68735,NE,402,922
68736,NE,402,726
68739,NE,402,3002
68740,NE,402,892
68741,NE,402,790
68742,NE,402,243
68743,NE,402,693
68745,NE,402,1572
68746,NE,402,480
68747,NE,402,174
68748,NE,402,3260
68749,NE,402,65
68751,NE,402,76
68752,NE,402,789
68753,NE,402,111
68755,NE,402,259
68756,NE,402,2058
68757,NE,402,754
68758,NE,402,1164
68759,NE,402,295
68760,NE,402,1364
68761,NE,402,434
68763,NE,402,4887
68764,NE,402,753
68765,NE,402,1380
68766,NE,402,393
68767,NE,402,3174
68768,NE,402,642
68769,NE,402,1806
68770,NE,402,1552
68771,NE,402,1637
68773,NE,402,173
68774,NE,402,348
68776,NE,402,15447
68777,NE,402,774
68778,NE,402,572
68779,NE,402,2433
68780,NE,402,1028
68781,NE,402,1407
68783,NE,402,1086
68784,NE,402,2104
68785,NE,402,274
68786,NE,402,1079
68787,NE,402,6647
68788,NE,402,4898
68789,NE,402,176
68790,NE,402,777
68791,NE,402,1800
68792,NE,402,407
68801,NE,308,30005
68803,NE,308,22560
68810,NE,308,1109
68812,NE,308,785
68813,NE,308,534
68814,NE,308,911
68815,NE,308,596
68816,NE,308,180
68817,NE,308,386
68818,NE,402,5475
68820,NE,308,391
68821,NE,308,134
68822,NE,308,4834
68823,NE,308,2401
68824,NE,308,1414
68825,NE,308,1024
68826,NE,308,3955
68827,NE,308,693
68828,NE,308,240
68831,NE,308,812
68832,NE,402,1974
68833,NE,308,299
68834,NE,308,226
68835,NE,308,485
68836,NE,308,1688
68837,NE,308,103
68838,NE,308,301
68840,NE,308,2945
68841,NE,402,610
68842,NE,308,668
68843,NE,402,806
68844,NE,308,228
68845,NE,308,19523
68846,NE,402,296
68847,NE,308,16504
68849,NE,308,384
68850,NE,308,12295
68852,NE,308,565
68853,NE,308,1559
68854,NE,308,731
68855,NE,308,417
68856,NE,308,611
68858,NE,308,266
68859,NE,308,509
68860,NE,308,324
68861,NE,402,118
68862,NE,308,3007
68863,NE,308,1151
68864,NE,308,1027
68865,NE,402,894
68866,NE,308,850
68869,NE,308,2202
68870,NE,308,439
68871,NE,308,250
68872,NE,308,853
68873,NE,308,3289
68874,NE,308,956
68875,NE,308,658
68876,NE,308,1545
68878,NE,308,446
68879,NE,308,417
68881,NE,308,73
68882,NE,308,473
68883,NE,308,2411
68901,NE,402,26354
68920,NE,308,1446
68922,NE,308,1336
68923,NE,308,131
68924,NE,308,1180
68925,NE,402,474
68926,NE,308,783
68927,NE,308,1164
68928,NE,308,426
68929,NE,308,160
68930,NE,402,1461
68932,NE,402,493
68933,NE,402,932
68934,NE,402,188
68935,NE,402,750
68936,NE,308,243
68937,NE,308,1836
68938,NE,402,582
68939,NE,308,1318
68940,NE,308,496
68941,NE,402,832
68942,NE,402,490
68943,NE,402,269
68944,NE,402,1323
68945,NE,308,213
68946,NE,308,53
68947,NE,308,549
68948,NE,308,363
68949,NE,308,6567
68950,NE,402,331
68952,NE,402,172
68954,NE,402,94
68955,NE,402,2025
68956,NE,308,1215
68957,NE,402,631
68958,NE,308,661
68959,NE,308,4015
68960,NE,308,183
68961,NE,402,732
68964,NE,402,135
68966,NE,308,674
68967,NE,308,1142
68969,NE,308,38
68970,NE,402,1342
68971,NE,308,458
68972,NE,402,209
68973,NE,402,463
68974,NE,402,184
68975,NE,402,160
68976,NE,308,316
68977,NE,308,342
68978,NE,402,2377
68979,NE,402,1888
68980,NE,402,388
68981,NE,308,314
68982,NE,308,649
69001,NE,308,9449
69020,NE,308,397
69021,NE,308,1348
69022,NE,308,1570
69023,NE,308,440
69024,NE,308,1195
69025,NE,308,1220
69026,NE,785,220
69027,NE,308,133
69028,NE,308,731
69029,NE,308,316
69030,NE,308,324
69032,NE,308,498
69033,NE,308,2577
69034,NE,308,908
69036,NE,308,126
69037,NE,308,115
69038,NE,308,449
69039,NE,308,139
69040,NE,308,634
69041,NE,308,161
69042,NE,308,36
69043,NE,308,549
69044,NE,308,825
69045,NE,308,975
69046,NE,308,194
69101,NE,308,29904
69120,NE,308,931
69121,NE,308,400
69122,NE,308,619
69123,NE,308,935
69125,NE,308,346
69127,NE,308,739
69128,NE,308,302
69129,NE,308,1368
69130,NE,308,5307
69131,NE,308,561
69132,NE,308,117
69133,NE,308,386
69134,NE,308,364
69135,NE,308,65
69138,NE,308,4489
69140,NE,308,1775
69141,NE,308,385
69142,NE,308,137
69143,NE,308,1460
69144,NE,308,202
69145,NE,308,3214
69146,NE,308,334
69147,NE,308,737
69148,NE,308,217
69149,NE,308,699
69150,NE,308,522
69151,NE,308,815
69152,NE,308,886
69153,NE,308,5769
69154,NE,308,1291
69155,NE,308,1034
69156,NE,308,699
69157,NE,308,21
69161,NE,308,81
69162,NE,308,7765
69163,NE,308,873
69165,NE,308,1789
69166,NE,308,600
69167,NE,308,441
69168,NE,308,271
69169,NE,308,651
69170,NE,308,372
69171,NE,402,26
69201,NE,402,4005
69210,NE,402,2484
69211,NE,308,311
69212,NE,402,248
69214,NE,402,203
69216,NE,402,232
69217,NE,402,533
69218,NE,308,260
69219,NE,402,80
69220,NE,402,59
69221,NE,402,222
69301,NE,308,10125
69331,NE,308,59
69333,NE,308,239
69334,NE,308,2351
69335,NE,308,53
69336,NE,308,2466
69337,NE,308,7365
69339,NE,308,1462
69340,NE,308,121
69341,NE,308,11165
69343,NE,308,2538
69345,NE,308,455
69346,NE,308,592
69347,NE,308,1249
69348,NE,308,1503
69350,NE,308,383
69351,NE,308,235
69352,NE,308,619
69353,NE,308,37
69354,NE,308,97
69355,NE,308,115
69356,NE,308,1882
69357,NE,308,3567
69358,NE,308,1907
69360,NE,308,1361
69361,NE,308,17999
69365,NE,308,44
69366,NE,308,253
69367,NE,308,259
70001,LA,504,37996
70002,LA,504,18879
70003,LA,504,40150
70005,LA,504,24339
70006,LA,504,15703
70030,LA,985,4585
70031,LA,504,1316
70032,LA,504,3635
70036,LA,504,1227
70037,LA,504,15590
70038,LA,985,426
70039,LA,985,2460
70040,LA,504,1604
70041,LA,985,2381
70043,LA,504,16760
70047,LA,985,13006
70049,LA,985,2481
70050,LA,504,74
70051,LA,985,2518
70052,LA,225,3795
70053,LA,504,16499
70056,LA,504,39082
70057,LA,985,4719
70058,LA,504,39887
70062,LA,504,17095
70065,LA,504,51116
70067,LA,504,2757
70068,LA,985,34101
70070,LA,985,12471
70071,LA,225,3653
70072,LA,504,56344
70075,LA,504,4417
70076,LA,985,292
70079,LA,985,3067
70080,LA,985,1556
70082,LA,985,336
70083,LA,504,2353
70084,LA,985,7552
70085,LA,504,4427
70086,LA,225,1969
70087,LA,504,8122
70090,LA,225,7671
70091,LA,504,278
70092,LA,504,6651
70094,LA,504,31669
70112,LA,504,3655
70113,LA,504,7025
70114,LA,504,22870
70115,LA,504,31695
70116,LA,504,11507
70117,LA,504,23389
70118,LA,504,33008
70119,LA,504,36228
70121,LA,504,12029
70122,LA,504,28564
70123,LA,504,26475
70124,LA,504,16824
70125,LA,504,14479
70126,LA,504,23958
70127,LA,504,20471
70128,LA,504,17113
70129,LA,504,9064
70130,LA,504,14064
70131,LA,504,29915
70139,LA,504,0
70163,LA,504,0
70301,LA,985,43037
70339,LA,985,6033
70340,LA,985,109
70341,LA,225,4449
70342,LA,985,4979
70343,LA,985,5504
70344,LA,985,6143
70345,LA,985,9754
70346,LA,225,10925
70352,LA,504,205
70353,LA,985,1402
70354,LA,985,4931
70355,LA,985,1041
70356,LA,985,2484
70357,LA,985,3043
70358,LA,985,1296
70359,LA,985,8408
70360,LA,985,26429
70363,LA,985,26513
70364,LA,985,30503
70372,LA,985,2518
70373,LA,985,7141
70374,LA,985,7125
70375,LA,985,125
70377,LA,985,4403
70380,LA,985,22928
70390,LA,985,6969
70391,LA,985,202
70392,LA,985,8456
70393,LA,985,774
70394,LA,985,14328
70395,LA,985,4658
70397,LA,985,1365
70401,LA,985,20415
70402,LA,985,1514
70403,LA,985,26011
70420,LA,985,7345
70422,LA,985,13797
70426,LA,985,6342
70427,LA,985,20033
70431,LA,985,5366
70433,LA,985,31133
70435,LA,985,16603
70436,LA,985,629
70437,LA,504,7918
70438,LA,985,18540
70441,LA,225,5112
70442,LA,985,277
70443,LA,985,10232
70444,LA,985,10160
70445,LA,985,10840
70446,LA,985,5877
70447,LA,985,10150
70448,LA,985,24851
70449,LA,225,3611
70450,LA,985,2884
70451,LA,504,182
70452,LA,985,13163
70453,LA,225,1045
70454,LA,985,24954
70455,LA,985,1474
70456,LA,985,2850
70458,LA,985,35077
70460,LA,985,22096
70461,LA,985,27818
70462,LA,225,5699
70463,LA,985,126
70464,LA,985,312
70465,LA,985,776
70466,LA,985,8512
70471,LA,985,21383
70501,LA,337,31358
70503,LA,337,27816
70506,LA,337,41163
70507,LA,337,16558
70508,LA,337,34810
70510,LA,337,25313
70512,LA,337,9780
70513,LA,504,124
70514,LA,337,2545
70515,LA,337,3838
70516,LA,337,1546
70517,LA,337,26500
70518,LA,337,12297
70519,LA,504,222
70520,LA,337,18405
70523,LA,337,906
70524,LA,337,314
70525,LA,337,13150
70526,LA,337,19206
70528,LA,337,2333
70529,LA,337,11752
70531,LA,337,1261
70532,LA,337,2685
70533,LA,337,7385
70534,LA,337,899
70535,LA,337,18215
70537,LA,337,541
70538,LA,337,14844
70541,LA,337,432
70542,LA,337,3435
70543,LA,337,4077
70544,LA,337,11677
70546,LA,337,16425
70548,LA,337,10353
70549,LA,337,3948
70550,LA,337,174
70552,LA,337,1819
70554,LA,337,5582
70555,LA,337,7372
70556,LA,337,331
70558,LA,504,134
70559,LA,337,2943
70560,LA,337,42022
70563,LA,337,18502
70570,LA,337,38987
70575,LA,504,55
70576,LA,337,1526
70577,LA,337,4645
70578,LA,337,16122
70580,LA,504,179
70581,LA,337,929
70582,LA,337,19781
70583,LA,337,11693
70584,LA,337,7358
70585,LA,337,235
70586,LA,337,20313
70589,LA,337,3283
70591,LA,337,5299
70592,LA,337,18878
70601,LA,337,32384
70605,LA,337,32741
70607,LA,337,25560
70611,LA,337,19256
70615,LA,337,14335
70630,LA,337,1440
70631,LA,337,962
70632,LA,337,371
70633,LA,337,7604
70634,LA,337,25125
70637,LA,337,654
70638,LA,318,937
70639,LA,337,684
70640,LA,337,301
70643,LA,337,352
70644,LA,504,308
70645,LA,337,1262
70646,LA,337,750
70647,LA,337,8703
70648,LA,337,8026
70650,LA,337,435
70651,LA,504,500
70652,LA,337,2203
70653,LA,337,3111
70654,LA,337,155
70655,LA,337,3002
70656,LA,318,4023
70657,LA,337,4315
70658,LA,337,955
70659,LA,337,1482
70660,LA,337,2612
70661,LA,337,2309
70662,LA,337,411
70663,LA,337,28150
70665,LA,337,10743
70668,LA,337,6424
70669,LA,337,10131
70706,LA,225,20752
70710,LA,225,3593
70711,LA,225,5266
70712,LA,504,479
70714,LA,225,19803
70715,LA,225,1433
70719,LA,225,4460
70721,LA,225,701
70722,LA,225,5713
70723,LA,225,1759
70725,LA,225,1826
70726,LA,225,50583
70729,LA,225,1032
70730,LA,225,3499
70732,LA,225,1178
70733,LA,225,1621
70734,LA,225,7554
70736,LA,225,518
70737,LA,225,38643
70739,LA,225,12486
70740,LA,225,1305
70743,LA,225,350
70744,LA,225,6181
70747,LA,225,180
70748,LA,225,6657
70749,LA,225,1554
70750,LA,337,1951
70752,LA,225,806
70753,LA,225,870
70754,LA,225,10170
70755,LA,225,2186
70756,LA,225,393
70757,LA,225,3177
70759,LA,225,1528
70760,LA,225,6993
70761,LA,225,897
70762,LA,225,926
70763,LA,225,3816
70764,LA,225,17584
70767,LA,225,14914
70769,LA,225,36084
70770,LA,225,2923
70772,LA,225,784
70773,LA,225,143
70774,LA,225,10076
70775,LA,225,14720
70776,LA,225,6043
70777,LA,225,4269
70778,LA,225,2291
70780,LA,225,1015
70782,LA,225,299
70783,LA,225,2604
70785,LA,225,20979
70787,LA,504,127
70788,LA,225,4051
70789,LA,225,750
70791,LA,225,24918
70801,LA,225,13
70802,LA,225,27267
70803,LA,225,1335
70805,LA,225,29909
70806,LA,225,28706
70807,LA,225,20377
70808,LA,225,32504
70809,LA,225,25050
70810,LA,225,37980
70811,LA,225,13676
70812,LA,225,11206
70814,LA,225,14514
70815,LA,225,30075
70816,LA,225,43194
70817,LA,225,31192
70818,LA,225,9649
70819,LA,225,5040
70820,LA,225,17222
70836,LA,225,0
71001,LA,318,4531
71003,LA,318,989
71004,LA,318,644
71006,LA,318,12158
71007,LA,318,1141
71008,LA,318,739
71016,LA,318,2070
71018,LA,318,1622
71019,LA,318,8555
71021,LA,318,772
71023,LA,318,3632
71024,LA,318,1420
71027,LA,318,1585
71028,LA,318,1666
71029,LA,318,219
71030,LA,318,1537
71031,LA,318,1064
71032,LA,318,2164
71033,LA,318,3510
71034,LA,318,313
71037,LA,318,19325
71038,LA,318,4064
71039,LA,318,1934
71040,LA,318,10268
71043,LA,318,546
71044,LA,318,657
71045,LA,318,663
71046,LA,318,1351
71047,LA,318,12203
71048,LA,318,104
71049,LA,318,3460
71051,LA,318,2409
71052,LA,318,10259
71055,LA,318,20268
71060,LA,318,3089
71061,LA,318,1712
71063,LA,318,748
71064,LA,318,4096
71065,LA,318,1232
71067,LA,318,3297
71068,LA,318,3627
71069,LA,318,812
71070,LA,318,1833
71071,LA,318,2685
71072,LA,318,1530
71073,LA,318,2319
71075,LA,318,6416
71078,LA,318,5546
71079,LA,318,272
71082,LA,318,5119
71101,LA,318,8197
71103,LA,318,7813
71104,LA,318,14802
71105,LA,318,21907
71106,LA,318,34814
71107,LA,318,33800
71108,LA,318,20388
71109,LA,318,22154
71110,LA,318,2793
71111,LA,318,38456
71112,LA,318,31358
71115,LA,318,14506
71118,LA,318,24761
71119,LA,318,11562
71129,LA,318,13391
71201,LA,318,20319
71202,LA,318,29044
71203,LA,318,37105
71209,LA,504,154
71219,LA,318,1288
71220,LA,318,23266
71222,LA,318,3481
71223,LA,318,523
71225,LA,318,7068
71226,LA,318,1638
71227,LA,318,3635
71229,LA,318,1662
71232,LA,318,6581
71233,LA,318,305
71234,LA,318,3992
71235,LA,318,4280
71237,LA,318,1578
71238,LA,318,2807
71241,LA,318,9982
71243,LA,318,194
71245,LA,318,4718
71247,LA,318,1175
71250,LA,318,220
71251,LA,318,9051
71253,LA,504,255
71254,LA,318,6759
71256,LA,318,688
71259,LA,318,1697
71260,LA,318,3177
71261,LA,318,1684
71263,LA,318,8275
71264,LA,318,1045
71266,LA,318,1699
71268,LA,318,2819
71269,LA,318,12757
71270,LA,318,30887
71272,LA,318,1893
71275,LA,318,2453
71276,LA,318,289
71277,LA,318,1758
71279,LA,504,45
71280,LA,318,3647
71282,LA,318,11070
71286,LA,318,615
71291,LA,318,32644
71292,LA,318,21541
71295,LA,318,14343
71301,LA,318,22859
71302,LA,318,15049
71303,LA,318,21015
71316,LA,504,37
71322,LA,318,6969
71323,LA,318,989
71325,LA,318,1321
71326,LA,318,1164
71327,LA,318,5454
71328,LA,318,7414
71331,LA,318,1036
71333,LA,318,666
71334,LA,318,9839
71336,LA,318,1650
71339,LA,318,130
71340,LA,318,1710
71341,LA,318,3069
71342,LA,318,7533
71343,LA,318,7678
71345,LA,504,69
71346,LA,318,3040
71350,LA,318,4124
71351,LA,318,11502
71353,LA,337,1664
71354,LA,318,1699
71355,LA,318,2764
71356,LA,318,648
71357,LA,318,2149
71358,LA,337,1111
71360,LA,318,35361
71362,LA,318,2169
71366,LA,318,1974
71367,LA,318,1278
71368,LA,318,1459
71369,LA,318,3222
71371,LA,318,2151
71373,LA,318,7358
71375,LA,318,1129
71377,LA,504,112
71378,LA,318,2536
71401,LA,504,117
71403,LA,337,4584
71404,LA,318,797
71405,LA,504,5592
71406,LA,318,216
71407,LA,318,933
71409,LA,318,6874
71410,LA,318,124
71411,LA,318,2875
71414,LA,504,238
71416,LA,318,842
71417,LA,318,4932
71418,LA,318,6295
71419,LA,318,2444
71422,LA,318,1542
71423,LA,318,4538
71424,LA,318,1225
71425,LA,318,214
71426,LA,504,229
71427,LA,318,413
71429,LA,318,3179
71430,LA,318,2576
71432,LA,318,1053
71433,LA,318,4367
71435,LA,318,3979
71438,LA,318,1626
71439,LA,318,1897
71441,LA,318,618
71446,LA,337,22762
71447,LA,318,1469
71449,LA,318,9696
71450,LA,318,1070
71452,LA,504,57
71454,LA,318,2527
71455,LA,318,227
71456,LA,318,1223
71457,LA,318,27809
71459,LA,337,11902
71461,LA,337,2577
71462,LA,318,1432
71463,LA,318,10801
71465,LA,318,3139
71466,LA,318,591
71467,LA,318,7998
71468,LA,318,868
71469,LA,318,2792
71472,LA,318,287
71473,LA,318,495
71474,LA,337,663
71479,LA,318,738
71480,LA,318,1324
71483,LA,318,11294
71485,LA,318,1804
71486,LA,318,4940
71601,AR,870,17327
71602,AR,870,17982
71603,AR,870,34343
71630,AR,870,405
71631,AR,870,673
71635,AR,870,12348
71638,AR,870,3794
71639,AR,870,6579
71640,AR,870,3227
71642,AR,870,648
71643,AR,870,1109
71644,AR,870,4264
71646,AR,870,6756
71647,AR,870,2111
71651,AR,870,150
71652,AR,870,1159
71653,AR,870,5152
71654,AR,870,4671
71655,AR,870,15387
71658,AR,870,728
71659,AR,501,104
71660,AR,870,963
71661,AR,870,450
71662,AR,501,82
71663,AR,870,732
71665,AR,870,6054
71666,AR,870,79
71667,AR,870,8267
71670,AR,870,1403
71671,AR,870,8665
71674,AR,870,738
71675,AR,870,1824
71676,AR,870,684
71677,AR,870,185
71701,AR,870,20286
71711,AR,870,106
71720,AR,870,2498
71722,AR,870,87
71724,AR,870,431
71725,AR,870,555
71726,AR,870,1435
71730,AR,870,32213
71740,AR,870,1735
71742,AR,870,5980
71743,AR,870,4090
71744,AR,870,3224
71745,AR,870,264
71747,AR,870,1097
71749,AR,870,2595
71751,AR,870,939
71752,AR,870,1052
71753,AR,870,16848
71758,AR,870,450
71759,AR,870,600
71762,AR,870,2501
71763,AR,870,1666
71764,AR,870,1880
71765,AR,870,2156
71766,AR,870,670
71770,AR,870,3526
71772,AR,870,34
71801,AR,870,16745
71820,AR,501,103
71822,AR,870,8925
71823,AR,501,83
71825,AR,870,645
71826,AR,870,1315
71827,AR,870,817
71832,AR,870,11253
71833,AR,870,2280
71834,AR,870,1491
71835,AR,870,1334
71836,AR,870,2856
71837,AR,870,5227
71838,AR,870,1148
71839,AR,870,280
71841,AR,870,913
71842,AR,870,2241
71845,AR,870,2387
71846,AR,870,2652
71847,AR,870,673
71851,AR,870,2241
71852,AR,870,10102
71853,AR,870,365
71854,AR,870,36438
71855,AR,870,708
71857,AR,870,5894
71858,AR,870,1710
71859,AR,870,477
71860,AR,870,2633
71861,AR,870,2258
71862,AR,870,771
71865,AR,501,194
71866,AR,870,725
71901,AR,501,29491
71909,AR,501,15508
71913,AR,501,43436
71921,AR,870,3652
71922,AR,870,129
71923,AR,870,15637
71929,AR,501,4487
71933,AR,870,1616
71935,AR,870,808
71937,AR,870,2026
71940,AR,870,1652
71941,AR,501,2098
71943,AR,870,4821
71944,AR,870,773
71945,AR,870,1437
71949,AR,501,1989
71950,AR,870,875
71952,AR,870,145
71953,AR,479,14882
71956,AR,501,1882
71957,AR,870,3133
71958,AR,870,2525
71959,AR,870,754
71960,AR,870,1383
71961,AR,870,1003
71962,AR,870,792
71964,AR,501,3926
71965,AR,870,315
71968,AR,501,4717
71969,AR,870,376
71970,AR,870,792
71971,AR,870,513
71972,AR,870,309
71973,AR,870,1424
71998,AR,501,321
71999,AR,501,706
72001,AR,501,566
72002,AR,501,14134
72003,AR,870,746
72004,AR,870,1311
72005,AR,501,248
72006,AR,870,2603
72007,AR,501,6708
72010,AR,501,6577
72011,AR,501,4074
72012,AR,501,11986
72013,AR,501,2197
72014,AR,870,60
72015,AR,501,27307
72016,AR,501,3268
72017,AR,870,726
72019,AR,501,23346
72020,AR,501,4295
72021,AR,870,4348
72022,AR,501,14270
72023,AR,501,35026
72024,AR,870,3777
72025,AR,501,847
72026,AR,870,393
72027,AR,501,1417
72029,AR,870,1912
72030,AR,501,705
72031,AR,501,7683
72032,AR,501,31436
72034,AR,501,44723
72035,AR,501,1083
72036,AR,870,817
72037,AR,501,28
72038,AR,870,74
72039,AR,501,2131
72040,AR,870,2867
72041,AR,870,1457
72042,AR,870,5161
72044,AR,501,881
72045,AR,501,1151
72046,AR,501,4470
72047,AR,501,969
72048,AR,870,114
72051,AR,870,622
72055,AR,870,849
72057,AR,870,1070
72058,AR,501,15911
72059,AR,870,37
72060,AR,501,666
72061,AR,501,250
72063,AR,501,1683
72064,AR,870,2451
72065,AR,501,5207
72067,AR,501,2726
72068,AR,501,424
72069,AR,870,1369
72070,AR,501,1813
72072,AR,501,544
72073,AR,870,1139
72074,AR,870,167
72076,AR,501,37979
72079,AR,501,786
72080,AR,501,662
72081,AR,501,7798
72082,AR,501,1935
72083,AR,501,237
72084,AR,870,1229
72085,AR,501,220
72086,AR,501,10727
72087,AR,501,2051
72088,AR,501,2391
72099,AR,501,616
72101,AR,870,3378
72102,AR,501,2873
72103,AR,501,13078
72104,AR,501,23354
72106,AR,501,5376
72107,AR,501,339
72108,AR,501,73
72110,AR,501,11498
72111,AR,501,1362
72112,AR,870,11467
72113,AR,501,21273
72114,AR,501,12658
72116,AR,501,21431
72117,AR,501,12684
72118,AR,501,22592
72119,AR,501,5
72120,AR,501,31610
72121,AR,501,2704
72122,AR,501,927
72123,AR,870,450
72125,AR,501,905
72126,AR,501,3674
72127,AR,501,2149
72128,AR,501,814
72129,AR,870,1409
72130,AR,870,560
72131,AR,501,4631
72132,AR,501,3242
72134,AR,870,315
72135,AR,501,2623
72136,AR,501,1772
72137,AR,501,2555
72139,AR,501,216
72140,AR,870,305
72141,AR,501,625
72142,AR,501,2499
72143,AR,501,35169
72149,AR,501,0
72150,AR,870,12006
72152,AR,870,429
72153,AR,501,2572
72156,AR,501,639
72157,AR,501,1607
72160,AR,870,10736
72165,AR,870,111
72166,AR,870,260
72167,AR,501,1719
72168,AR,501,1834
72169,AR,870,203
72170,AR,870,202
72173,AR,501,9078
72175,AR,870,354
72176,AR,501,8141
72179,AR,501,450
72181,AR,501,62
72201,AR,501,1024
72202,AR,501,9978
72204,AR,501,32505
72205,AR,501,23000
72206,AR,501,25624
72207,AR,501,10344
72209,AR,501,32376
72210,AR,501,14258
72211,AR,501,21288
72212,AR,501,12705
72223,AR,501,19890
72227,AR,501,11462
72301,AR,870,26069
72311,AR,501,135
72315,AR,870,23966
72320,AR,870,1847
72321,AR,501,154
72322,AR,501,195
72324,AR,870,1978
72325,AR,501,43
72326,AR,870,2267
72327,AR,870,1732
72328,AR,870,64
72329,AR,501,80
72330,AR,870,756
72331,AR,870,3184
72332,AR,501,104
72333,AR,870,667
72335,AR,870,20121
72338,AR,870,52
72339,AR,870,204
72340,AR,501,90
72341,AR,501,222
72342,AR,870,5532
72346,AR,870,697
72347,AR,870,711
72348,AR,870,2594
72350,AR,870,1226
72351,AR,870,835
72353,AR,870,114
72354,AR,870,2470
72355,AR,870,2768
72358,AR,870,1690
72359,AR,870,430
72360,AR,870,6466
72364,AR,870,15831
72365,AR,870,3146
72366,AR,870,2543
72367,AR,870,108
72368,AR,870,1228
72370,AR,870,8606
72372,AR,870,1945
72373,AR,870,1329
72374,AR,870,876
72376,AR,870,1977
72377,AR,870,36
72379,AR,870,50
72383,AR,870,53
72384,AR,870,953
72386,AR,870,1777
72389,AR,870,204
72390,AR,870,9107
72392,AR,870,481
72394,AR,870,625
72395,AR,870,1017
72396,AR,870,13734
72401,AR,870,53767
72404,AR,870,23482
72410,AR,870,498
72411,AR,870,2294
72412,AR,870,633
72413,AR,870,598
72414,AR,870,443
72415,AR,870,1346
72416,AR,870,5783
72417,AR,870,3568
72419,AR,870,1748
72421,AR,870,554
72422,AR,870,4979
72424,AR,870,94
72425,AR,870,446
72426,AR,870,196
72427,AR,870,174
72428,AR,870,95
72429,AR,870,427
72430,AR,870,411
72431,AR,870,401
72432,AR,870,6462
72433,AR,870,3067
72434,AR,870,2108
72435,AR,870,505
72436,AR,870,942
72437,AR,870,3272
72438,AR,870,2574
72440,AR,870,255
72441,AR,870,94
72442,AR,870,4886
72443,AR,870,2986
72444,AR,870,1821
72445,AR,501,91
72447,AR,870,1964
72449,AR,501,213
72450,AR,870,36033
72453,AR,870,198
72454,AR,870,5127
72455,AR,870,12518
72456,AR,870,585
72457,AR,870,132
72458,AR,870,755
72459,AR,870,1329
72460,AR,870,832
72461,AR,870,3789
72462,AR,870,408
72464,AR,870,98
72466,AR,870,1481
72467,AR,501,303
72469,AR,870,1124
72470,AR,870,319
72471,AR,870,1108
72472,AR,870,9447
72473,AR,870,2376
72476,AR,870,7155
72478,AR,870,390
72479,AR,870,1489
72482,AR,870,1241
72501,AR,870,25099
72512,AR,870,2234
72513,AR,870,2856
72515,AR,501,63
72517,AR,870,487
72519,AR,870,3150
72520,AR,870,309
72521,AR,870,4814
72522,AR,870,405
72523,AR,870,1091
72524,AR,870,376
72526,AR,501,154
72527,AR,870,583
72528,AR,870,65
72529,AR,870,4726
72530,AR,501,1987
72531,AR,870,800
72532,AR,870,1712
72533,AR,870,416
72534,AR,870,1320
72536,AR,870,429
72537,AR,870,805
72538,AR,870,432
72539,AR,870,253
72540,AR,870,149
72542,AR,870,3826
72543,AR,501,12535
72544,AR,870,636
72546,AR,501,181
72550,AR,870,985
72553,AR,870,69
72554,AR,870,2923
72555,AR,870,182
72556,AR,870,3375
72560,AR,870,8754
72561,AR,870,981
72562,AR,870,2238
72564,AR,870,546
72565,AR,870,999
72566,AR,870,624
72567,AR,870,262
72568,AR,501,1662
72569,AR,870,468
72571,AR,870,369
72572,AR,870,228
72573,AR,870,278
72576,AR,870,3868
72577,AR,870,700
72578,AR,870,212
72579,AR,870,1287
72581,AR,501,1030
72583,AR,870,1679
72584,AR,870,568
72585,AR,870,216
72587,AR,870,134
72601,AR,870,30163
72611,AR,870,1696
72616,AR,870,10441
72617,AR,870,198
72619,AR,870,1936
72623,AR,501,648
72624,AR,870,594
72626,AR,870,1243
72628,AR,870,803
72629,AR,501,629
72630,AR,870,197
72631,AR,870,3709
72632,AR,479,4449
72633,AR,870,1833
72634,AR,870,4670
72635,AR,870,3624
72636,AR,870,24
72638,AR,870,7186
72639,AR,870,683
72640,AR,870,385
72641,AR,870,2585
72642,AR,870,1979
72644,AR,870,2268
72645,AR,870,1867
72648,AR,870,716
72650,AR,870,4362
72651,AR,870,1206
72653,AR,870,28560
72655,AR,870,457
72658,AR,870,1685
72660,AR,870,524
72661,AR,870,580
72662,AR,870,2986
72663,AR,870,361
72666,AR,870,275
72668,AR,501,521
72669,AR,870,107
72670,AR,870,99
72672,AR,870,279
72675,AR,870,1399
72677,AR,870,525
72679,AR,870,48
72680,AR,870,807
72682,AR,870,194
72683,AR,870,211
72685,AR,870,1365
72686,AR,870,182
72687,AR,870,6461
72701,AR,501,39782
72703,AR,479,28261
72704,AR,479,21336
72712,AR,479,40933
72714,AR,501,11880
72715,AR,479,15051
72717,AR,479,1071
72718,AR,479,1465
72719,AR,479,8975
72721,AR,501,391
72722,AR,479,3138
72727,AR,479,5658
72729,AR,501,280
72730,AR,479,7585
72732,AR,479,4716
72734,AR,479,7322
72736,AR,479,6208
72738,AR,479,2419
72739,AR,479,473
72740,AR,479,9543
72742,AR,870,545
72744,AR,479,5343
72745,AR,501,11376
72747,AR,479,152
72749,AR,479,84
72751,AR,479,6434
72752,AR,479,293
72753,AR,479,7936
72756,AR,479,38455
72758,AR,479,33487
72760,AR,479,342
72761,AR,479,21211
72762,AR,479,35342
72764,AR,479,50230
72768,AR,479,1306
72769,AR,479,1162
72773,AR,479,953
72774,AR,479,6121
72776,AR,501,574
72801,AR,479,18685
72802,AR,479,20973
72821,AR,479,2048
72823,AR,501,6765
72824,AR,479,1876
72826,AR,501,47
72827,AR,479,187
72828,AR,501,114
72830,AR,479,14896
72832,AR,501,923
72833,AR,479,4384
72834,AR,479,10565
72835,AR,501,923
72837,AR,479,7845
72838,AR,501,115
72839,AR,479,242
72840,AR,479,2149
72841,AR,501,227
72842,AR,479,1478
72843,AR,479,2274
72845,AR,479,1216
72846,AR,479,3913
72847,AR,479,2850
72851,AR,501,572
72852,AR,501,315
72853,AR,479,2217
72854,AR,870,703
72855,AR,479,6314
72856,AR,870,464
72857,AR,501,1430
72858,AR,479,3178
72860,AR,501,375
72863,AR,479,1582
72865,AR,479,1366
72901,AR,479,21591
72903,AR,479,26148
72904,AR,479,21893
72908,AR,479,13378
72916,AR,501,7131
72921,AR,479,13787
72923,AR,501,4735
72926,AR,479,545
72927,AR,479,8701
72928,AR,501,755
72930,AR,501,320
72932,AR,501,1597
72933,AR,479,4999
72934,AR,501,1047
72935,AR,501,577
72936,AR,479,14527
72937,AR,479,3858
72938,AR,479,1391
72940,AR,501,2515
72941,AR,479,5251
72943,AR,479,2646
72944,AR,479,2919
72945,AR,501,314
72946,AR,479,3654
72947,AR,479,4433
72948,AR,479,518
72949,AR,479,10177
72950,AR,501,409
72951,AR,479,988
72952,AR,501,2945
72955,AR,501,438
72956,AR,479,34074
72958,AR,479,8117
72959,AR,479,2786
73002,OK,405,1062
73003,OK,405,20617
73004,OK,405,857
73005,OK,405,9541
73006,OK,580,3718
73007,OK,405,2178
73008,OK,405,19800
73009,OK,405,1264
73010,OK,405,17563
73011,OK,405,416
73012,OK,405,25851
73013,OK,405,43933
73014,OK,405,1431
73015,OK,580,2877
73016,OK,405,1850
73017,OK,405,1780
73018,OK,405,19936
73019,OK,405,0
73020,OK,405,20810
73021,OK,405,352
73024,OK,580,637
73025,OK,405,11579
73026,OK,405,10437
73027,OK,405,1493
73028,OK,405,3454
73029,OK,580,1818
73030,OK,580,4464
73032,OK,580,222
73033,OK,405,387
73034,OK,405,39872
73036,OK,405,18595
73038,OK,405,2032
73040,OK,405,1976
73041,OK,580,366
73042,OK,405,1073
73043,OK,580,125
73044,OK,405,20226
73045,OK,405,10378
73047,OK,405,4774
73048,OK,405,2020
73049,OK,405,5910
73050,OK,405,1370
73051,OK,405,10264
73052,OK,405,6315
73053,OK,405,745
73054,OK,405,4189
73055,OK,580,9942
73056,OK,580,441
73057,OK,405,2384
73058,OK,405,332
73059,OK,405,2924
73061,OK,580,1596
73062,OK,580,1396
73063,OK,405,691
73064,OK,405,20611
73065,OK,405,6546
73066,OK,405,417
73067,OK,405,2161
73068,OK,405,11707
73069,OK,405,23912
73071,OK,405,36711
73072,OK,405,42797
73073,OK,580,541
73074,OK,405,1190
73075,OK,405,9519
73077,OK,580,7135
73078,OK,405,7786
73079,OK,405,643
73080,OK,405,9276
73082,OK,580,2980
73084,OK,405,6518
73086,OK,580,8345
73089,OK,405,11522
73090,OK,405,1198
73092,OK,405,908
73093,OK,405,2612
73095,OK,405,1895
73096,OK,580,13037
73097,OK,405,187
73098,OK,405,4227
73099,OK,405,57492
73102,OK,405,3858
73103,OK,405,4315
73104,OK,405,1664
73105,OK,405,5210
73106,OK,405,13581
73107,OK,405,26561
73108,OK,405,15350
73109,OK,405,20594
73110,OK,405,32666
73111,OK,405,11781
73112,OK,405,30943
73114,OK,405,17422
73115,OK,405,20541
73116,OK,405,9241
73117,OK,405,5191
73118,OK,405,13571
73119,OK,405,31347
73120,OK,405,34824
73121,OK,405,3053
73122,OK,405,13164
73127,OK,405,24077
73128,OK,405,4200
73129,OK,405,20126
73130,OK,405,19439
73131,OK,405,3145
73132,OK,405,26432
73134,OK,405,4312
73135,OK,405,20529
73139,OK,405,17253
73141,OK,405,2727
73142,OK,405,10707
73145,OK,405,2859
73149,OK,405,4643
73150,OK,405,4609
73151,OK,405,1446
73159,OK,405,30350
73160,OK,405,53666
73162,OK,405,27758
73165,OK,405,5809
73169,OK,405,1782
73170,OK,405,35343
73173,OK,405,1299
73179,OK,405,3082
73401,OK,580,34927
73425,OK,580,84
73430,OK,580,1176
73432,OK,580,974
73433,OK,580,2761
73434,OK,580,699
73437,OK,580,107
73438,OK,580,3708
73439,OK,580,7400
73440,OK,580,398
73441,OK,580,165
73442,OK,580,428
73443,OK,580,3585
73444,OK,580,156
73446,OK,580,8042
73447,OK,580,1205
73448,OK,580,5784
73449,OK,580,2987
73450,OK,580,1248
73453,OK,580,661
73455,OK,580,673
73456,OK,580,2082
73458,OK,580,952
73459,OK,580,1132
73460,OK,580,4747
73461,OK,580,795
73463,OK,580,3501
73481,OK,580,978
73487,OK,580,232
73491,OK,580,721
73501,OK,580,20935
73503,OK,580,10996
73505,OK,580,49809
73507,OK,580,22847
73520,OK,580,149
73521,OK,580,21636
73526,OK,580,2133
73527,OK,580,5184
73528,OK,580,680
73529,OK,580,5344
73530,OK,580,442
73531,OK,580,401
73532,OK,580,600
73533,OK,580,28434
73537,OK,580,643
73538,OK,580,4675
73539,OK,580,218
73540,OK,580,439
73541,OK,580,3106
73542,OK,580,4659
73543,OK,580,1859
73544,OK,580,268
73546,OK,580,1232
73547,OK,580,2319
73548,OK,580,519
73549,OK,580,296
73550,OK,580,2512
73551,OK,405,65
73552,OK,580,1612
73553,OK,405,46
73554,OK,580,3614
73555,OK,580,214
73556,OK,580,166
73557,OK,580,427
73559,OK,580,540
73560,OK,580,829
73562,OK,580,772
73564,OK,580,551
73565,OK,580,1092
73566,OK,580,1674
73567,OK,580,860
73568,OK,580,1182
73569,OK,580,537
73570,OK,580,1128
73571,OK,580,87
73572,OK,580,3699
73573,OK,580,2551
73601,OK,580,10299
73620,OK,580,1194
73622,OK,580,266
73624,OK,580,2142
73625,OK,580,554
73626,OK,580,1136
73627,OK,580,628
73628,OK,580,1583
73632,OK,580,3433
73638,OK,580,142
73639,OK,580,602
73641,OK,580,762
73642,OK,580,187
73644,OK,580,14147
73645,OK,580,1538
73646,OK,580,384
73647,OK,580,519
73650,OK,580,1020
73651,OK,580,4268
73654,OK,580,866
73655,OK,580,864
73658,OK,580,260
73659,OK,580,160
73660,OK,580,430
73661,OK,580,420
73662,OK,580,6093
73663,OK,580,1332
73664,OK,580,1184
73666,OK,580,180
73667,OK,580,517
73669,OK,580,1675
73673,OK,580,319
73701,OK,580,24808
73703,OK,580,27951
73705,OK,580,267
73716,OK,580,510
73717,OK,580,6846
73718,OK,580,501
73719,OK,580,83
73720,OK,580,265
73722,OK,580,427
73724,OK,580,1190
73726,OK,580,472
73727,OK,580,267
73728,OK,580,1861
73729,OK,580,578
73730,OK,580,734
73731,OK,580,171
73733,OK,580,221
73734,OK,405,1067
73735,OK,580,684
73736,OK,580,356
73737,OK,580,3367
73738,OK,580,1134
73739,OK,580,369
73741,OK,580,1614
73742,OK,405,3824
73743,OK,580,122
73744,OK,405,267
73746,OK,580,37
73747,OK,580,285
73749,OK,580,448
73750,OK,405,7025
73753,OK,580,468
73754,OK,580,1078
73755,OK,580,905
73756,OK,405,352
73757,OK,580,178
73758,OK,580,197
73759,OK,580,1468
73760,OK,580,470
73761,OK,580,395
73762,OK,405,2156
73763,OK,580,1623
73764,OK,405,144
73766,OK,580,1096
73768,OK,580,1568
73771,OK,580,495
73772,OK,580,6119
73773,OK,580,1744
73801,OK,580,15228
73832,OK,580,929
73834,OK,580,1643
73835,OK,580,309
73838,OK,580,462
73840,OK,580,691
73841,OK,580,1482
73842,OK,580,494
73843,OK,580,883
73844,OK,580,269
73848,OK,580,2156
73851,OK,580,80
73852,OK,580,2051
73853,OK,580,379
73855,OK,580,106
73857,OK,580,623
73858,OK,580,1666
73859,OK,580,1459
73860,OK,580,1337
73901,OK,580,156
73931,OK,580,510
73932,OK,580,2092
73933,OK,580,1697
73937,OK,580,173
73938,OK,580,781
73939,OK,580,1695
73942,OK,580,12953
73944,OK,580,388
73945,OK,580,2889
73946,OK,580,45
73947,OK,580,472
73949,OK,580,1688
73950,OK,580,1736
73951,OK,580,1141
74001,OK,918,367
74002,OK,918,2333
74003,OK,918,14249
74006,OK,918,25750
74008,OK,918,22461
74010,OK,918,10501
74011,OK,918,25448
74012,OK,918,57526
74014,OK,918,34579
74015,OK,918,8064
74016,OK,918,6005
74017,OK,918,28057
74019,OK,405,17648
74020,OK,918,7294
74021,OK,918,17359
74022,OK,918,1760
74023,OK,918,11741
74026,OK,918,896
74027,OK,918,1015
74028,OK,918,1881
74029,OK,918,5128
74030,OK,918,3864
74032,OK,580,2219
74033,OK,918,10163
74034,OK,918,150
74035,OK,918,4565
74036,OK,918,6734
74037,OK,918,15159
74038,OK,918,2254
74039,OK,918,3770
74041,OK,918,2057
74042,OK,918,540
74044,OK,918,7406
74045,OK,918,311
74046,OK,405,115
74047,OK,918,7163
74048,OK,918,6092
74050,OK,405,323
74051,OK,918,1904
74052,OK,918,1180
74053,OK,918,4315
74054,OK,918,844
74055,OK,918,38680
74056,OK,918,5720
74058,OK,918,4259
74059,OK,405,5476
74060,OK,918,586
74061,OK,918,2095
74062,OK,405,1123
74063,OK,918,29808
74066,OK,918,31060
74068,OK,405,111
74070,OK,918,13928
74071,OK,405,180
74072,OK,918,1816
74073,OK,918,5118
74074,OK,405,29184
74075,OK,405,23866
74078,OK,405,2295
74079,OK,918,4504
74080,OK,918,2829
74081,OK,405,1837
74082,OK,405,107
74083,OK,918,1031
74084,OK,918,628
74085,OK,918,2588
74103,OK,918,2692
74104,OK,918,12724
74105,OK,918,26547
74106,OK,918,17648
74107,OK,918,19458
74108,OK,918,7490
74110,OK,918,14862
74112,OK,918,20684
74114,OK,918,15778
74115,OK,918,22941
74116,OK,918,3890
74117,OK,918,87
74119,OK,918,3561
74120,OK,918,4940
74126,OK,918,10598
74127,OK,918,17151
74128,OK,918,12676
74129,OK,918,18976
74130,OK,918,2065
74131,OK,918,2775
74132,OK,918,7543
74133,OK,918,43414
74134,OK,918,15083
74135,OK,918,20651
74136,OK,918,30703
74137,OK,918,25737
74145,OK,918,17402
74146,OK,918,15498
74301,OK,918,11840
74330,OK,918,2884
74331,OK,918,7258
74332,OK,918,1972
74333,OK,918,1221
74337,OK,918,5060
74338,OK,918,5480
74339,OK,918,2606
74340,OK,918,311
74342,OK,918,2927
74343,OK,918,3100
74344,OK,918,14412
74346,OK,918,7864
74347,OK,918,2593
74349,OK,918,318
74350,OK,918,862
74352,OK,918,6803
74354,OK,918,18126
74358,OK,918,270
74359,OK,918,656
74360,OK,918,31
74361,OK,918,16293
74363,OK,918,2892
74364,OK,918,1750
74365,OK,918,5110
74366,OK,918,1474
74367,OK,918,587
74368,OK,918,117
74369,OK,918,1803
74370,OK,918,3537
74401,OK,918,17476
74403,OK,918,30709
74421,OK,918,4607
74422,OK,918,824
74423,OK,918,872
74425,OK,918,1240
74426,OK,918,9891
74427,OK,918,1383
74428,OK,918,882
74429,OK,918,14445
74430,OK,918,588
74431,OK,918,918
74432,OK,918,9730
74434,OK,918,9067
74435,OK,918,3185
74436,OK,918,5078
74437,OK,918,10448
74438,OK,918,163
74441,OK,918,5362
74442,OK,918,920
74445,OK,918,3226
74446,OK,918,558
74447,OK,918,17275
74450,OK,918,1948
74451,OK,918,4283
74452,OK,918,473
74454,OK,918,3179
74455,OK,918,3158
74456,OK,405,247
74457,OK,918,608
74458,OK,405,147
74459,OK,405,86
74460,OK,918,283
74462,OK,918,7875
74463,OK,405,2033
74464,OK,918,30111
74467,OK,918,14995
74468,OK,918,263
74469,OK,918,2531
74470,OK,918,1693
74471,OK,405,1800
74472,OK,918,554
74477,OK,405,5
74501,OK,918,29073
74521,OK,918,217
74522,OK,405,344
74523,OK,580,6048
74525,OK,580,10112
74528,OK,918,174
74530,OK,580,214
74531,OK,405,1062
74533,OK,580,849
74534,OK,580,250
74535,OK,580,126
74536,OK,918,1760
74538,OK,580,4200
74540,OK,580,172
74543,OK,580,370
74546,OK,918,824
74547,OK,918,3463
74549,OK,918,76
74552,OK,918,1058
74553,OK,918,1384
74554,OK,918,1744
74555,OK,580,861
74556,OK,580,422
74557,OK,580,464
74558,OK,918,455
74560,OK,918,635
74561,OK,918,2175
74562,OK,580,937
74563,OK,918,2042
74565,OK,918,707
74567,OK,405,242
74569,OK,580,633
74570,OK,918,1089
74571,OK,918,3765
74572,OK,580,712
74574,OK,918,1080
74576,OK,918,210
74577,OK,918,271
74578,OK,918,6822
74601,OK,580,20257
74604,OK,580,12301
74630,OK,580,702
74631,OK,580,7709
74632,OK,580,578
74633,OK,918,471
74636,OK,580,268
74637,OK,918,1899
74640,OK,580,312
74641,OK,580,715
74643,OK,580,615
74644,OK,580,478
74646,OK,405,233
74647,OK,580,3765
74650,OK,918,693
74651,OK,580,743
74652,OK,918,897
74653,OK,580,3892
74701,OK,580,22365
74720,OK,580,608
74722,OK,580,286
74723,OK,580,1729
74724,OK,580,377
74726,OK,580,2398
74727,OK,580,2038
74728,OK,580,11343
74729,OK,580,2741
74730,OK,580,4259
74731,OK,580,1747
74733,OK,580,2853
74734,OK,580,1087
74735,OK,580,1549
74736,OK,580,1178
74738,OK,580,560
74740,OK,580,2288
74741,OK,580,972
74743,OK,580,8537
74745,OK,580,9912
74747,OK,580,153
74748,OK,580,642
74750,OK,580,364
74753,OK,580,52
74754,OK,580,385
74755,OK,580,83
74756,OK,580,870
74759,OK,580,1358
74760,OK,405,295
74761,OK,580,70
74764,OK,580,3473
74766,OK,580,1595
74801,OK,405,21657
74804,OK,405,19631
74820,OK,580,30802
74824,OK,918,1253
74825,OK,580,2170
74826,OK,405,1252
74827,OK,580,387
74829,OK,405,1521
74830,OK,405,229
74831,OK,405,923
74832,OK,405,936
74833,OK,918,703
74834,OK,405,7590
74836,OK,580,171
74837,OK,405,310
74839,OK,405,770
74840,OK,405,1924
74842,OK,580,135
74843,OK,580,340
74844,OK,405,371
74845,OK,918,494
74848,OK,405,8326
74849,OK,580,3132
74850,OK,918,283
74851,OK,405,9805
74852,OK,405,1347
74854,OK,405,1897
74855,OK,405,4639
74856,OK,580,782
74857,OK,405,9288
74859,OK,405,6221
74860,OK,405,1653
74864,OK,405,5274
74865,OK,580,1711
74867,OK,405,1045
74868,OK,405,13152
74869,OK,918,710
74871,OK,580,2415
74872,OK,580,3692
74873,OK,405,11821
74875,OK,918,1165
74878,OK,405,1565
74880,OK,405,2239
74881,OK,405,4509
74883,OK,405,2526
74884,OK,405,6024
74901,OK,918,1992
74902,OK,918,4095
74930,OK,918,2155
74931,OK,918,1411
74932,OK,918,2286
74935,OK,918,174
74936,OK,918,1153
74937,OK,918,5959
74939,OK,918,1455
74940,OK,918,2697
74941,OK,918,2713
74942,OK,918,193
74943,OK,405,112
74944,OK,918,1272
74945,OK,405,497
74946,OK,918,137
74948,OK,918,12788
74949,OK,918,308
74951,OK,918,1504
74953,OK,918,11632
74954,OK,918,4590
74955,OK,918,15344
74956,OK,918,1905
74957,OK,580,1170
74959,OK,918,6736
74960,OK,918,13643
74962,OK,918,5092
74963,OK,580,608
74964,OK,918,2834
74965,OK,918,5170
74966,OK,918,3719
75001,TX,972,12414
75002,TX,972,63140
75006,TX,972,46364
75007,TX,972,51624
75009,TX,972,8785
75010,TX,972,21607
75013,TX,972,30347
75019,TX,972,38666
75020,TX,903,21872
75021,TX,903,8036
75022,TX,972,22545
75023,TX,972,45452
75024,TX,972,36039
75025,TX,972,50926
75028,TX,972,42226
75032,TX,469,27986
75034,TX,972,48749
75035,TX,972,47553
75038,TX,972,27802
75039,TX,972,11032
75040,TX,972,59406
75041,TX,972,30700
75042,TX,972,37881
75043,TX,972,58094
75044,TX,972,40811
75048,TX,972,20328
75050,TX,214,41041
75051,TX,972,39285
75052,TX,214,94636
75054,TX,713,5053
75056,TX,972,47852
75057,TX,972,12900
75058,TX,903,2982
75060,TX,972,45980
75061,TX,972,53442
75062,TX,972,44537
75063,TX,972,35090
75065,TX,940,10748
75067,TX,972,60982
75068,TX,972,34934
75069,TX,972,34108
75070,TX,972,57516
75071,TX,972,36090
75074,TX,972,44622
75075,TX,972,33262
75076,TX,903,7378
75077,TX,972,35330
75078,TX,972,10592
75080,TX,972,44009
75081,TX,972,34156
75082,TX,972,21182
75087,TX,972,28145
75088,TX,972,24712
75089,TX,972,30251
75090,TX,903,23724
75092,TX,903,22839
75093,TX,972,47187
75094,TX,972,20579
75098,TX,972,48197
75101,TX,972,646
75102,TX,903,1322
75103,TX,903,12851
75104,TX,972,45373
75105,TX,903,301
75109,TX,903,3658
75110,TX,903,28132
75114,TX,469,4660
75115,TX,972,48877
75116,TX,972,19669
75117,TX,903,3722
75119,TX,972,26601
75124,TX,903,4446
75125,TX,972,6691
75126,TX,972,33396
75127,TX,903,1593
75132,TX,713,294
75134,TX,972,20276
75135,TX,903,5910
75137,TX,972,18861
75140,TX,903,6958
75141,TX,972,5374
75142,TX,972,18982
75143,TX,903,14619
75144,TX,903,3291
75146,TX,972,17993
75147,TX,903,6602
75148,TX,430,5842
75149,TX,972,56065
75150,TX,972,58730
75152,TX,972,4606
75153,TX,903,605
75154,TX,972,36041
75155,TX,903,2579
75156,TX,903,14580
75157,TX,972,310
75158,TX,972,4139
75159,TX,972,18339
75160,TX,972,23627
75161,TX,972,6165
75163,TX,430,2285
75164,TX,972,671
75165,TX,972,37966
75166,TX,972,3070
75167,TX,972,8436
75169,TX,903,14644
75172,TX,972,3956
75173,TX,972,4353
75180,TX,972,23031
75181,TX,972,25908
75182,TX,972,5118
75189,TX,972,22406
75201,TX,214,9409
75202,TX,214,1666
75203,TX,214,15721
75204,TX,214,26279
75205,TX,214,23061
75206,TX,214,36248
75207,TX,214,9648
75208,TX,214,30171
75209,TX,214,13653
75210,TX,214,7482
75211,TX,214,73948
75212,TX,214,24884
75214,TX,214,32950
75215,TX,214,14648
75216,TX,214,49416
75217,TX,214,87154
75218,TX,214,21665
75219,TX,214,22124
75220,TX,214,41891
75223,TX,214,13947
75224,TX,214,34034
75225,TX,214,20892
75226,TX,214,3506
75227,TX,214,55029
75228,TX,214,68472
75229,TX,214,31571
75230,TX,214,26934
75231,TX,214,37052
75232,TX,214,28682
75233,TX,214,14043
75234,TX,972,28794
75235,TX,214,17177
75236,TX,214,15949
75237,TX,214,17101
75238,TX,214,30483
75240,TX,972,24296
75241,TX,214,27066
75243,TX,972,55406
75244,TX,972,13266
75246,TX,214,2770
75247,TX,214,468
75248,TX,972,33395
75249,TX,972,13373
75251,TX,972,2331
75252,TX,972,24112
75253,TX,972,18450
75254,TX,972,23253
75270,TX,214,0
75287,TX,972,49004
75390,TX,214,0
75401,TX,903,18552
75402,TX,903,15920
75407,TX,972,14120
75409,TX,972,11831
75410,TX,903,4334
75411,TX,903,1118
75412,TX,903,778
75413,TX,713,305
75414,TX,903,3136
75415,TX,903,144
75416,TX,903,2893
75417,TX,903,2456
75418,TX,903,14411
75420,TX,903,1076
75421,TX,903,1003
75422,TX,903,2883
75423,TX,903,2982
75424,TX,972,3297
75426,TX,903,5301
75428,TX,903,10089
75431,TX,903,2052
75432,TX,903,3323
75433,TX,903,2773
75435,TX,903,1185
75436,TX,903,1876
75437,TX,903,1078
75438,TX,903,972
75439,TX,903,868
75440,TX,903,6350
75441,TX,713,142
75442,TX,972,8858
75446,TX,903,3180
75447,TX,903,1080
75448,TX,903,655
75449,TX,903,1186
75450,TX,903,331
75451,TX,903,1211
75452,TX,903,4090
75453,TX,903,3255
75454,TX,469,5699
75455,TX,903,28293
75457,TX,903,6522
75459,TX,903,4326
75460,TX,903,23592
75462,TX,903,11350
75468,TX,903,888
75469,TX,903,371
75470,TX,903,288
75471,TX,903,1424
75472,TX,903,3548
75473,TX,903,3855
75474,TX,903,14882
75475,TX,713,129
75476,TX,903,1304
75477,TX,903,977
75478,TX,903,932
75479,TX,903,1849
75480,TX,903,1646
75481,TX,903,395
75482,TX,903,24385
75486,TX,713,2346
75487,TX,903,1541
75488,TX,903,1161
75489,TX,903,993
75490,TX,903,2211
75491,TX,903,4801
75492,TX,903,516
75493,TX,903,611
75494,TX,903,10862
75495,TX,903,7095
75496,TX,903,3351
75497,TX,903,3350
75501,TX,903,36298
75503,TX,903,24379
75550,TX,903,808
75551,TX,903,11007
75554,TX,903,1806
75555,TX,903,1611
75556,TX,903,1133
75558,TX,903,1636
75559,TX,903,5568
75560,TX,903,1088
75561,TX,903,5395
75562,TX,713,176
75563,TX,903,4282
75565,TX,903,361
75566,TX,903,782
75567,TX,903,4225
75568,TX,903,2876
75569,TX,903,2874
75570,TX,903,11518
75571,TX,903,2846
75572,TX,903,3491
75573,TX,903,181
75574,TX,903,1868
75601,TX,903,15849
75602,TX,903,23286
75603,TX,903,5456
75604,TX,903,29934
75605,TX,903,27823
75630,TX,903,2588
75631,TX,903,2787
75633,TX,903,13977
75638,TX,903,6036
75639,TX,903,3460
75640,TX,903,4652
75641,TX,713,223
75642,TX,903,229
75643,TX,903,2074
75644,TX,903,11444
75645,TX,903,9778
75647,TX,903,13196
75650,TX,903,8611
75651,TX,903,2189
75652,TX,903,16638
75654,TX,903,12417
75656,TX,903,4804
75657,TX,903,8246
75661,TX,903,2807
75662,TX,903,24536
75667,TX,430,1021
75668,TX,903,1993
75669,TX,430,606
75670,TX,903,17290
75672,TX,903,17097
75681,TX,903,2562
75682,TX,903,473
75683,TX,903,3914
75684,TX,903,7548
75686,TX,903,12985
75691,TX,903,4219
75692,TX,903,5098
75693,TX,903,6869
75701,TX,903,34373
75702,TX,903,27069
75703,TX,903,37166
75704,TX,903,8684
75705,TX,903,2168
75706,TX,903,8771
75707,TX,903,13711
75708,TX,903,7156
75709,TX,903,5062
75750,TX,903,3937
75751,TX,903,17253
75752,TX,903,6986
75754,TX,903,5783
75755,TX,903,5719
75756,TX,903,4002
75757,TX,903,10022
75758,TX,903,9072
75759,TX,713,141
75760,TX,936,2614
75762,TX,903,12466
75763,TX,903,6005
75764,TX,903,233
75765,TX,903,7607
75766,TX,903,26388
75770,TX,903,2776
75771,TX,903,18361
75773,TX,903,12791
75778,TX,903,3254
75779,TX,903,122
75780,TX,903,312
75783,TX,903,7219
75784,TX,936,658
75785,TX,903,11263
75788,TX,936,126
75789,TX,903,7593
75790,TX,903,4203
75791,TX,903,13125
75792,TX,903,3518
75801,TX,903,16799
75803,TX,903,22397
75831,TX,903,5386
75832,TX,903,66
75833,TX,903,3324
75835,TX,936,12012
75838,TX,254,666
75839,TX,903,5069
75840,TX,903,7076
75844,TX,936,5718
75845,TX,936,3259
75846,TX,903,2718
75847,TX,936,1859
75848,TX,903,92
75849,TX,936,75
75850,TX,903,671
75851,TX,936,5050
75852,TX,936,3762
75853,TX,903,963
75855,TX,903,2369
75856,TX,936,196
75858,TX,936,43
75859,TX,903,1923
75860,TX,254,6644
75861,TX,430,9017
75862,TX,936,10091
75901,TX,936,29036
75904,TX,936,34004
75925,TX,936,4179
75926,TX,936,1070
75928,TX,409,1411
75929,TX,936,1599
75930,TX,409,2023
75931,TX,409,2631
75932,TX,409,1437
75933,TX,409,1599
75934,TX,936,99
75935,TX,936,13685
75936,TX,936,889
75937,TX,936,994
75938,TX,409,2608
75939,TX,936,3992
75941,TX,936,9105
75942,TX,409,115
75943,TX,936,1262
75944,TX,936,1301
75946,TX,936,3578
75948,TX,409,6281
75949,TX,936,7976
75951,TX,409,16134
75954,TX,936,3280
75956,TX,409,7623
75959,TX,409,923
75960,TX,936,913
75961,TX,936,14910
75962,TX,936,3029
75964,TX,936,20097
75965,TX,936,17591
75966,TX,409,5371
75968,TX,409,1766
75969,TX,936,4116
75972,TX,936,6620
75973,TX,936,2599
75974,TX,936,3126
75975,TX,936,3699
75976,TX,936,827
75977,TX,713,750
75978,TX,713,144
75979,TX,409,11423
75980,TX,936,2836
76001,TX,817,30460
76002,TX,817,30269
76006,TX,817,22639
76008,TX,817,13602
76009,TX,817,19759
76010,TX,817,55706
76011,TX,817,21594
76012,TX,817,25689
76013,TX,817,30680
76014,TX,817,34072
76015,TX,817,16658
76016,TX,817,30852
76017,TX,817,44724
76018,TX,817,26938
76020,TX,817,27270
76021,TX,817,33673
76022,TX,817,13212
76023,TX,940,5832
76028,TX,817,59744
76031,TX,817,17759
76033,TX,817,24819
76034,TX,817,22748
76035,TX,817,1622
76036,TX,817,22352
76039,TX,817,32925
76040,TX,817,27524
76041,TX,972,434
76043,TX,254,7071
76044,TX,817,3866
76048,TX,817,21989
76049,TX,817,25130
76050,TX,817,5875
76051,TX,817,46320
76052,TX,817,15995
76053,TX,817,28421
76054,TX,817,11764
76055,TX,254,3084
76058,TX,817,17123
76059,TX,817,4881
76060,TX,817,6764
76061,TX,713,152
76063,TX,817,61361
76064,TX,469,1883
76065,TX,972,28986
76066,TX,817,3142
76067,TX,940,22117
76070,TX,713,752
76071,TX,817,3320
76073,TX,940,5327
76077,TX,254,590
76078,TX,817,8572
76082,TX,817,17748
76084,TX,972,8327
76085,TX,817,8787
76086,TX,817,20196
76087,TX,817,24746
76088,TX,817,11499
76092,TX,817,26669
76093,TX,817,2095
76102,TX,817,8111
76103,TX,817,14572
76104,TX,817,17446
76105,TX,817,22194
76106,TX,817,35389
76107,TX,817,25917
76108,TX,817,38227
76109,TX,817,21710
76110,TX,817,30434
76111,TX,817,21685
76112,TX,817,38993
76114,TX,817,24741
76115,TX,817,20696
76116,TX,817,46746
76117,TX,817,30645
76118,TX,817,13866
76119,TX,817,42761
76120,TX,817,15283
76123,TX,817,29722
76126,TX,817,19395
76127,TX,817,2003
76129,TX,817,2833
76131,TX,817,28374
76132,TX,817,24709
76133,TX,817,48394
76134,TX,817,23704
76135,TX,817,20684
76137,TX,817,54911
76140,TX,817,26340
76148,TX,817,23331
76155,TX,817,3115
76164,TX,713,16748
76177,TX,817,4891
76179,TX,817,48058
76180,TX,817,33444
76182,TX,817,28209
76201,TX,940,27107
76205,TX,940,18510
76207,TX,940,10579
76208,TX,940,19782
76209,TX,940,24018
76210,TX,940,39556
76225,TX,940,3156
76226,TX,940,18419
76227,TX,940,22141
76228,TX,940,1119
76230,TX,940,9711
76233,TX,903,3235
76234,TX,940,15587
76238,TX,940,431
76239,TX,940,1087
76240,TX,940,26120
76244,TX,817,60388
76245,TX,903,1780
76247,TX,940,13098
76248,TX,817,34647
76249,TX,940,7194
76250,TX,940,937
76251,TX,940,731
76252,TX,940,2863
76253,TX,940,230
76255,TX,940,5411
76258,TX,940,6659
76259,TX,940,4618
76261,TX,940,233
76262,TX,817,27648
76263,TX,940,44
76264,TX,903,1412
76265,TX,940,1893
76266,TX,940,13495
76268,TX,713,250
76270,TX,940,1853
76271,TX,940,1352
76272,TX,940,4745
76273,TX,903,9135
76301,TX,940,16540
76302,TX,940,13206
76305,TX,940,4746
76306,TX,940,15991
76308,TX,940,19677
76309,TX,940,13862
76310,TX,940,17989
76311,TX,940,7535
76351,TX,940,2035
76354,TX,940,11270
76357,TX,940,712
76360,TX,940,3502
76363,TX,940,256
76364,TX,940,193
76365,TX,940,4831
76366,TX,940,2317
76367,TX,940,13045
76370,TX,940,299
76371,TX,940,1606
76372,TX,940,974
76373,TX,940,162
76374,TX,940,4162
76377,TX,940,802
76379,TX,940,591
76380,TX,940,3820
76384,TX,940,12991
76388,TX,940,203
76389,TX,940,1329
76401,TX,254,25702
76402,TX,713,847
76424,TX,254,8992
76426,TX,940,11302
76427,TX,940,804
76429,TX,713,258
76430,TX,325,2532
76431,TX,940,3384
76432,TX,254,1370
76433,TX,254,1416
76435,TX,254,612
76436,TX,254,212
76437,TX,254,5721
76442,TX,254,7545
76443,TX,254,1897
76444,TX,254,3635
76445,TX,254,407
76446,TX,254,9000
76448,TX,254,5628
76449,TX,940,2434
76450,TX,940,13258
76452,TX,713,75
76453,TX,254,1125
76454,TX,254,1688
76455,TX,325,1014
76457,TX,254,3960
76458,TX,940,6261
76459,TX,940,146
76460,TX,940,421
76462,TX,254,2982
76463,TX,254,481
76464,TX,325,506
76466,TX,254,332
76469,TX,713,96
76470,TX,254,3238
76471,TX,254,1906
76472,TX,817,1499
76474,TX,254,281
76475,TX,254,977
76476,TX,254,2637
76481,TX,940,208
76483,TX,940,1063
76484,TX,940,1147
76486,TX,940,1375
76487,TX,817,2507
76490,TX,940,91
76491,TX,940,459
76501,TX,254,16897
76502,TX,254,31545
76504,TX,254,24268
76508,TX,254,0
76511,TX,254,3317
76513,TX,254,34172
76518,TX,254,1581
76519,TX,254,626
76520,TX,254,8413
76522,TX,254,35534
76523,TX,254,18
76524,TX,254,2867
76525,TX,254,1062
76527,TX,254,4058
76528,TX,254,16974
76530,TX,512,2540
76531,TX,254,4978
76534,TX,254,2615
76537,TX,512,3870
76538,TX,254,761
76539,TX,254,7841
76541,TX,254,19206
76542,TX,254,40025
76543,TX,254,30430
76544,TX,254,29943
76548,TX,254,26344
76549,TX,254,44490
76550,TX,512,11586
76554,TX,254,2104
76556,TX,512,1461
76557,TX,254,5178
76559,TX,254,5051
76561,TX,254,962
76565,TX,254,74
76566,TX,254,258
76567,TX,512,8984
76569,TX,254,2498
76570,TX,254,2572
76571,TX,254,6790
76573,TX,254,26
76574,TX,512,17661
76577,TX,512,3046
76578,TX,512,1766
76579,TX,254,4258
76596,TX,713,1274
76597,TX,713,2882
76598,TX,713,523
76599,TX,713,1956
76621,TX,254,1037
76622,TX,254,1015
76623,TX,972,242
76624,TX,254,2231
76626,TX,903,1563
76627,TX,254,1601
76628,TX,254,111
76629,TX,254,1989
76630,TX,254,1840
76631,TX,254,522
76632,TX,254,1778
76633,TX,254,4973
76634,TX,254,7093
76635,TX,254,1341
76636,TX,254,1497
76637,TX,254,536
76638,TX,254,2837
76639,TX,254,1584
76640,TX,254,3005
76641,TX,254,1674
76642,TX,254,7057
76643,TX,254,13554
76645,TX,254,11039
76648,TX,254,2302
76649,TX,254,790
76650,TX,254,104
76651,TX,469,3300
76652,TX,254,1087
76653,TX,254,1082
76654,TX,254,151
76655,TX,254,7831
76656,TX,254,2276
76657,TX,254,9307
76660,TX,254,506
76661,TX,254,8708
76664,TX,254,3514
76665,TX,254,2526
76666,TX,903,244
76667,TX,254,11313
76670,TX,469,1377
76671,TX,254,1777
76673,TX,254,1187
76676,TX,254,413
76678,TX,254,263
76679,TX,254,1432
76680,TX,254,190
76681,TX,903,873
76682,TX,254,2660
76685,TX,254,108
76686,TX,254,285
76687,TX,254,1466
76689,TX,254,3996
76690,TX,254,1197
76691,TX,254,6454
76692,TX,254,10115
76693,TX,254,1651
76701,TX,254,1826
76704,TX,254,8007
76705,TX,254,29155
76706,TX,254,35015
76707,TX,254,16697
76708,TX,254,24476
76710,TX,254,22686
76711,TX,254,9042
76712,TX,254,23506
76798,TX,254,1862
76801,TX,713,25552
76802,TX,325,5075
76820,TX,713,125
76821,TX,325,4869
76823,TX,325,2945
76824,TX,713,35
76825,TX,325,7091
76827,TX,713,433
76828,TX,325,199
76831,TX,713,63
76832,TX,325,559
76834,TX,325,5908
76836,TX,713,41
76837,TX,325,3188
76841,TX,713,61
76842,TX,325,191
76844,TX,325,3550
76845,TX,325,178
76848,TX,325,78
76849,TX,325,3944
76852,TX,325,212
76853,TX,512,1622
76854,TX,325,401
76856,TX,325,3582
76857,TX,254,1791
76858,TX,325,254
76859,TX,325,1982
76861,TX,325,1995
76862,TX,325,198
76864,TX,325,890
76865,TX,325,160
76866,TX,325,623
76869,TX,325,125
76870,TX,325,251
76871,TX,325,784
76872,TX,325,717
76873,TX,325,55
76874,TX,713,68
76875,TX,325,668
76877,TX,325,4558
76878,TX,325,1685
76882,TX,325,252
76884,TX,713,172
76885,TX,713,154
76887,TX,325,126
76888,TX,325,110
76890,TX,254,940
76901,TX,325,27969
76903,TX,325,31905
76904,TX,325,32718
76905,TX,325,11335
76908,TX,713,1951
76930,TX,325,156
76932,TX,325,3390
76933,TX,325,1365
76934,TX,325,1296
76935,TX,325,1606
76936,TX,325,3377
76937,TX,325,37
76939,TX,713,51
76940,TX,713,176
76941,TX,325,1348
76943,TX,325,3693
76945,TX,325,1665
76949,TX,713,7
76950,TX,325,4180
76951,TX,325,1143
76953,TX,713,74
76955,TX,713,133
76957,TX,713,59
76958,TX,713,310
77002,TX,713,16793
77003,TX,713,10508
77004,TX,713,32692
77005,TX,713,25528
77006,TX,713,19664
77007,TX,713,30853
77008,TX,713,30482
77009,TX,713,38094
77010,TX,832,366
77011,TX,713,19547
77012,TX,713,20719
77013,TX,713,17602
77014,TX,281,28684
77015,TX,281,53621
77016,TX,713,26989
77017,TX,713,32561
77018,TX,713,25563
77019,TX,713,18944
77020,TX,713,25464
77021,TX,713,26042
77022,TX,713,29557
77023,TX,713,28998
77024,TX,713,34775
77025,TX,713,26137
77026,TX,713,23940
77027,TX,713,14331
77028,TX,713,16808
77029,TX,713,17814
77030,TX,713,10258
77031,TX,713,15762
77032,TX,281,12757
77033,TX,713,27965
77034,TX,713,33678
77035,TX,713,35896
77036,TX,713,72278
77037,TX,281,19819
77038,TX,281,26713
77039,TX,281,27562
77040,TX,713,45081
77041,TX,713,37146
77042,TX,713,36385
77043,TX,713,23358
77044,TX,281,30949
77045,TX,713,31255
77046,TX,713,1196
77047,TX,713,21077
77048,TX,713,15294
77049,TX,281,28521
77050,TX,281,4611
77051,TX,713,15085
77053,TX,713,28954
77054,TX,713,22290
77055,TX,713,41989
77056,TX,713,18673
77057,TX,713,39208
77058,TX,281,16406
77059,TX,281,16949
77060,TX,281,40830
77061,TX,713,24457
77062,TX,281,25152
77063,TX,713,34299
77064,TX,281,45847
77065,TX,281,35326
77066,TX,281,31366
77067,TX,281,30559
77068,TX,281,10064
77069,TX,281,16541
77070,TX,281,46017
77071,TX,713,25671
77072,TX,281,56526
77073,TX,281,34790
77074,TX,713,37267
77075,TX,713,37388
77076,TX,713,33803
77077,TX,281,52151
77078,TX,713,14777
77079,TX,281,31280
77080,TX,713,45275
77081,TX,713,47860
77082,TX,281,49900
77083,TX,281,75004
77084,TX,281,108557
77085,TX,713,16074
77086,TX,281,28009
77087,TX,713,36399
77088,TX,281,49660
77089,TX,281,48685
77090,TX,281,32930
77091,TX,713,23472
77092,TX,713,33745
77093,TX,713,46929
77094,TX,281,8498
77095,TX,281,69644
77096,TX,713,32628
77098,TX,713,13076
77099,TX,281,47091
77201,TX,832,0
77301,TX,936,30769
77302,TX,936,18118
77303,TX,936,16710
77304,TX,936,21314
77306,TX,936,11931
77316,TX,936,16036
77318,TX,936,14281
77320,TX,936,33678
77326,TX,713,69
77327,TX,281,20160
77328,TX,281,13993
77331,TX,936,6824
77334,TX,713,141
77335,TX,936,2350
77336,TX,281,12471
77338,TX,281,33971
77339,TX,281,37512
77340,TX,936,29809
77342,TX,713,23
77345,TX,281,26122
77346,TX,281,53578
77350,TX,936,66
77351,TX,936,32517
77354,TX,281,30215
77355,TX,281,24010
77356,TX,936,24498
77357,TX,281,19987
77358,TX,936,4993
77359,TX,936,721
77360,TX,936,5280
77362,TX,281,4600
77363,TX,936,3269
77364,TX,936,2223
77365,TX,281,25769
77367,TX,936,143
77368,TX,713,152
77369,TX,936,1018
77371,TX,281,7665
77372,TX,281,12164
77373,TX,281,54609
77374,TX,409,510
77375,TX,281,39351
77376,TX,936,617
77377,TX,281,28708
77378,TX,936,14685
77379,TX,281,83247
77380,TX,281,23136
77381,TX,281,34961
77382,TX,281,35369
77384,TX,936,11857
77385,TX,281,19534
77386,TX,281,36407
77388,TX,281,40384
77389,TX,281,21255
77396,TX,281,43317
77401,TX,713,17491
77406,TX,713,33682
77407,TX,713,28595
77412,TX,979,106
77414,TX,979,23047
77415,TX,713,46
77417,TX,979,2457
77418,TX,979,9585
77419,TX,361,1512
77420,TX,979,2205
77422,TX,979,13933
77423,TX,281,9483
77426,TX,979,2100
77428,TX,713,61
77429,TX,281,90790
77430,TX,979,2283
77432,TX,979,173
77433,TX,281,50539
77434,TX,979,4816
77435,TX,979,4539
77436,TX,979,73
77437,TX,979,17054
77440,TX,361,37
77441,TX,281,4809
77442,TX,979,1137
77443,TX,979,84
77444,TX,979,784
77445,TX,979,11977
77446,TX,936,5217
77447,TX,281,11872
77448,TX,979,341
77449,TX,281,122098
77450,TX,281,72651
77451,TX,979,77
77453,TX,713,301
77454,TX,979,217
77455,TX,361,2045
77456,TX,979,1303
77457,TX,979,651
77458,TX,361,468
77459,TX,281,56274
77460,TX,979,73
77461,TX,979,10679
77464,TX,713,221
77465,TX,361,7161
77466,TX,713,690
77467,TX,713,57
77468,TX,979,131
77469,TX,281,35321
77470,TX,979,338
77471,TX,281,35241
77473,TX,713,97
77474,TX,979,12782
77475,TX,979,773
77476,TX,281,313
77477,TX,281,35897
77478,TX,281,24739
77479,TX,281,91618
77480,TX,979,8097
77481,TX,713,35
77482,TX,979,2307
77483,TX,979,311
77484,TX,936,11068
77485,TX,979,4054
77486,TX,979,6851
77488,TX,979,14148
77489,TX,281,35554
77493,TX,281,23104
77494,TX,281,61600
77498,TX,713,49906
77502,TX,713,37995
77503,TX,281,24251
77504,TX,713,24529
77505,TX,281,23223
77506,TX,713,35977
77507,TX,281,0
77510,TX,409,13731
77511,TX,281,46627
77514,TX,409,4942
77515,TX,979,30309
77517,TX,409,5315
77518,TX,281,8673
77519,TX,936,1191
77520,TX,281,36489
77521,TX,281,49507
77523,TX,713,17031
77530,TX,281,31086
77531,TX,979,15639
77532,TX,281,26236
77533,TX,936,1022
77534,TX,214,2863
77535,TX,936,31295
77536,TX,281,30690
77538,TX,936,934
77539,TX,281,38806
77541,TX,979,17412
77545,TX,281,19431
77546,TX,281,47636
77547,TX,713,9735
77550,TX,409,23043
77551,TX,409,17753
77554,TX,409,8863
77560,TX,409,1005
77561,TX,936,53
77562,TX,281,10459
77563,TX,409,9103
77564,TX,936,1988
77565,TX,281,5790
77566,TX,979,28739
77568,TX,409,14308
77571,TX,281,35666
77573,TX,281,95704
77575,TX,936,15949
77577,TX,281,1368
77578,TX,281,12672
77580,TX,281,312
77581,TX,281,42383
77583,TX,281,28531
77584,TX,281,90364
77585,TX,936,1014
77586,TX,281,20970
77587,TX,713,16568
77590,TX,409,30374
77591,TX,409,13131
77597,TX,281,777
77598,TX,281,23059
77611,TX,409,8219
77612,TX,409,8901
77613,TX,409,1218
77614,TX,409,603
77615,TX,409,1012
77616,TX,409,1136
77617,TX,409,73
77619,TX,409,16147
77622,TX,409,1390
77623,TX,409,448
77624,TX,409,856
77625,TX,409,8489
77627,TX,409,21454
77629,TX,409,877
77630,TX,409,26796
77632,TX,409,22776
77640,TX,409,16875
77642,TX,409,37111
77650,TX,409,1896
77651,TX,409,13043
77655,TX,409,356
77656,TX,409,17110
77657,TX,409,20003
77659,TX,409,4910
77660,TX,409,1437
77661,TX,409,962
77662,TX,409,27035
77663,TX,409,1353
77664,TX,409,2681
77665,TX,409,6446
77701,TX,409,14674
77702,TX,409,2893
77703,TX,409,15006
77705,TX,409,40475
77706,TX,409,28258
77707,TX,409,17080
77708,TX,409,11518
77713,TX,409,12788
77801,TX,979,15449
77802,TX,979,23288
77803,TX,979,30252
77807,TX,979,9699
77808,TX,979,10634
77830,TX,936,2534
77831,TX,936,3426
77833,TX,979,27492
77835,TX,979,2351
77836,TX,979,11896
77837,TX,979,1587
77840,TX,979,56171
77845,TX,979,48938
77853,TX,979,953
77855,TX,936,238
77856,TX,979,5096
77857,TX,713,757
77859,TX,979,6981
77861,TX,936,2506
77864,TX,936,7647
77865,TX,903,1798
77867,TX,713,105
77868,TX,936,15511
77871,TX,936,3368
77872,TX,936,1716
77873,TX,936,1292
77876,TX,936,197
77878,TX,979,475
77879,TX,979,4670
77880,TX,979,1879
77901,TX,361,41548
77904,TX,361,25002
77905,TX,361,13981
77950,TX,361,197
77951,TX,361,2616
77954,TX,361,11506
77957,TX,361,8187
77960,TX,713,121
77961,TX,361,183
77962,TX,361,3286
77963,TX,361,5459
77964,TX,361,7569
77968,TX,361,2774
77969,TX,361,154
77970,TX,361,295
77971,TX,361,911
77973,TX,713,50
77974,TX,361,455
77975,TX,361,1860
77976,TX,361,126
77977,TX,361,718
77978,TX,361,743
77979,TX,361,17144
77982,TX,361,1253
77983,TX,361,2209
77984,TX,361,4295
77987,TX,361,161
77988,TX,713,326
77990,TX,361,699
77991,TX,361,357
77993,TX,361,148
77994,TX,361,321
77995,TX,361,9567
78001,TX,830,33
78002,TX,210,8255
78003,TX,830,8689
78004,TX,830,1183
78005,TX,830,817
78006,TX,830,27558
78007,TX,713,151
78008,TX,830,345
78009,TX,830,7255
78010,TX,830,3386
78011,TX,830,2082
78012,TX,830,436
78013,TX,830,5930
78014,TX,830,4987
78015,TX,830,9602
78016,TX,830,9630
78017,TX,830,4787
78019,TX,956,1855
78021,TX,830,126
78022,TX,361,4627
78023,TX,210,24334
78024,TX,830,1436
78025,TX,830,4956
78026,TX,830,5861
78027,TX,830,459
78028,TX,830,37620
78029,TX,830,0
78039,TX,830,1657
78040,TX,956,42083
78041,TX,956,44153
78043,TX,956,42713
78044,TX,956,648
78045,TX,956,54713
78046,TX,956,64548
78050,TX,830,767
78052,TX,830,6388
78055,TX,830,1774
78056,TX,830,1917
78057,TX,830,871
78058,TX,830,1256
78059,TX,830,5387
78060,TX,361,37
78061,TX,830,11031
78063,TX,830,9227
78064,TX,830,14102
78065,TX,830,10831
78066,TX,830,591
78067,TX,956,916
78069,TX,830,5137
78070,TX,830,14618
78071,TX,361,4248
78072,TX,361,505
78073,TX,210,8171
78075,TX,361,123
78076,TX,956,12612
78101,TX,830,7898
78102,TX,361,27593
78104,TX,713,175
78107,TX,361,360
78108,TX,210,27770
78109,TX,210,34603
78112,TX,210,7941
78113,TX,830,2435
78114,TX,830,20103
78116,TX,830,390
78117,TX,830,545
78118,TX,830,3976
78119,TX,830,7680
78121,TX,830,11381
78122,TX,830,418
78123,TX,830,2397
78124,TX,830,5609
78125,TX,713,96
78130,TX,830,59546
78132,TX,830,19139
78133,TX,830,16269
78140,TX,830,3380
78141,TX,361,596
78142,TX,713,119
78143,TX,713,85
78144,TX,830,45
78145,TX,361,103
78146,TX,361,771
78147,TX,830,1919
78148,TX,210,20139
78150,TX,210,11
78151,TX,830,1347
78152,TX,210,2294
78154,TX,210,30347
78155,TX,830,45341
78159,TX,830,1023
78160,TX,830,4273
78161,TX,830,864
78162,TX,361,375
78163,TX,830,9838
78164,TX,361,3796
78201,TX,210,45307
78202,TX,210,11691
78203,TX,210,6099
78204,TX,210,11125
78205,TX,210,1453
78207,TX,210,55514
78208,TX,210,3736
78209,TX,210,39197
78210,TX,210,36865
78211,TX,210,31944
78212,TX,210,28415
78213,TX,210,40396
78214,TX,210,23341
78215,TX,210,1150
78216,TX,210,40267
78217,TX,210,32165
78218,TX,210,31917
78219,TX,210,15225
78220,TX,210,15965
78221,TX,210,35990
78222,TX,210,19408
78223,TX,210,50637
78224,TX,210,17601
78225,TX,210,13025
78226,TX,210,6648
78227,TX,210,46077
78228,TX,210,58811
78229,TX,210,28804
78230,TX,210,39089
78231,TX,210,7906
78232,TX,210,35120
78233,TX,210,43710
78234,TX,210,7126
78235,TX,210,357
78236,TX,210,10392
78237,TX,210,36929
78238,TX,210,23514
78239,TX,210,28736
78240,TX,210,51111
78242,TX,210,31395
78243,TX,713,235
78244,TX,210,30757
78245,TX,210,56511
78247,TX,210,49176
78248,TX,210,13638
78249,TX,210,49951
78250,TX,210,54903
78251,TX,210,49435
78252,TX,210,7372
78253,TX,210,29007
78254,TX,210,44817
78255,TX,210,10826
78256,TX,210,6855
78257,TX,210,3950
78258,TX,210,40586
78259,TX,210,22660
78260,TX,210,24844
78261,TX,830,13513
78263,TX,210,4673
78264,TX,210,12339
78266,TX,210,5591
78330,TX,361,878
78332,TX,361,28710
78335,TX,361,4
78336,TX,361,11949
78338,TX,713,37
78339,TX,361,632
78340,TX,361,379
78341,TX,361,1760
78342,TX,713,386
78343,TX,361,4525
78344,TX,361,474
78349,TX,361,505
78351,TX,713,621
78352,TX,361,179
78353,TX,361,433
78355,TX,361,7081
78357,TX,361,3161
78358,TX,361,709
78359,TX,361,1944
78361,TX,361,5350
78362,TX,361,9447
78363,TX,361,30463
78368,TX,361,9227
78369,TX,361,444
78370,TX,361,4877
78371,TX,361,404
78372,TX,361,5452
78373,TX,361,3585
78374,TX,361,16620
78375,TX,361,3352
78376,TX,361,554
78377,TX,361,3821
78379,TX,361,1585
78380,TX,361,23141
78382,TX,361,19364
78383,TX,361,3539
78384,TX,361,6640
78385,TX,361,277
78387,TX,361,9574
78389,TX,361,1541
78390,TX,361,5616
78391,TX,713,325
78393,TX,361,2379
78401,TX,361,5391
78402,TX,361,536
78404,TX,361,17236
78405,TX,361,16867
78406,TX,361,1413
78407,TX,361,2955
78408,TX,361,12061
78409,TX,361,2939
78410,TX,361,26387
78411,TX,361,28024
78412,TX,361,36003
78413,TX,361,36953
78414,TX,361,30165
78415,TX,361,39271
78416,TX,361,15508
78417,TX,361,4176
78418,TX,361,29854
78419,TX,361,694
78501,TX,956,61219
78503,TX,956,21706
78504,TX,956,48703
78516,TX,956,33722
78520,TX,956,59408
78521,TX,956,87040
78526,TX,956,42460
78535,TX,956,581
78536,TX,713,451
78537,TX,956,39454
78538,TX,956,10657
78539,TX,956,30783
78541,TX,956,42431
78542,TX,713,63293
78543,TX,956,8447
78545,TX,956,555
78548,TX,956,675
78549,TX,956,990
78550,TX,956,53152
78552,TX,956,34111
78557,TX,956,12547
78558,TX,713,882
78559,TX,956,12751
78560,TX,956,4368
78561,TX,956,779
78562,TX,956,2868
78563,TX,713,376
78564,TX,956,270
78565,TX,956,402
78566,TX,956,16230
78567,TX,956,533
78569,TX,956,4039
78570,TX,956,32525
78572,TX,956,76753
78573,TX,956,34890
78574,TX,956,57071
78575,TX,956,8056
78576,TX,713,8775
78577,TX,956,79496
78578,TX,956,12516
78579,TX,956,4580
78580,TX,956,14963
78582,TX,956,40455
78583,TX,956,6623
78584,TX,956,18128
78585,TX,956,396
78586,TX,956,55878
78588,TX,956,238
78589,TX,956,38004
78590,TX,956,289
78591,TX,956,265
78592,TX,956,836
78593,TX,956,6324
78594,TX,956,1990
78595,TX,956,6082
78596,TX,956,63844
78597,TX,956,2885
78598,TX,956,226
78602,TX,512,25160
78605,TX,512,4952
78606,TX,830,5205
78607,TX,713,166
78608,TX,512,434
78609,TX,512,2012
78610,TX,512,23502
78611,TX,512,12977
78612,TX,512,11457
78613,TX,512,88189
78614,TX,830,456
78615,TX,512,1290
78616,TX,512,7092
78617,TX,512,22210
78618,TX,830,324
78619,TX,512,3026
78620,TX,512,14367
78621,TX,512,21659
78622,TX,512,296
78623,TX,830,813
78624,TX,830,21513
78626,TX,512,25996
78628,TX,512,23727
78629,TX,830,11887
78631,TX,830,2395
78632,TX,830,910
78633,TX,713,19349
78634,TX,512,22791
78635,TX,713,149
78636,TX,830,3749
78638,TX,830,2005
78639,TX,325,7334
78640,TX,512,42954
78641,TX,512,44295
78642,TX,512,9467
78643,TX,325,6139
78644,TX,512,17081
78645,TX,512,9773
78648,TX,830,7683
78650,TX,512,1599
78652,TX,512,4466
78653,TX,512,16375
78654,TX,830,17553
78655,TX,512,2739
78656,TX,512,2271
78657,TX,830,5509
78659,TX,512,2903
78660,TX,512,113386
78661,TX,512,335
78662,TX,512,2268
78663,TX,830,746
78664,TX,512,52932
78665,TX,713,35985
78666,TX,512,63836
78669,TX,512,8731
78670,TX,512,168
78671,TX,830,654
78672,TX,325,931
78675,TX,830,188
78676,TX,512,12602
78677,TX,830,92
78681,TX,512,50606
78701,TX,512,10659
78702,TX,512,21334
78703,TX,512,19690
78704,TX,512,42117
78705,TX,512,31340
78712,TX,512,860
78717,TX,512,22538
78719,TX,512,1764
78721,TX,512,11425
78722,TX,512,5901
78723,TX,512,28330
78724,TX,512,21696
78725,TX,512,6083
78726,TX,512,13122
78727,TX,512,26689
78728,TX,512,20299
78729,TX,512,27108
78730,TX,512,7955
78731,TX,512,24614
78732,TX,512,14060
78733,TX,512,8762
78734,TX,512,17655
78735,TX,512,16131
78736,TX,512,6946
78737,TX,512,12081
78738,TX,512,12134
78739,TX,512,16792
78741,TX,512,44935
78742,TX,512,820
78744,TX,512,42820
78745,TX,512,55614
78746,TX,512,26928
78747,TX,512,14808
78748,TX,512,40651
78749,TX,512,34449
78750,TX,512,26814
78751,TX,512,14385
78752,TX,512,18064
78753,TX,512,49301
78754,TX,512,15036
78756,TX,512,7194
78757,TX,512,21310
78758,TX,512,44072
78759,TX,512,38891
78801,TX,830,21780
78802,TX,830,242
78827,TX,830,1219
78828,TX,830,258
78829,TX,830,1207
78830,TX,830,786
78832,TX,830,3598
78833,TX,830,1299
78834,TX,830,7829
78836,TX,830,128
78837,TX,432,281
78838,TX,830,275
78839,TX,830,8578
78840,TX,830,48149
78843,TX,830,336
78850,TX,830,1145
78851,TX,432,23
78852,TX,830,53040
78860,TX,713,229
78861,TX,830,13701
78870,TX,830,984
78871,TX,713,45
78872,TX,830,1905
78873,TX,830,1788
78877,TX,830,989
78879,TX,830,264
78880,TX,830,1682
78881,TX,830,2335
78883,TX,830,353
78884,TX,830,1158
78885,TX,830,120
78886,TX,830,647
78931,TX,979,323
78932,TX,979,757
78933,TX,979,1433
78934,TX,979,6712
78935,TX,979,978
78938,TX,979,471
78940,TX,979,2098
78941,TX,361,2962
78942,TX,979,8989
78943,TX,713,352
78944,TX,979,562
78945,TX,979,10494
78946,TX,979,960
78947,TX,979,4475
78948,TX,979,850
78949,TX,979,517
78950,TX,979,2038
78951,TX,979,26
78953,TX,830,934
78954,TX,979,1071
78956,TX,979,5381
78957,TX,512,9067
78959,TX,830,1837
78962,TX,979,4733
78963,TX,979,909
79001,TX,806,249
79003,TX,806,162
79005,TX,806,1735
79007,TX,806,14542
79009,TX,806,2166
79010,TX,806,802
79011,TX,806,236
79012,TX,806,976
79013,TX,806,3423
79014,TX,806,3771
79015,TX,806,19277
79016,TX,806,94
79018,TX,806,548
79019,TX,806,1707
79021,TX,806,138
79022,TX,806,10741
79024,TX,806,405
79025,TX,806,69
79027,TX,806,5223
79029,TX,806,16177
79031,TX,806,1425
79032,TX,806,157
79033,TX,713,109
79034,TX,806,637
79035,TX,806,5309
79036,TX,806,5128
79039,TX,806,779
79040,TX,806,1839
79041,TX,806,3194
79042,TX,806,1169
79043,TX,806,1487
79044,TX,806,766
79045,TX,806,19473
79046,TX,806,489
79051,TX,806,29
79052,TX,806,1259
79053,TX,806,137
79054,TX,806,594
79056,TX,806,63
79057,TX,806,1206
79058,TX,713,10
79059,TX,806,837
79061,TX,806,316
79062,TX,806,218
79063,TX,806,686
79064,TX,806,2739
79065,TX,806,20840
79068,TX,806,3197
79070,TX,806,9919
79072,TX,806,28849
79078,TX,806,377
79079,TX,806,2646
79080,TX,806,605
79081,TX,806,3912
79082,TX,806,315
79083,TX,806,2661
79084,TX,806,2366
79085,TX,806,53
79086,TX,806,2105
79087,TX,806,751
79088,TX,806,5945
79091,TX,806,147
79092,TX,806,1106
79093,TX,713,69
79094,TX,806,75
79095,TX,806,2686
79096,TX,806,2229
79097,TX,806,1150
79098,TX,806,517
79101,TX,806,2817
79102,TX,806,9963
79103,TX,806,10594
79104,TX,806,7869
79105,TX,806,6
79106,TX,806,27967
79107,TX,806,33844
79108,TX,806,17726
79109,TX,806,43516
79110,TX,806,18811
79111,TX,806,1808
79118,TX,806,19726
79119,TX,806,11539
79121,TX,806,6575
79124,TX,806,7819
79201,TX,940,7040
79220,TX,806,197
79225,TX,940,976
79226,TX,806,3153
79227,TX,940,1406
79229,TX,806,424
79230,TX,806,158
79231,TX,806,45
79233,TX,806,180
79234,TX,806,110
79235,TX,806,3833
79236,TX,806,262
79237,TX,806,513
79239,TX,806,211
79240,TX,713,60
79241,TX,806,2480
79243,TX,806,90
79244,TX,806,720
79245,TX,806,2476
79247,TX,940,64
79248,TX,806,1493
79250,TX,806,1508
79251,TX,713,45
79252,TX,940,3202
79255,TX,806,571
79256,TX,806,319
79257,TX,806,1067
79258,TX,713,67
79259,TX,940,48
79261,TX,806,527
79311,TX,806,3445
79312,TX,806,971
79313,TX,806,1571
79314,TX,806,56
79316,TX,806,11451
79322,TX,806,2049
79323,TX,806,6559
79324,TX,806,61
79325,TX,806,2319
79326,TX,806,40
79329,TX,806,3300
79330,TX,806,114
79331,TX,806,13258
79336,TX,806,16972
79339,TX,806,7230
79342,TX,806,352
79343,TX,806,1571
79344,TX,806,56
79345,TX,806,920
79346,TX,806,2427
79347,TX,806,7462
79350,TX,806,392
79351,TX,806,1326
79353,TX,806,10
79355,TX,806,1942
79356,TX,806,6363
79357,TX,806,2303
79358,TX,806,1116
79359,TX,806,2899
79360,TX,432,13574
79363,TX,806,5369
79364,TX,806,8172
79366,TX,806,1096
79367,TX,806,645
79369,TX,806,88
79370,TX,806,1889
79371,TX,806,1317
79372,TX,806,1434
79373,TX,806,3307
79376,TX,806,95
79377,TX,806,277
79378,TX,806,236
79379,TX,806,666
79380,TX,806,197
79381,TX,806,1263
79382,TX,806,6291
79401,TX,806,8408
79403,TX,806,16869
79404,TX,806,11289
79406,TX,713,6025
79407,TX,806,19068
79410,TX,806,9429
79411,TX,806,7951
79412,TX,806,15650
79413,TX,806,21187
79414,TX,806,17121
79415,TX,806,17689
79416,TX,806,32296
79423,TX,806,32277
79424,TX,806,39023
79501,TX,325,3528
79502,TX,940,1350
79503,TX,713,175
79504,TX,325,2787
79505,TX,940,296
79506,TX,325,730
79508,TX,325,1242
79510,TX,325,7982
79511,TX,432,1338
79512,TX,325,8197
79517,TX,713,200
79518,TX,806,124
79519,TX,713,74
79520,TX,325,2449
79521,TX,940,3980
79525,TX,325,2842
79526,TX,325,979
79527,TX,432,251
79528,TX,806,619
79529,TX,940,1383
79530,TX,325,480
79532,TX,325,940
79533,TX,325,472
79534,TX,325,181
79535,TX,325,183
79536,TX,325,4988
79537,TX,325,111
79538,TX,325,271
79539,TX,940,178
79540,TX,940,89
79541,TX,325,791
79543,TX,325,1186
79544,TX,940,512
79545,TX,325,1788
79546,TX,325,2006
79547,TX,940,758
79548,TX,940,174
79549,TX,325,15652
79553,TX,325,3469
79556,TX,325,12995
79560,TX,325,137
79561,TX,325,662
79562,TX,325,3669
79563,TX,713,1161
79565,TX,325,295
79566,TX,713,333
79567,TX,325,3373
79601,TX,713,25085
79602,TX,325,21519
79603,TX,325,24288
79605,TX,325,30098
79606,TX,325,22885
79607,TX,325,2865
79699,TX,713,321
79701,TX,432,27728
79703,TX,432,20592
79705,TX,432,33536
79706,TX,432,19571
79707,TX,432,32854
79713,TX,432,592
79714,TX,432,14786
79718,TX,432,721
79719,TX,713,397
79720,TX,432,33640
79730,TX,713,250
79731,TX,432,4193
79733,TX,713,210
79734,TX,432,2137
79735,TX,432,13315
79738,TX,806,275
79739,TX,432,963
79741,TX,432,288
79742,TX,713,490
79743,TX,713,339
79744,TX,713,1362
79745,TX,432,6125
79748,TX,713,173
79749,TX,432,255
79752,TX,432,2245
79754,TX,713,80
79755,TX,432,230
79756,TX,432,9066
79758,TX,713,2197
79759,TX,713,23
79761,TX,432,30488
79762,TX,432,39056
79763,TX,432,34079
79764,TX,432,20725
79765,TX,432,6927
79766,TX,713,6115
79770,TX,713,33
79772,TX,432,12747
79777,TX,713,170
79778,TX,713,878
79780,TX,713,224
79781,TX,713,303
79782,TX,432,3976
79783,TX,713,201
79785,TX,713,91
79788,TX,713,506
79789,TX,713,974
79821,TX,915,7142
79830,TX,432,7682
79831,TX,713,29
79834,TX,713,200
79835,TX,915,12690
79836,TX,915,5772
79837,TX,915,579
79838,TX,915,8699
79839,TX,915,1938
79842,TX,713,498
79843,TX,432,2503
79845,TX,432,5138
79846,TX,713,104
79847,TX,915,167
79848,TX,713,927
79849,TX,915,13208
79851,TX,915,641
79852,TX,432,799
79853,TX,915,3729
79854,TX,432,213
79855,TX,915,2336
79901,TX,915,11328
79902,TX,915,21236
79903,TX,915,18451
79904,TX,915,35060
79905,TX,915,26036
79906,TX,915,4374
79907,TX,915,55132
79908,TX,915,3673
79911,TX,915,1565
79912,TX,915,76890
79915,TX,915,40057
79916,TX,915,2995
79920,TX,915,153
79922,TX,915,8935
79924,TX,915,59058
79925,TX,915,40641
79927,TX,915,39016
79928,TX,915,49544
79930,TX,915,28410
79932,TX,915,24986
79934,TX,915,19174
79935,TX,915,18042
79936,TX,915,107512
79938,TX,915,53520
79942,TX,713,2
80002,CO,303,18020
80003,CO,303,35384
80004,CO,303,35892
80005,CO,303,25553
80007,CO,303,7262
80010,CO,303,39728
80011,CO,303,47461
80012,CO,303,46665
80013,CO,303,73870
80014,CO,303,36710
80015,CO,303,62432
80016,CO,303,41219
80017,CO,303,34270
80018,CO,303,9206
80019,CO,303,1690
80020,CO,303,46871
80021,CO,303,30051
80022,CO,303,42699
80023,CO,303,15415
80024,CO,303,228
80025,CO,303,253
80026,CO,303,26378
80027,CO,303,31034
80030,CO,303,15329
80031,CO,303,33932
80033,CO,303,23969
80045,CO,303,277
80101,CO,719,392
80102,CO,303,5514
80103,CO,303,2458
80104,CO,303,27588
80105,CO,303,1171
80106,CO,719,4232
80107,CO,303,12042
80108,CO,303,22612
80109,CO,303,17219
80110,CO,303,20867
80111,CO,303,28948
80112,CO,303,29217
80113,CO,303,20562
80116,CO,303,3942
80117,CO,303,2587
80118,CO,303,5308
80120,CO,303,28435
80121,CO,303,17853
80122,CO,303,29783
80123,CO,303,44795
80124,CO,303,18020
80125,CO,303,10190
80126,CO,303,39698
80127,CO,303,42597
80128,CO,303,34988
80129,CO,303,27007
80130,CO,303,27054
80131,CO,303,243
80132,CO,719,19637
80133,CO,719,2042
80134,CO,303,55075
80135,CO,303,3833
80136,CO,303,4834
80137,CO,303,1323
80138,CO,303,29786
80202,CO,303,10148
80203,CO,303,18839
80204,CO,303,31493
80205,CO,303,29221
80206,CO,303,21521
80207,CO,303,21216
80209,CO,303,21526
80210,CO,303,33946
80211,CO,303,31583
80212,CO,720,18051
80214,CO,303,24821
80215,CO,303,17843
80216,CO,303,10924
80218,CO,303,17928
80219,CO,303,61296
80220,CO,303,33529
80221,CO,303,37779
80222,CO,303,20073
80223,CO,303,17987
80224,CO,303,17256
80226,CO,303,30930
80227,CO,303,33667
80228,CO,303,30138
80229,CO,303,49598
80230,CO,303,7559
80231,CO,303,32127
80232,CO,303,21411
80233,CO,303,45386
80234,CO,303,25937
80235,CO,303,7571
80236,CO,303,16123
80237,CO,303,17569
80238,CO,303,10058
80239,CO,303,40512
80241,CO,303,31746
80246,CO,303,12875
80247,CO,303,25449
80249,CO,303,23404
80260,CO,303,31412
80264,CO,303,0
80290,CO,303,0
80293,CO,303,0
80294,CO,303,0
80301,CO,303,22555
80302,CO,303,26941
80303,CO,303,22361
80304,CO,303,25623
80305,CO,303,16874
80310,CO,303,6578
80401,CO,303,39378
80403,CO,303,18211
80419,CO,303,0
80420,CO,719,933
80421,CO,303,8042
80422,CO,303,4326
80423,CO,970,169
80424,CO,970,9627
80425,CO,303,184
80426,CO,970,104
80427,CO,303,822
80428,CO,970,706
80432,CO,719,439
80433,CO,303,8354
80434,CO,970,43
80435,CO,970,7278
80436,CO,303,565
80438,CO,303,486
80439,CO,303,23778
80440,CO,719,2422
80442,CO,970,2309
80443,CO,970,3676
80444,CO,303,1080
80446,CO,970,3715
80447,CO,970,1964
80448,CO,303,193
80449,CO,719,909
80451,CO,970,753
80452,CO,303,3097
80453,CO,303,197
80454,CO,303,1224
80455,CO,303,497
80456,CO,719,620
80457,CO,303,612
80459,CO,970,2450
80461,CO,719,7090
80463,CO,970,136
80465,CO,303,15147
80466,CO,303,3338
80467,CO,970,2224
80468,CO,970,391
80469,CO,970,337
80470,CO,303,3287
80471,CO,303,23
80473,CO,970,51
80475,CO,303,57
80476,CO,303,194
80477,CO,970,155
80478,CO,970,1606
80479,CO,970,48
80480,CO,970,1300
80481,CO,303,572
80482,CO,970,1630
80483,CO,970,585
80487,CO,970,16745
80488,CO,970,157
80497,CO,303,411
80498,CO,970,7002
80501,CO,303,39521
80503,CO,303,31064
80504,CO,303,46876
80510,CO,303,420
80511,CO,303,76
80512,CO,970,2185
80513,CO,970,10296
80514,CO,303,4106
80515,CO,303,1010
80516,CO,303,20254
80517,CO,970,9313
80520,CO,303,1498
80521,CO,970,33409
80524,CO,970,31668
80525,CO,970,48419
80526,CO,970,44183
80528,CO,970,17946
80530,CO,303,3790
80532,CO,970,165
80534,CO,970,11301
80535,CO,970,2636
80536,CO,970,1759
80537,CO,970,38821
80538,CO,970,43930
80540,CO,303,4461
80542,CO,970,3631
80543,CO,970,5887
80544,CO,303,111
80545,CO,970,851
80546,CO,970,149
80547,CO,303,624
80549,CO,970,8642
80550,CO,970,20675
80601,CO,303,33833
80602,CO,303,27665
80603,CO,303,11973
80610,CO,970,2791
80611,CO,970,659
80612,CO,970,430
80615,CO,970,7482
80620,CO,970,17775
80621,CO,303,12079
80622,CO,970,268
80623,CO,970,1028
80624,CO,303,946
80631,CO,970,48603
80634,CO,970,52861
80640,CO,303,11054
80642,CO,303,4309
80643,CO,303,3011
80644,CO,970,2989
80645,CO,970,3905
80648,CO,970,1001
80649,CO,970,299
80650,CO,970,1432
80651,CO,970,4176
80652,CO,303,574
80653,CO,970,791
80654,CO,970,2359
80701,CO,970,16042
80705,CO,970,884
80720,CO,970,2558
80721,CO,970,154
80722,CO,970,349
80723,CO,970,7179
80726,CO,970,381
80727,CO,970,425
80728,CO,970,878
80729,CO,970,540
80731,CO,970,1494
80733,CO,970,529
80734,CO,970,3045
80735,CO,970,405
80736,CO,970,648
80737,CO,970,1537
80740,CO,970,108
80741,CO,970,935
80742,CO,970,225
80743,CO,970,1074
80744,CO,970,488
80745,CO,970,156
80746,CO,970,29
80747,CO,970,462
80749,CO,970,341
80750,CO,970,412
80751,CO,970,18857
80754,CO,970,164
80755,CO,970,163
80757,CO,970,255
80758,CO,970,3795
80759,CO,970,4698
80801,CO,970,154
80802,CO,719,238
80804,CO,719,327
80805,CO,719,453
80807,CO,719,5304
80808,CO,719,6351
80809,CO,719,1519
80810,CO,719,1127
80812,CO,970,275
80813,CO,719,2055
80814,CO,719,4023
80815,CO,970,911
80816,CO,719,5180
80817,CO,719,27311
80818,CO,719,343
80819,CO,719,921
80820,CO,719,806
80821,CO,719,1093
80822,CO,970,260
80823,CO,719,203
80824,CO,970,207
80825,CO,719,422
80827,CO,719,549
80828,CO,719,3341
80829,CO,719,5476
80830,CO,719,254
80831,CO,719,21993
80832,CO,719,666
80833,CO,719,754
80834,CO,970,318
80835,CO,719,911
80836,CO,719,1157
80840,CO,719,6682
80860,CO,719,594
80861,CO,970,255
80862,CO,719,31
80863,CO,719,11754
80864,CO,719,1325
80902,CO,303,12289
80903,CO,719,15057
80904,CO,719,19867
80905,CO,719,16254
80906,CO,719,37719
80907,CO,719,26758
80908,CO,719,13827
80909,CO,719,35739
80910,CO,719,28794
80911,CO,719,30596
80913,CO,719,2988
80914,CO,719,386
80915,CO,719,19519
80916,CO,719,34640
80917,CO,719,29273
80918,CO,719,45467
80919,CO,719,27398
80920,CO,719,38569
80921,CO,719,18999
80922,CO,719,26549
80923,CO,303,26105
80924,CO,303,4534
80925,CO,719,5906
80926,CO,719,1403
80927,CO,303,604
80928,CO,719,1202
80929,CO,719,231
80930,CO,719,821
80938,CO,303,17
80939,CO,303,0
80951,CO,303,4202
81001,CO,719,30498
81003,CO,719,14939
81004,CO,719,25540
81005,CO,719,29975
81006,CO,719,11513
81007,CO,719,29709
81008,CO,719,9641
81019,CO,719,1690
81020,CO,719,954
81021,CO,719,14
81022,CO,719,1560
81023,CO,719,1236
81024,CO,303,134
81025,CO,719,1071
81027,CO,719,125
81029,CO,719,326
81030,CO,719,193
81033,CO,719,155
81036,CO,719,962
81038,CO,719,486
81039,CO,719,1856
81040,CO,719,536
81041,CO,719,760
81043,CO,719,61
81044,CO,719,224
81045,CO,719,88
81047,CO,719,1559
81049,CO,719,289
81050,CO,719,9894
81052,CO,719,9534
81054,CO,719,5134
81055,CO,719,1339
81057,CO,719,418
81058,CO,719,990
81059,CO,303,651
81062,CO,719,2439
81063,CO,719,2726
81064,CO,719,282
81067,CO,719,5670
81069,CO,719,1888
81071,CO,719,334
81073,CO,719,1932
81076,CO,719,418
81077,CO,719,532
81081,CO,719,70
81082,CO,719,12480
81084,CO,719,137
81087,CO,719,145
81089,CO,719,4602
81090,CO,719,981
81091,CO,719,812
81092,CO,719,865
81101,CO,719,14675
81120,CO,719,2267
81121,CO,970,270
81122,CO,970,8228
81123,CO,719,805
81124,CO,719,303
81125,CO,719,3447
81126,CO,719,276
81128,CO,970,115
81129,CO,719,156
81130,CO,719,671
81131,CO,719,1189
81132,CO,719,3231
81133,CO,719,840
81136,CO,719,261
81137,CO,970,5225
81138,CO,719,56
81140,CO,719,2341
81141,CO,719,1318
81143,CO,719,672
81144,CO,719,7344
81146,CO,719,531
81147,CO,970,11446
81148,CO,719,404
81149,CO,719,838
81151,CO,719,1470
81152,CO,719,1434
81154,CO,719,1148
81155,CO,719,225
81201,CO,719,8645
81210,CO,970,275
81211,CO,719,7623
81212,CO,719,29742
81220,CO,970,141
81221,CO,719,310
81222,CO,719,263
81223,CO,719,1639
81224,CO,970,3446
81225,CO,970,952
81226,CO,719,9066
81227,CO,303,10
81230,CO,970,9075
81231,CO,970,715
81232,CO,303,23
81233,CO,719,823
81235,CO,970,802
81236,CO,719,1017
81237,CO,303,82
81239,CO,303,79
81240,CO,719,4323
81241,CO,970,78
81242,CO,719,606
81243,CO,970,93
81244,CO,719,398
81248,CO,719,48
81251,CO,719,220
81252,CO,719,3830
81253,CO,719,410
81301,CO,970,28308
81303,CO,970,7743
81320,CO,970,388
81321,CO,970,14459
81323,CO,970,4409
81324,CO,970,1387
81325,CO,970,121
81326,CO,970,2193
81327,CO,970,639
81328,CO,970,4069
81330,CO,970,26
81331,CO,970,476
81332,CO,970,282
81334,CO,970,1493
81335,CO,970,131
81401,CO,970,22437
81403,CO,303,10534
81410,CO,970,1655
81411,CO,970,55
81413,CO,970,5243
81415,CO,970,1612
81416,CO,970,13874
81418,CO,970,1714
81419,CO,970,3883
81422,CO,970,692
81423,CO,970,1480
81424,CO,970,1239
81425,CO,970,5424
81426,CO,303,181
81427,CO,970,1124
81428,CO,970,3701
81429,CO,970,181
81430,CO,970,727
81431,CO,970,460
81432,CO,970,2682
81433,CO,970,659
81434,CO,970,158
81435,CO,970,4965
81501,CO,970,23465
81503,CO,970,15250
81504,CO,970,28481
81505,CO,970,9779
81506,CO,970,10961
81507,CO,303,15081
81520,CO,970,13447
81521,CO,970,15397
81522,CO,970,139
81523,CO,303,763
81524,CO,970,2300
81525,CO,970,871
81526,CO,970,5321
81527,CO,970,2073
81601,CO,970,15442
81610,CO,970,446
81611,CO,970,9921
81612,CO,970,20
81615,CO,970,2839
81620,CO,970,10450
81621,CO,970,5914
81623,CO,970,15235
81624,CO,970,1537
81625,CO,970,12921
81630,CO,970,979
81631,CO,970,8215
81632,CO,970,10276
81633,CO,970,19
81635,CO,970,5957
81637,CO,970,7721
81638,CO,303,112
81639,CO,970,2463
81640,CO,970,249
81641,CO,970,3834
81642,CO,303,61
81643,CO,970,793
81645,CO,970,1121
81646,CO,970,184
81647,CO,970,7104
81648,CO,970,2808
81649,CO,970,277
81650,CO,970,13006
81652,CO,970,4904
81653,CO,970,31
81654,CO,970,1391
81655,CO,970,65
81656,CO,970,242
81657,CO,970,5581
82001,WY,307,35484
82005,WY,307,417
82007,WY,307,19096
82009,WY,307,31703
82050,WY,307,401
82051,WY,307,60
82052,WY,307,23
82053,WY,307,1524
82054,WY,307,920
82055,WY,307,285
82058,WY,307,52
82059,WY,307,135
82060,WY,307,372
82061,WY,307,39
82063,WY,970,100
82070,WY,307,19766
82072,WY,307,15533
82073,WY,307,72
82081,WY,307,60
82082,WY,307,1606
82083,WY,307,373
82084,WY,307,16
82190,WY,307,369
82201,WY,307,6467
82210,WY,307,399
82212,WY,307,474
82213,WY,307,513
82214,WY,307,1302
82215,WY,307,132
82217,WY,307,107
82219,WY,307,48
82221,WY,307,635
82222,WY,307,107
82223,WY,307,996
82224,WY,307,23
82225,WY,307,2067
82227,WY,307,241
82229,WY,307,74
82240,WY,307,10235
82242,WY,307,39
82243,WY,307,187
82244,WY,307,478
82301,WY,307,9584
82321,WY,307,717
82322,WY,307,106
82323,WY,970,186
82324,WY,307,268
82325,WY,307,878
82327,WY,307,929
82329,WY,307,359
82331,WY,307,2286
82332,WY,307,97
82334,WY,307,501
82335,WY,307,21
82336,WY,307,498
82401,WY,307,7866
82410,WY,307,1760
82411,WY,307,664
82412,WY,307,626
82414,WY,307,15011
82420,WY,307,783
82421,WY,307,448
82422,WY,307,105
82423,WY,406,233
82426,WY,307,2644
82428,WY,307,139
82430,WY,307,100
82431,WY,307,3552
82432,WY,307,315
82433,WY,307,789
82434,WY,307,156
82435,WY,307,11738
82440,WY,307,145
82441,WY,307,250
82442,WY,307,732
82443,WY,307,4697
82450,WY,307,177
82501,WY,307,19408
82510,WY,307,423
82512,WY,307,210
82513,WY,307,1879
82514,WY,307,1645
82515,WY,307,446
82516,WY,307,496
82520,WY,307,13535
82523,WY,307,868
82601,WY,307,27400
82604,WY,307,25882
82609,WY,307,15730
82620,WY,307,210
82630,WY,307,10
82633,WY,307,9592
82635,WY,307,207
82636,WY,307,3981
82637,WY,307,4136
82638,WY,307,17
82639,WY,307,805
82640,WY,307,29
82642,WY,307,94
82643,WY,307,469
82644,WY,307,1480
82646,WY,307,20
82648,WY,307,56
82649,WY,307,1120
82701,WY,307,5455
82710,WY,307,243
82711,WY,307,110
82712,WY,307,264
82714,WY,307,95
82715,WY,307,0
82716,WY,307,18747
82718,WY,307,23003
82720,WY,307,955
82721,WY,307,3078
82723,WY,307,278
82725,WY,307,207
82727,WY,307,1838
82729,WY,307,2251
82730,WY,307,1566
82731,WY,307,135
82732,WY,307,2154
82801,WY,307,24558
82831,WY,307,216
82832,WY,307,618
82833,WY,307,225
82834,WY,307,7585
82835,WY,307,318
82836,WY,307,1073
82837,WY,307,29
82838,WY,307,268
82839,WY,307,1153
82842,WY,307,843
82844,WY,307,35
82845,WY,307,37
82901,WY,307,27971
82922,WY,307,257
82923,WY,307,558
82925,WY,307,304
82929,WY,307,70
82930,WY,307,14614
82932,WY,307,836
82933,WY,307,759
82934,WY,307,185
82935,WY,307,13121
82936,WY,307,49
82937,WY,307,3654
82938,WY,307,227
82939,WY,307,1861
82941,WY,307,5028
82942,WY,307,123
82943,WY,307,301
82944,WY,307,216
82945,WY,307,351
83001,WY,307,15851
83011,WY,307,240
83012,WY,307,180
83013,WY,307,395
83014,WY,307,3595
83025,WY,307,400
83101,WY,307,3104
83110,WY,307,4307
83111,WY,208,519
83112,WY,307,666
83113,WY,307,3278
83114,WY,307,828
83115,WY,307,830
83116,WY,307,728
83118,WY,307,1139
83119,WY,307,172
83120,WY,307,471
83121,WY,307,14
83122,WY,307,494
83123,WY,307,711
83124,WY,307,137
83126,WY,307,334
83127,WY,307,3041
83128,WY,307,1601
83201,ID,208,37199
83202,ID,208,21608
83203,ID,208,309
83204,ID,208,18026
83209,ID,208,1175
83210,ID,208,3449
83211,ID,208,6374
83212,ID,208,137
83213,ID,208,1644
83214,ID,208,671
83215,ID,208,26
83217,ID,208,843
83218,ID,208,338
83220,ID,208,137
83221,ID,208,27021
83223,ID,208,139
83226,ID,208,2504
83227,ID,208,142
83228,ID,208,522
83232,ID,208,467
83233,ID,208,109
83234,ID,208,1213
83235,ID,208,99
83236,ID,208,2275
83237,ID,208,1146
83238,ID,208,109
83239,ID,208,572
83241,ID,208,1980
83243,ID,208,80
83244,ID,208,358
83245,ID,208,2257
83246,ID,208,1069
83250,ID,208,1637
83251,ID,208,1097
83252,ID,208,4154
83253,ID,208,165
83254,ID,208,3617
83255,ID,208,1213
83261,ID,208,536
83262,ID,208,1386
83263,ID,208,9258
83271,ID,208,531
83272,ID,208,313
83274,ID,208,9246
83276,ID,208,4097
83277,ID,208,111
83278,ID,208,186
83281,ID,208,93
83283,ID,208,147
83285,ID,208,131
83286,ID,208,1241
83287,ID,208,299
83301,ID,208,52010
83302,ID,208,196
83311,ID,208,562
83312,ID,208,168
83313,ID,208,3625
83314,ID,208,898
83316,ID,208,9626
83318,ID,208,17226
83320,ID,208,1006
83321,ID,208,550
83322,ID,208,42
83323,ID,208,1951
83324,ID,208,788
83325,ID,208,918
83327,ID,208,970
83328,ID,208,5347
83330,ID,208,6599
83332,ID,208,2361
83333,ID,208,10472
83334,ID,208,2060
83335,ID,208,1840
83336,ID,208,4951
83337,ID,208,33
83338,ID,208,19782
83340,ID,208,4682
83341,ID,208,6491
83342,ID,208,1371
83344,ID,208,1128
83346,ID,208,1442
83347,ID,208,3258
83348,ID,208,132
83349,ID,208,1062
83350,ID,208,12268
83352,ID,208,3330
83353,ID,208,1335
83354,ID,208,18
83355,ID,208,5405
83401,ID,208,37966
83402,ID,208,26069
83404,ID,208,21606
83406,ID,208,15902
83414,WY,307,544
83420,ID,208,2539
83421,ID,208,319
83422,ID,208,3392
83423,ID,208,860
83424,ID,208,290
83425,ID,208,581
83427,ID,208,1372
83428,ID,208,416
83429,ID,208,1048
83431,ID,208,876
83433,ID,208,44
83434,ID,208,1741
83435,ID,208,653
83436,ID,208,491
83440,ID,208,34610
83442,ID,208,19250
83443,ID,208,1107
83444,ID,208,1381
83445,ID,208,7406
83446,ID,208,48
83448,ID,208,2451
83449,ID,208,249
83450,ID,208,1104
83451,ID,208,791
83452,ID,208,1484
83454,ID,208,531
83455,ID,208,4970
83460,ID,208,860
83462,ID,208,464
83463,ID,208,130
83464,ID,208,345
83465,ID,208,109
83466,ID,208,273
83467,ID,208,6270
83468,ID,208,170
83469,ID,208,32
83501,ID,208,34230
83520,ID,208,194
83522,ID,208,2215
83523,ID,208,759
83524,ID,208,989
83525,ID,208,376
83526,ID,208,278
83530,ID,208,5404
83533,ID,208,178
83535,ID,208,1089
83536,ID,208,4230
83537,ID,208,1044
83539,ID,208,2001
83540,ID,208,2190
83541,ID,208,1076
83542,ID,208,129
83543,ID,208,717
83544,ID,208,6092
83545,ID,208,484
83546,ID,208,587
83547,ID,208,219
83548,ID,208,117
83549,ID,208,908
83552,ID,208,1225
83553,ID,208,1100
83554,ID,208,638
83555,ID,208,564
83602,ID,208,24
83604,ID,208,762
83605,ID,208,39649
83607,ID,208,21732
83610,ID,208,946
83611,ID,208,2453
83612,ID,208,1925
83615,ID,208,1571
83616,ID,208,22780
83617,ID,208,15422
83619,ID,208,7201
83622,ID,208,1737
83623,ID,208,1517
83624,ID,208,1195
83626,ID,208,1192
83627,ID,208,620
83628,ID,208,4329
83629,ID,208,1721
83631,ID,208,1333
83632,ID,208,214
83633,ID,208,540
83634,ID,208,24494
83636,ID,208,153
83637,ID,208,206
83638,ID,208,5903
83639,ID,208,3300
83641,ID,208,3438
83642,ID,208,37008
83643,ID,208,129
83644,ID,208,9976
83645,ID,208,636
83646,ID,208,47098
83647,ID,208,20789
83648,ID,208,3238
83650,ID,208,552
83651,ID,208,28611
83654,ID,208,1672
83655,ID,208,4397
83656,ID,208,582
83657,ID,208,174
83660,ID,208,5890
83661,ID,208,9881
83666,ID,208,52
83669,ID,208,7365
83670,ID,208,553
83671,ID,208,33
83672,ID,208,8583
83676,ID,208,4347
83677,ID,208,44
83686,ID,208,46224
83687,ID,208,29697
83702,ID,208,22293
83703,ID,208,16565
83704,ID,208,39628
83705,ID,208,26631
83706,ID,208,29732
83709,ID,208,50034
83712,ID,208,8148
83713,ID,208,28103
83714,ID,208,20290
83716,ID,208,14523
83801,ID,208,6150
83802,ID,208,68
83803,ID,208,744
83804,ID,208,1254
83805,ID,208,7437
83806,ID,208,220
83808,ID,208,147
83809,ID,208,401
83810,ID,208,1189
83811,ID,208,1411
83812,ID,208,66
83813,ID,208,1158
83814,ID,208,23371
83815,ID,208,31015
83821,ID,208,210
83822,ID,208,2006
83823,ID,208,1318
83824,ID,208,348
83825,ID,208,190
83826,ID,208,45
83827,ID,208,143
83830,ID,208,733
83832,ID,208,1524
83833,ID,208,1164
83834,ID,208,254
83835,ID,208,19990
83836,ID,208,1033
83837,ID,208,3063
83839,ID,208,1417
83840,ID,208,227
83841,ID,208,338
83842,ID,208,148
83843,ID,208,25866
83844,ID,208,1353
83845,ID,208,1742
83846,ID,208,770
83847,ID,208,1719
83848,ID,208,137
83849,ID,208,1925
83850,ID,208,2129
83851,ID,208,1691
83852,ID,208,884
83854,ID,208,37245
83855,ID,208,2111
83856,ID,208,6340
83857,ID,208,691
83858,ID,208,13656
83860,ID,208,6119
83861,ID,208,6360
83864,ID,208,17076
83866,ID,208,320
83867,ID,208,616
83868,ID,208,769
83869,ID,208,4161
83870,ID,208,312
83871,ID,208,1938
83872,ID,208,705
83873,ID,208,1591
83874,ID,208,64
83876,ID,208,1442
84001,UT,435,725
84002,UT,435,302
84003,UT,801,42384
84004,UT,801,9818
84005,UT,801,21410
84006,UT,801,826
84007,UT,435,740
84010,UT,801,44821
84013,UT,801,1011
84014,UT,801,15268
84015,UT,801,62494
84017,UT,435,3556
84018,UT,801,179
84020,UT,801,39765
84021,UT,435,3323
84022,UT,435,896
84023,UT,435,266
84024,UT,435,63
84025,UT,801,18255
84026,UT,435,1668
84027,UT,435,452
84028,UT,435,824
84029,UT,435,9473
84031,UT,435,259
84032,UT,435,17249
84033,UT,435,1032
84034,UT,435,209
84035,UT,435,748
84036,UT,435,6045
84037,UT,801,33369
84038,UT,435,347
84039,UT,435,1102
84040,UT,801,23026
84041,UT,801,44625
84042,UT,801,10094
84043,UT,801,49030
84044,UT,801,26524
84045,UT,801,16875
84046,UT,435,793
84047,UT,801,28936
84049,UT,435,4372
84050,UT,801,9290
84051,UT,801,402
84052,UT,435,1403
84053,UT,435,1115
84054,UT,801,16196
84055,UT,435,1406
84056,UT,801,3310
84057,UT,801,36666
84058,UT,801,30540
84060,UT,435,7596
84061,UT,435,391
84062,UT,801,43269
84063,UT,435,334
84064,UT,435,692
84065,UT,801,38168
84066,UT,435,11283
84067,UT,801,37444
84069,UT,435,505
84070,UT,801,24861
84071,UT,435,1175
84072,UT,435,372
84073,UT,435,191
84074,UT,435,44310
84075,UT,801,24506
84076,UT,435,390
84078,UT,435,25851
84080,UT,435,304
84081,UT,801,40732
84082,UT,435,743
84083,UT,435,1516
84084,UT,801,37247
84085,UT,435,531
84086,UT,435,401
84087,UT,801,13983
84088,UT,801,35603
84092,UT,801,29525
84093,UT,801,23130
84094,UT,801,28069
84095,UT,801,50566
84096,UT,801,33396
84097,UT,801,21322
84098,UT,435,17282
84101,UT,801,5277
84102,UT,801,17421
84103,UT,801,21084
84104,UT,801,24869
84105,UT,801,22140
84106,UT,801,33384
84107,UT,801,30863
84108,UT,801,20738
84109,UT,801,23858
84111,UT,801,10744
84112,UT,801,1942
84113,UT,801,245
84115,UT,801,24668
84116,UT,801,33297
84117,UT,801,24305
84118,UT,801,41387
84119,UT,801,53077
84120,UT,801,48956
84121,UT,801,41702
84123,UT,801,37900
84124,UT,801,21295
84128,UT,801,27983
84180,UT,801,0
84301,UT,435,883
84302,UT,435,23703
84304,UT,801,40
84305,UT,801,751
84306,UT,435,318
84307,UT,435,1375
84308,UT,435,325
84309,UT,435,535
84310,UT,801,4111
84311,UT,435,714
84312,UT,435,4028
84313,UT,801,68
84314,UT,435,1031
84315,UT,801,7581
84316,UT,435,254
84317,UT,801,2304
84318,UT,435,3918
84319,UT,435,7905
84320,UT,435,2237
84321,UT,435,44074
84324,UT,435,701
84325,UT,435,2078
84326,UT,435,1763
84327,UT,801,951
84328,UT,435,1666
84329,UT,435,202
84330,UT,435,502
84331,UT,435,272
84332,UT,435,7218
84333,UT,435,2722
84334,UT,435,230
84335,UT,435,11372
84336,UT,435,281
84337,UT,435,11393
84338,UT,435,481
84339,UT,435,5046
84340,UT,435,3369
84341,UT,435,20109
84401,UT,801,35622
84403,UT,801,36582
84404,UT,801,56363
84405,UT,801,31348
84414,UT,801,26507
84501,UT,435,13612
84511,UT,435,4672
84512,UT,435,1093
84513,UT,435,1710
84515,UT,801,15
84516,UT,435,227
84518,UT,435,702
84520,UT,435,1302
84521,UT,435,840
84522,UT,435,321
84523,UT,435,1797
84525,UT,435,1183
84526,UT,435,4134
84528,UT,435,2742
84529,UT,801,180
84530,UT,435,460
84531,UT,435,642
84532,UT,435,9772
84533,UT,435,267
84534,UT,435,2654
84535,UT,435,2601
84536,UT,435,1454
84537,UT,435,1505
84539,UT,435,379
84540,UT,435,46
84542,UT,435,1806
84601,UT,801,31486
84604,UT,801,49145
84606,UT,801,32291
84620,UT,435,1151
84621,UT,435,240
84622,UT,435,1517
84623,UT,435,405
84624,UT,435,5668
84626,UT,801,410
84627,UT,435,6310
84628,UT,435,721
84629,UT,435,2531
84630,UT,435,294
84631,UT,435,3067
84632,UT,435,1148
84633,UT,801,1048
84634,UT,435,3395
84635,UT,435,863
84636,UT,435,474
84637,UT,435,729
84638,UT,435,294
84639,UT,801,963
84640,UT,435,121
84642,UT,435,3548
84643,UT,435,605
84645,UT,435,2620
84646,UT,435,1657
84647,UT,435,4019
84648,UT,435,5776
84649,UT,435,760
84651,UT,801,23457
84652,UT,435,872
84653,UT,801,7947
84654,UT,435,2689
84655,UT,801,10547
84656,UT,435,345
84657,UT,435,505
84660,UT,801,37995
84662,UT,435,1371
84663,UT,801,29975
84664,UT,801,8033
84665,UT,435,528
84667,UT,435,405
84701,UT,435,8692
84710,UT,435,131
84711,UT,435,735
84712,UT,435,201
84713,UT,435,3792
84714,UT,435,835
84715,UT,435,459
84716,UT,435,297
84718,UT,435,189
84719,UT,435,90
84720,UT,435,19705
84721,UT,435,20961
84722,UT,435,615
84723,UT,435,687
84724,UT,435,1214
84725,UT,435,1964
84726,UT,435,961
84728,UT,435,158
84729,UT,435,396
84730,UT,435,268
84731,UT,435,194
84732,UT,435,77
84733,UT,435,202
84734,UT,435,261
84735,UT,435,258
84736,UT,435,246
84737,UT,435,14838
84738,UT,435,6878
84739,UT,435,507
84740,UT,435,191
84741,UT,435,5556
84742,UT,435,260
84743,UT,435,34
84744,UT,435,411
84745,UT,435,4066
84746,UT,435,1149
84747,UT,435,1097
84749,UT,435,218
84750,UT,435,469
84751,UT,435,1680
84752,UT,435,994
84753,UT,435,26
84754,UT,435,3652
84755,UT,435,112
84756,UT,435,366
84757,UT,435,1167
84758,UT,435,533
84759,UT,435,2112
84760,UT,435,559
84761,UT,435,3131
84762,UT,435,248
84763,UT,435,245
84764,UT,435,331
84765,UT,435,6143
84766,UT,435,147
84767,UT,435,679
84770,UT,435,39131
84772,UT,801,171
84773,UT,435,321
84774,UT,435,1399
84775,UT,435,431
84776,UT,435,538
84779,UT,435,641
84780,UT,435,18756
84781,UT,435,188
84782,UT,435,794
84783,UT,435,805
84784,UT,435,2745
84790,UT,435,35770
85003,AZ,602,9369
85004,AZ,602,4965
85006,AZ,602,25742
85007,AZ,602,14040
85008,AZ,602,56145
85009,AZ,602,52520
85012,AZ,602,6390
85013,AZ,602,19314
85014,AZ,602,24782
85015,AZ,602,37644
85016,AZ,602,33896
85017,AZ,602,38872
85018,AZ,602,36065
85019,AZ,602,25042
85020,AZ,602,32850
85021,AZ,602,37743
85022,AZ,602,46395
85023,AZ,602,31274
85024,AZ,602,22898
85027,AZ,602,37140
85028,AZ,602,19157
85029,AZ,602,43233
85031,AZ,602,30493
85032,AZ,602,68805
85033,AZ,623,53037
85034,AZ,602,5582
85035,AZ,602,47486
85037,AZ,623,44771
85040,AZ,602,29352
85041,AZ,602,54947
85042,AZ,602,40962
85043,AZ,602,30560
85044,AZ,602,37993
85045,AZ,480,7238
85048,AZ,480,33449
85050,AZ,602,25736
85051,AZ,602,40375
85053,AZ,602,28480
85054,AZ,480,5384
85083,AZ,602,18104
85085,AZ,520,17517
85086,AZ,623,40495
85087,AZ,602,7708
85118,AZ,602,12246
85119,AZ,602,21219
85120,AZ,602,28168
85121,AZ,602,2178
85122,AZ,602,50942
85123,AZ,602,10677
85128,AZ,602,14823
85131,AZ,602,18017
85132,AZ,602,33556
85135,AZ,602,630
85137,AZ,602,2329
85138,AZ,602,33633
85139,AZ,602,17979
85140,AZ,602,36711
85141,AZ,602,515
85142,AZ,602,48870
85143,AZ,602,35015
85145,AZ,602,2106
85147,AZ,602,4543
85172,AZ,602,1368
85173,AZ,602,2872
85192,AZ,602,2120
85193,AZ,602,4906
85194,AZ,602,6721
85201,AZ,480,46092
85202,AZ,480,37275
85203,AZ,480,35541
85204,AZ,480,60885
85205,AZ,480,39858
85206,AZ,480,33154
85207,AZ,480,44744
85208,AZ,480,34762
85209,AZ,602,37377
85210,AZ,480,36464
85212,AZ,480,24492
85213,AZ,480,31797
85215,AZ,480,15963
85224,AZ,480,42796
85225,AZ,480,73116
85226,AZ,480,37376
85233,AZ,480,37564
85234,AZ,480,50014
85248,AZ,480,29821
85249,AZ,480,36908
85250,AZ,480,15906
85251,AZ,480,34390
85253,AZ,480,17047
85254,AZ,602,45801
85255,AZ,480,37270
85256,AZ,480,4974
85257,AZ,480,26755
85258,AZ,480,23342
85259,AZ,480,21422
85260,AZ,480,36056
85262,AZ,480,11275
85263,AZ,480,2111
85264,AZ,602,1249
85266,AZ,602,11406
85268,AZ,480,22684
85281,AZ,480,57348
85282,AZ,480,48671
85283,AZ,480,44813
85284,AZ,480,16479
85286,AZ,602,38930
85295,AZ,602,38332
85296,AZ,480,36799
85297,AZ,480,26979
85298,AZ,602,21479
85301,AZ,623,60161
85302,AZ,623,36909
85303,AZ,623,30310
85304,AZ,602,25883
85305,AZ,623,10822
85306,AZ,602,24191
85307,AZ,623,9230
85308,AZ,602,63876
85309,AZ,623,1485
85310,AZ,623,19007
85320,AZ,928,1197
85321,AZ,520,4435
85322,AZ,623,752
85323,AZ,623,39507
85324,AZ,623,2886
85325,AZ,928,1212
85326,AZ,623,51705
85328,AZ,928,259
85331,AZ,480,26960
85332,AZ,928,2146
85333,AZ,928,790
85334,AZ,928,1482
85335,AZ,623,31787
85336,AZ,928,700
85337,AZ,928,2793
85338,AZ,623,41115
85339,AZ,602,35586
85340,AZ,623,26262
85341,AZ,602,39
85342,AZ,602,1578
85343,AZ,623,196
85344,AZ,928,9147
85345,AZ,623,56208
85346,AZ,928,4423
85347,AZ,928,716
85348,AZ,928,2786
85349,AZ,928,25517
85350,AZ,928,21214
85351,AZ,623,27789
85352,AZ,928,461
85353,AZ,623,31011
85354,AZ,623,6645
85355,AZ,623,8745
85356,AZ,928,4539
85357,AZ,928,761
85360,AZ,928,222
85361,AZ,623,6700
85362,AZ,928,663
85363,AZ,623,6156
85364,AZ,928,71910
85365,AZ,928,46558
85367,AZ,928,20429
85371,AZ,928,419
85373,AZ,623,17356
85374,AZ,623,47146
85375,AZ,623,27703
85377,AZ,480,3051
85379,AZ,623,39732
85381,AZ,623,24249
85382,AZ,623,40454
85383,AZ,623,37182
85387,AZ,623,9573
85388,AZ,602,23490
85390,AZ,928,8621
85392,AZ,602,35310
85395,AZ,602,25922
85396,AZ,602,12163
85501,AZ,928,13345
85530,AZ,928,2069
85531,AZ,928,623
85533,AZ,928,2943
85534,AZ,928,2588
85535,AZ,928,21
85536,AZ,928,408
85539,AZ,928,4520
85540,AZ,928,2874
85541,AZ,928,21877
85542,AZ,928,3196
85543,AZ,928,3822
85544,AZ,928,2949
85545,AZ,928,583
85546,AZ,928,19677
85550,AZ,928,4790
85551,AZ,928,405
85552,AZ,928,6218
85553,AZ,928,1501
85554,AZ,928,778
85601,AZ,520,698
85602,AZ,520,9464
85603,AZ,520,7155
85605,AZ,520,597
85606,AZ,520,1184
85607,AZ,520,18925
85608,AZ,602,2305
85609,AZ,520,392
85610,AZ,520,1333
85611,AZ,520,965
85613,AZ,520,5601
85614,AZ,520,21895
85615,AZ,520,9413
85616,AZ,520,5566
85617,AZ,520,1277
85618,AZ,520,1725
85619,AZ,520,50
85620,AZ,520,897
85621,AZ,520,23054
85622,AZ,602,6325
85623,AZ,520,4073
85624,AZ,520,1426
85625,AZ,520,1983
85626,AZ,520,1021
85627,AZ,520,968
85629,AZ,520,23568
85630,AZ,520,2819
85631,AZ,520,3630
85632,AZ,520,835
85633,AZ,520,54
85634,AZ,520,6490
85635,AZ,520,34727
85637,AZ,520,1268
85638,AZ,520,1973
85640,AZ,520,441
85641,AZ,520,21753
85643,AZ,520,9810
85645,AZ,520,2231
85646,AZ,520,1311
85648,AZ,520,19080
85650,AZ,520,15279
85653,AZ,520,15083
85654,AZ,602,97
85658,AZ,602,7790
85701,AZ,520,4983
85704,AZ,520,30929
85705,AZ,520,57521
85706,AZ,520,55209
85707,AZ,520,658
85708,AZ,520,2980
85710,AZ,520,54439
85711,AZ,520,41251
85712,AZ,520,32666
85713,AZ,520,50151
85714,AZ,520,15009
85715,AZ,520,17702
85716,AZ,520,32853
85718,AZ,520,27367
85719,AZ,520,43989
85723,AZ,602,0
85724,AZ,520,0
85726,AZ,520,0
85730,AZ,520,38323
85735,AZ,520,11250
85736,AZ,520,4975
85737,AZ,520,20727
85739,AZ,520,17848
85741,AZ,520,32998
85742,AZ,520,25212
85743,AZ,520,29144
85745,AZ,520,37006
85746,AZ,520,43057
85747,AZ,520,23058
85748,AZ,520,18087
85749,AZ,520,19032
85750,AZ,520,24161
85755,AZ,520,15107
85756,AZ,602,35703
85757,AZ,602,16988
85901,AZ,928,17207
85911,AZ,928,1800
85912,AZ,602,178
85920,AZ,928,464
85922,AZ,928,41
85923,AZ,928,621
85924,AZ,928,2683
85925,AZ,928,4893
85926,AZ,928,265
85927,AZ,928,176
85928,AZ,928,1102
85929,AZ,928,8322
85930,AZ,928,1086
85931,AZ,602,207
85932,AZ,928,364
85933,AZ,928,3033
85934,AZ,928,574
85935,AZ,928,4735
85936,AZ,928,4293
85937,AZ,928,7638
85938,AZ,928,2366
85939,AZ,928,4400
85940,AZ,928,1443
85941,AZ,928,9941
85942,AZ,928,80
86001,AZ,928,40776
86003,AZ,928,23
86004,AZ,928,37338
86011,AZ,928,6362
86015,AZ,602,385
86016,AZ,928,62
86017,AZ,928,667
86018,AZ,928,759
86020,AZ,928,1941
86021,AZ,928,6085
86022,AZ,928,2210
86023,AZ,928,2627
86024,AZ,928,703
86025,AZ,928,5676
86028,AZ,602,47
86029,AZ,928,320
86030,AZ,928,1374
86031,AZ,928,1856
86032,AZ,928,1509
86033,AZ,928,7844
86034,AZ,928,2271
86035,AZ,928,1802
86036,AZ,928,388
86038,AZ,928,77
86039,AZ,928,1467
86040,AZ,928,10283
86042,AZ,928,1778
86043,AZ,928,1798
86044,AZ,928,4251
86045,AZ,928,11354
86046,AZ,928,6090
86047,AZ,928,14970
86052,AZ,928,28
86053,AZ,928,2311
86054,AZ,928,1935
86301,AZ,928,20626
86303,AZ,928,17082
86305,AZ,928,17356
86313,AZ,602,257
86314,AZ,928,34401
86315,AZ,602,7234
86320,AZ,928,1885
86321,AZ,928,2219
86322,AZ,928,11480
86323,AZ,928,15822
86324,AZ,928,4168
86325,AZ,928,5152
86326,AZ,928,23344
86327,AZ,928,8858
86329,AZ,928,1179
86331,AZ,928,477
86332,AZ,928,1637
86333,AZ,928,5734
86334,AZ,928,4985
86335,AZ,928,4806
86336,AZ,928,11320
86337,AZ,928,1267
86338,AZ,928,743
86343,AZ,928,177
86351,AZ,928,6349
86401,AZ,928,24289
86403,AZ,928,15802
86404,AZ,928,16243
86406,AZ,928,23763
86409,AZ,602,26471
86411,AZ,928,224
86413,AZ,928,12103
86426,AZ,928,13863
86429,AZ,928,7162
86431,AZ,928,403
86432,AZ,928,3933
86433,AZ,928,111
86434,AZ,928,1490
86435,AZ,928,487
86436,AZ,928,2104
86437,AZ,928,76
86438,AZ,928,913
86440,AZ,928,6906
86441,AZ,928,2224
86442,AZ,928,33382
86443,AZ,928,76
86444,AZ,928,1289
86445,AZ,602,311
86502,AZ,928,1464
86503,AZ,928,10714
86504,AZ,928,6589
86505,AZ,928,7682
86506,AZ,928,1321
86507,AZ,520,2340
86508,AZ,928,752
86510,AZ,928,5358
86511,AZ,928,3694
86512,AZ,928,2439
86514,AZ,928,3317
86515,AZ,928,4479
86520,AZ,602,1793
86535,AZ,928,1199
86538,AZ,928,2338
86540,AZ,602,1088
86544,AZ,928,1267
86545,AZ,928,1650
86547,AZ,602,1171
86556,AZ,928,2090
87001,NM,505,3684
87002,NM,505,22517
87004,NM,505,10136
87005,NM,505,799
87006,NM,505,703
87007,NM,505,1080
87008,NM,505,2552
87010,NM,505,1139
87011,NM,505,84
87012,NM,505,261
87013,NM,505,5200
87014,NM,505,654
87015,NM,505,13105
87016,NM,505,3730
87017,NM,505,429
87018,NM,505,522
87020,NM,505,11347
87021,NM,505,3472
87022,NM,505,907
87023,NM,505,665
87024,NM,505,2214
87025,NM,505,1237
87026,NM,505,4063
87027,NM,505,309
87028,NM,505,145
87029,NM,505,237
87031,NM,505,44075
87032,NM,505,291
87034,NM,505,2207
87035,NM,505,7268
87036,NM,505,1868
87037,NM,505,677
87038,NM,505,616
87040,NM,505,496
87041,NM,505,881
87042,NM,505,3644
87043,NM,505,5052
87044,NM,505,387
87045,NM,505,1751
87046,NM,505,186
87047,NM,505,4894
87048,NM,505,8682
87049,NM,505,973
87051,NM,505,969
87052,NM,505,3182
87053,NM,505,998
87056,NM,505,954
87059,NM,505,9604
87061,NM,505,371
87062,NM,505,1869
87063,NM,505,323
87064,NM,505,161
87068,NM,505,4755
87070,NM,505,42
87072,NM,505,660
87083,NM,505,569
87102,NM,505,21204
87104,NM,505,12123
87105,NM,505,57680
87106,NM,505,27013
87107,NM,505,31183
87108,NM,505,38647
87109,NM,505,40432
87110,NM,505,38587
87111,NM,505,56490
87112,NM,505,43584
87113,NM,505,14477
87114,NM,505,61623
87116,NM,505,4117
87117,NM,505,310
87120,NM,505,58023
87121,NM,505,76980
87122,NM,505,17977
87123,NM,505,41468
87124,NM,505,51404
87144,NM,505,37719
87301,NM,505,23674
87305,NM,505,3350
87310,NM,505,938
87311,NM,505,4208
87312,NM,505,579
87313,NM,505,5662
87315,NM,505,149
87316,NM,505,1304
87317,NM,505,1956
87319,NM,505,1832
87320,NM,505,765
87321,NM,505,2226
87322,NM,505,247
87323,NM,505,4558
87325,NM,505,3034
87326,NM,505,1688
87327,NM,505,7883
87328,NM,505,2668
87347,NM,505,309
87357,NM,505,604
87364,NM,505,1111
87375,NM,505,3193
87401,NM,505,46293
87402,NM,505,11034
87410,NM,505,17603
87412,NM,505,966
87413,NM,505,16792
87415,NM,505,1791
87416,NM,505,5454
87417,NM,505,6910
87418,NM,505,1059
87419,NM,505,464
87420,NM,505,11967
87421,NM,505,1871
87455,NM,505,1750
87461,NM,505,1315
87499,NM,505,453
87501,NM,505,15147
87505,NM,505,31013
87506,NM,505,12580
87507,NM,505,45890
87508,NM,505,18183
87510,NM,505,1096
87511,NM,505,2747
87512,NM,505,199
87513,NM,505,1007
87514,NM,505,1345
87515,NM,505,311
87516,NM,505,130
87517,NM,505,356
87518,NM,505,91
87519,NM,505,460
87520,NM,505,1419
87521,NM,505,1003
87522,NM,505,3384
87523,NM,505,405
87524,NM,505,260
87525,NM,505,72
87527,NM,505,880
87528,NM,505,3417
87529,NM,505,3600
87530,NM,505,974
87531,NM,505,368
87532,NM,505,18223
87533,NM,505,185
87535,NM,505,1270
87537,NM,505,2957
87538,NM,505,493
87539,NM,505,269
87540,NM,505,923
87543,NM,505,247
87544,NM,505,17950
87548,NM,505,928
87549,NM,505,1118
87551,NM,505,305
87552,NM,505,3325
87553,NM,505,1209
87554,NM,505,61
87556,NM,505,2417
87557,NM,505,6359
87558,NM,505,606
87560,NM,505,1445
87562,NM,505,576
87564,NM,505,332
87565,NM,505,478
87566,NM,505,3000
87567,NM,505,1634
87569,NM,505,442
87571,NM,505,11706
87573,NM,505,36
87574,NM,505,187
87575,NM,505,789
87577,NM,505,454
87578,NM,505,611
87579,NM,505,890
87580,NM,505,449
87581,NM,505,141
87582,NM,505,1350
87583,NM,505,234
87701,NM,505,20081
87710,NM,505,1768
87711,NM,505,753
87712,NM,505,283
87713,NM,505,283
87714,NM,505,1151
87715,NM,505,532
87718,NM,505,467
87722,NM,505,376
87723,NM,505,408
87724,NM,505,88
87728,NM,505,417
87729,NM,505,126
87730,NM,505,27
87731,NM,505,223
87732,NM,505,1672
87733,NM,505,158
87734,NM,505,181
87735,NM,505,90
87736,NM,505,233
87740,NM,505,8068
87742,NM,505,609
87743,NM,505,361
87745,NM,505,654
87746,NM,505,120
87747,NM,505,1624
87749,NM,505,75
87750,NM,505,11
87752,NM,505,431
87753,NM,505,254
87801,NM,505,10221
87820,NM,505,161
87821,NM,505,672
87823,NM,505,884
87824,NM,505,194
87825,NM,505,2999
87827,NM,505,276
87828,NM,505,429
87829,NM,505,922
87830,NM,505,999
87831,NM,505,195
87832,NM,505,600
87901,NM,505,7139
87930,NM,505,829
87931,NM,505,634
87933,NM,505,106
87935,NM,505,1770
87936,NM,505,515
87937,NM,505,3303
87939,NM,505,125
87940,NM,505,669
87941,NM,505,1216
87942,NM,505,898
87943,NM,505,228
88001,NM,505,37484
88002,NM,505,1656
88003,NM,505,894
88004,NM,505,699
88005,NM,505,27116
88007,NM,505,24048
88008,NM,505,5747
88009,NM,505,88
88011,NM,505,27698
88012,NM,505,25961
88020,NM,505,882
88021,NM,505,18421
88022,NM,505,1343
88023,NM,505,2406
88024,NM,505,236
88025,NM,505,256
88026,NM,505,1658
88027,NM,505,493
88028,NM,505,492
88029,NM,505,1873
88030,NM,505,23222
88032,NM,505,195
88033,NM,505,11
88034,NM,505,96
88038,NM,505,431
88039,NM,505,465
88040,NM,505,116
88041,NM,505,1243
88042,NM,505,250
88043,NM,505,1621
88044,NM,505,3896
88045,NM,505,3662
88046,NM,505,697
88047,NM,505,1967
88048,NM,505,3862
88049,NM,505,408
88051,NM,505,94
88052,NM,505,270
88053,NM,505,133
88055,NM,505,37
88056,NM,505,233
88061,NM,505,18585
88063,NM,505,12799
88065,NM,505,624
88072,NM,505,2501
88081,NM,505,15708
88101,NM,505,45006
88103,NM,505,278
88112,NM,505,123
88113,NM,505,103
88114,NM,505,35
88115,NM,505,44
88116,NM,505,455
88118,NM,505,180
88119,NM,505,1932
88120,NM,505,239
88121,NM,505,152
88124,NM,505,1165
88125,NM,505,90
88126,NM,505,30
88130,NM,505,18651
88132,NM,505,199
88134,NM,505,46
88135,NM,505,1804
88136,NM,505,44
88201,NM,505,25490
88203,NM,505,31561
88210,NM,505,17217
88220,NM,505,33725
88230,NM,505,5179
88231,NM,505,3238
88232,NM,505,2525
88240,NM,505,37149
88242,NM,505,6141
88250,NM,505,270
88252,NM,505,2160
88253,NM,505,935
88254,NM,505,191
88255,NM,505,128
88256,NM,505,1925
88260,NM,505,14343
88262,NM,505,30
88263,NM,505,175
88264,NM,505,39
88265,NM,505,243
88267,NM,505,1349
88268,NM,505,7
88301,NM,505,1386
88310,NM,505,35776
88311,NM,505,854
88312,NM,505,2586
88314,NM,505,210
88316,NM,505,2351
88317,NM,505,1751
88318,NM,505,381
88321,NM,505,187
88323,NM,505,14
88324,NM,505,210
88325,NM,505,899
88330,NM,505,3054
88336,NM,505,267
88337,NM,505,2295
88338,NM,505,189
88339,NM,505,618
88340,NM,505,3616
88341,NM,505,538
88342,NM,505,52
88343,NM,505,48
88344,NM,505,159
88345,NM,505,8845
88346,NM,505,3132
88347,NM,505,100
88348,NM,505,314
88349,NM,505,70
88350,NM,505,368
88351,NM,505,256
88352,NM,505,5188
88353,NM,505,473
88354,NM,505,108
88355,NM,505,29
88401,NM,505,6944
88410,NM,505,129
88411,NM,505,82
88414,NM,505,39
88415,NM,505,3569
88416,NM,505,189
88417,NM,505,25
88418,NM,505,294
88419,NM,505,229
88421,NM,505,19
88422,NM,505,68
88424,NM,505,128
88426,NM,505,1212
88427,NM,505,119
88430,NM,505,162
88431,NM,505,49
88434,NM,505,369
88435,NM,505,3559
88436,NM,505,185
89001,NV,775,1224
89002,NV,702,31880
89003,NV,775,1032
89004,NV,702,313
89005,NV,702,15065
89007,NV,702,1351
89008,NV,775,1508
89010,NV,775,415
89011,NV,702,19550
89012,NV,702,29085
89013,NV,775,285
89014,NV,702,36922
89015,NV,702,38993
89017,NV,702,176
89018,NV,702,1007
89019,NV,702,2673
89020,NV,775,1456
89021,NV,702,3605
89022,NV,775,69
89025,NV,702,1400
89026,NV,702,150
89027,NV,702,15275
89029,NV,702,7546
89030,NV,702,53928
89031,NV,702,60589
89032,NV,702,40297
89039,NV,702,316
89040,NV,702,3721
89042,NV,775,1010
89043,NV,775,1429
89044,NV,702,14260
89045,NV,775,1505
89046,NV,702,660
89047,NV,702,107
89048,NV,775,21169
89049,NV,775,2727
89052,NV,702,47214
89054,NV,702,105
89060,NV,775,10227
89061,NV,775,5252
89074,NV,702,47095
89081,NV,702,29774
89084,NV,702,21837
89085,NV,702,3367
89086,NV,702,4726
89101,NV,702,46055
89102,NV,702,35759
89103,NV,702,50519
89104,NV,702,39909
89106,NV,702,25759
89107,NV,702,36282
89108,NV,702,75498
89109,NV,702,7770
89110,NV,702,66927
89113,NV,702,23800
89115,NV,702,58794
89117,NV,702,55416
89118,NV,702,19318
89119,NV,702,49445
89120,NV,702,23311
89121,NV,702,64096
89122,NV,702,45720
89123,NV,702,56300
89124,NV,702,941
89128,NV,702,35669
89129,NV,702,51252
89130,NV,702,33015
89131,NV,702,43072
89134,NV,702,24040
89135,NV,702,24144
89138,NV,702,12118
89139,NV,702,30477
89141,NV,702,25150
89142,NV,702,33731
89143,NV,702,12786
89144,NV,702,18714
89145,NV,702,23186
89146,NV,702,19071
89147,NV,702,49778
89148,NV,702,39712
89149,NV,702,31143
89156,NV,702,27794
89161,NV,702,184
89166,NV,702,13209
89169,NV,702,23304
89178,NV,702,27588
89179,NV,702,2340
89183,NV,702,36005
89191,NV,702,857
89301,NV,775,7606
89310,NV,775,550
89311,NV,775,235
89314,NV,775,158
89316,NV,775,1408
89317,NV,775,477
89318,NV,775,1219
89319,NV,775,450
89402,NV,775,71
89403,NV,775,14158
89404,NV,775,52
89405,NV,775,239
89406,NV,775,24772
89408,NV,775,19626
89409,NV,775,283
89410,NV,775,10557
89411,NV,775,929
89412,NV,775,288
89413,NV,775,655
89414,NV,775,349
89415,NV,775,3793
89418,NV,775,388
89419,NV,775,5150
89420,NV,775,48
89421,NV,775,634
89422,NV,775,165
89423,NV,775,10465
89424,NV,775,341
89425,NV,775,432
89426,NV,775,208
89427,NV,775,746
89428,NV,775,179
89429,NV,775,7627
89430,NV,775,433
89431,NV,775,36189
89433,NV,775,20188
89434,NV,775,25416
89436,NV,775,36867
89438,NV,702,48
89439,NV,775,1417
89440,NV,775,947
89441,NV,702,11542
89442,NV,775,1118
89444,NV,775,2734
89445,NV,775,16114
89446,NV,775,36
89447,NV,775,7931
89448,NV,775,1695
89449,NV,775,2994
89450,NV,775,86
89451,NV,775,8930
89460,NV,775,13236
89501,NV,775,4252
89502,NV,775,43566
89503,NV,775,27891
89506,NV,775,38379
89508,NV,702,11662
89509,NV,775,33395
89510,NV,775,1685
89511,NV,775,25011
89512,NV,775,25574
89519,NV,702,8392
89521,NV,702,25716
89523,NV,775,31373
89701,NV,775,27625
89702,NV,775,0
89703,NV,775,9714
89704,NV,775,4290
89705,NV,775,4969
89706,NV,775,19510
89801,NV,775,23298
89815,NV,775,13346
89820,NV,775,5358
89821,NV,775,482
89822,NV,775,2513
89823,NV,775,273
89825,NV,775,1228
89826,NV,775,42
89828,NV,775,268
89830,NV,775,270
89831,NV,775,78
89832,NV,775,1304
89833,NV,775,201
89834,NV,775,126
89835,NV,775,1822
89883,NV,775,4488
90001,CA,323,57652
90002,CA,323,51223
90003,CA,323,75024
90004,CA,323,62180
90005,CA,213,37681
90006,CA,213,59185
90007,CA,213,40920
90008,CA,323,32327
90010,CA,213,3800
90011,CA,213,106042
90012,CA,213,31103
90013,CA,213,11772
90014,CA,213,7005
90015,CA,213,18986
90016,CA,323,47596
90017,CA,213,23768
90018,CA,323,49310
90019,CA,323,64458
90020,CA,213,38967
90021,CA,213,3951
90022,CA,323,64147
90023,CA,323,45903
90024,CA,310,47452
90025,CA,310,42147
90026,CA,213,64769
90027,CA,323,45151
90028,CA,323,28714
90029,CA,323,38617
90031,CA,323,39316
90032,CA,323,45786
90033,CA,323,48852
90034,CA,310,57964
90035,CA,310,28418
90036,CA,323,36865
90037,CA,323,62276
90038,CA,323,28917
90039,CA,323,28514
90040,CA,323,12520
90041,CA,323,27425
90042,CA,323,62430
90043,CA,323,44789
90044,CA,323,98990
90045,CA,310,39480
90046,CA,323,48581
90047,CA,323,48606
90048,CA,310,21397
90049,CA,310,35482
90056,CA,310,7827
90057,CA,213,44998
90058,CA,323,3223
90059,CA,323,40952
90061,CA,310,26872
90062,CA,323,32821
90063,CA,323,55758
90064,CA,310,25403
90065,CA,323,45527
90066,CA,310,55277
90067,CA,310,2424
90068,CA,323,22286
90069,CA,310,20483
90071,CA,213,15
90073,CA,310,539
90077,CA,310,9377
90079,CA,213,0
90089,CA,323,3217
90090,CA,714,0
90094,CA,323,5464
90095,CA,310,3
90201,CA,323,95134
90210,CA,310,21741
90211,CA,310,8434
90212,CA,310,11555
90220,CA,310,49328
90221,CA,310,53704
90222,CA,310,31869
90230,CA,310,31766
90232,CA,310,15149
90240,CA,562,25876
90241,CA,562,42399
90242,CA,562,43497
90245,CA,310,16654
90247,CA,310,47487
90248,CA,310,9947
90249,CA,310,26669
90250,CA,310,96200
90254,CA,310,19506
90255,CA,323,71654
90260,CA,310,34924
90262,CA,310,66073
90263,CA,424,1612
90265,CA,310,18116
90266,CA,310,35135
90270,CA,323,27372
90272,CA,310,22986
90274,CA,310,25209
90275,CA,310,41804
90277,CA,310,35293
90278,CA,310,40071
90280,CA,562,92262
90290,CA,310,6368
90291,CA,310,28341
90292,CA,310,21576
90293,CA,310,12132
90301,CA,310,36568
90302,CA,310,29415
90303,CA,310,26176
90304,CA,310,28210
90305,CA,310,14853
90401,CA,310,6722
90402,CA,310,12250
90403,CA,310,24525
90404,CA,310,21360
90405,CA,310,27186
90501,CA,310,43180
90502,CA,310,18010
90503,CA,310,44383
90504,CA,310,32102
90505,CA,310,36678
90506,CA,310,0
90601,CA,562,31974
90602,CA,562,25777
90603,CA,562,20063
90604,CA,562,39407
90605,CA,562,40331
90606,CA,562,32396
90620,CA,714,45113
90621,CA,714,35153
90623,CA,714,15554
90630,CA,714,47993
90631,CA,562,69064
90638,CA,562,49012
90640,CA,323,62549
90650,CA,562,101983
90660,CA,562,62928
90670,CA,562,14866
90680,CA,714,29945
90701,CA,562,16591
90703,CA,562,49399
90704,CA,310,4090
90706,CA,562,78352
90710,CA,310,25457
90712,CA,562,31499
90713,CA,562,27925
90715,CA,562,20388
90716,CA,562,14184
90717,CA,310,21318
90720,CA,562,21751
90723,CA,562,54099
90731,CA,310,59662
90732,CA,310,21115
90740,CA,562,23729
90742,CA,562,831
90743,CA,562,456
90744,CA,310,53815
90745,CA,310,57251
90746,CA,310,25990
90747,CA,310,0
90755,CA,714,11074
90802,CA,562,39347
90803,CA,562,32031
90804,CA,562,40311
90805,CA,562,96515
90806,CA,562,42399
90807,CA,562,31481
90808,CA,562,38232
90810,CA,562,36735
90813,CA,562,58911
90814,CA,562,19131
90815,CA,562,39733
90822,CA,562,117
90831,CA,562,0
91001,CA,626,36126
91006,CA,626,31715
91007,CA,626,34095
91008,CA,714,1391
91010,CA,626,26074
91011,CA,818,20280
91016,CA,626,40598
91020,CA,818,8415
91024,CA,626,10917
91030,CA,323,25616
91040,CA,818,20372
91042,CA,818,27585
91046,CA,714,156
91101,CA,626,20460
91103,CA,626,27480
91104,CA,626,36751
91105,CA,626,11254
91106,CA,626,24229
91107,CA,626,32940
91108,CA,626,13361
91201,CA,818,22781
91202,CA,818,22830
91203,CA,818,13220
91204,CA,818,16032
91205,CA,818,37810
91206,CA,818,33065
91207,CA,818,10506
91208,CA,818,16245
91210,CA,818,328
91214,CA,818,30356
91301,CA,818,25488
91302,CA,818,25709
91303,CA,818,26855
91304,CA,818,50231
91306,CA,818,45061
91307,CA,818,24474
91311,CA,818,36557
91316,CA,818,26898
91320,CA,805,44274
91321,CA,661,34882
91324,CA,818,27669
91325,CA,818,32417
91326,CA,818,33708
91330,CA,818,2702
91331,CA,818,99804
91335,CA,818,77158
91340,CA,818,34188
91342,CA,818,92580
91343,CA,818,60254
91344,CA,818,51747
91345,CA,818,18496
91350,CA,661,33348
91351,CA,661,32362
91352,CA,818,47807
91354,CA,661,28722
91355,CA,661,32605
91356,CA,818,29458
91360,CA,805,42402
91361,CA,805,20438
91362,CA,805,36045
91364,CA,818,25851
91367,CA,818,39499
91371,CA,714,1
91377,CA,818,13811
91381,CA,661,20158
91384,CA,661,29855
91387,CA,661,40328
91390,CA,661,19786
91401,CA,818,39285
91402,CA,818,67937
91403,CA,818,23484
91405,CA,818,51145
91406,CA,818,51558
91411,CA,818,24628
91423,CA,818,30991
91436,CA,818,14372
91501,CA,818,20849
91502,CA,818,11371
91504,CA,818,24939
91505,CA,818,30778
91506,CA,818,18904
91601,CA,818,37180
91602,CA,818,17473
91604,CA,818,29034
91605,CA,818,56343
91606,CA,818,44958
91607,CA,818,27927
91608,CA,818,0
91701,CA,909,38976
91702,CA,626,59705
91706,CA,626,72495
91708,CA,909,3369
91709,CA,909,78341
91710,CA,909,81466
91711,CA,909,35705
91722,CA,626,34409
91723,CA,626,18275
91724,CA,626,26184
91730,CA,909,71040
91731,CA,626,29591
91732,CA,626,61386
91733,CA,626,43896
91737,CA,909,24740
91739,CA,909,34794
91740,CA,626,25356
91741,CA,626,25824
91744,CA,626,79380
91745,CA,626,54013
91746,CA,626,30485
91748,CA,626,45406
91750,CA,909,33249
91752,CA,951,30047
91754,CA,323,32742
91755,CA,626,27496
91759,CA,714,476
91761,CA,909,56913
91762,CA,909,55857
91763,CA,909,36375
91764,CA,909,54086
91765,CA,909,46457
91766,CA,909,69517
91767,CA,909,48068
91768,CA,909,34537
91770,CA,626,62097
91773,CA,909,33119
91775,CA,626,23988
91776,CA,626,38475
91780,CA,626,34332
91784,CA,909,25938
91786,CA,909,51165
91789,CA,909,43079
91790,CA,626,44907
91791,CA,626,32414
91792,CA,626,30854
91801,CA,626,52735
91803,CA,626,30322
91901,CA,619,17403
91902,CA,619,17653
91905,CA,619,1700
91906,CA,619,3627
91910,CA,619,76313
91911,CA,619,87799
91913,CA,619,40971
91914,CA,619,15448
91915,CA,619,24659
91916,CA,619,1622
91917,CA,619,992
91931,CA,714,592
91932,CA,619,25718
91934,CA,619,737
91935,CA,619,8624
91941,CA,619,31779
91942,CA,619,38069
91945,CA,619,25460
91948,CA,619,78
91950,CA,619,60322
91962,CA,619,1646
91963,CA,619,1118
91977,CA,619,58368
91978,CA,619,8896
91980,CA,619,165
92003,CA,760,4746
92004,CA,760,3881
92007,CA,760,10429
92008,CA,760,27649
92009,CA,760,40747
92010,CA,714,14382
92011,CA,714,22405
92014,CA,858,13154
92019,CA,619,42598
92020,CA,619,57767
92021,CA,619,65068
92024,CA,760,49121
92025,CA,760,49978
92026,CA,760,48922
92027,CA,760,53881
92028,CA,760,46239
92029,CA,760,19021
92036,CA,760,3440
92037,CA,858,46781
92040,CA,619,41281
92054,CA,760,40375
92055,CA,760,15655
92056,CA,760,51835
92057,CA,760,54096
92058,CA,714,42436
92059,CA,760,1618
92060,CA,760,218
92061,CA,760,2499
92064,CA,858,47904
92065,CA,760,35414
92066,CA,760,378
92067,CA,858,9535
92069,CA,760,46369
92070,CA,760,1245
92071,CA,619,53422
92075,CA,858,12056
92078,CA,760,42906
92081,CA,714,27404
92082,CA,760,19037
92083,CA,760,36975
92084,CA,760,47654
92086,CA,760,1573
92091,CA,858,1048
92101,CA,619,37095
92102,CA,619,43267
92103,CA,619,31066
92104,CA,619,44414
92105,CA,619,72688
92106,CA,619,19330
92107,CA,619,28651
92108,CA,619,18858
92109,CA,619,45787
92110,CA,619,25341
92111,CA,858,45096
92113,CA,619,56066
92114,CA,619,66487
92115,CA,619,58560
92116,CA,619,31680
92117,CA,858,51332
92118,CA,619,23575
92119,CA,619,23057
92120,CA,619,26317
92121,CA,858,4179
92122,CA,858,43728
92123,CA,858,26823
92124,CA,858,30443
92126,CA,858,78111
92127,CA,858,39337
92128,CA,858,47490
92129,CA,858,51536
92130,CA,858,48940
92131,CA,858,32787
92132,CA,619,0
92134,CA,619,198
92135,CA,619,571
92139,CA,619,35125
92140,CA,619,3435
92145,CA,858,1449
92147,CA,619,559
92154,CA,619,83758
92155,CA,619,550
92173,CA,619,29429
92201,CA,760,61827
92203,CA,760,25605
92210,CA,760,4677
92211,CA,760,24294
92220,CA,951,31638
92222,CA,760,45
92223,CA,909,43605
92225,CA,760,24310
92227,CA,760,26234
92230,CA,909,2550
92231,CA,760,39073
92233,CA,760,8099
92234,CA,760,51151
92236,CA,760,41083
92239,CA,760,223
92240,CA,760,34722
92241,CA,760,8803
92242,CA,760,1539
92243,CA,760,48030
92249,CA,760,7334
92250,CA,760,8285
92251,CA,760,21583
92252,CA,760,9647
92253,CA,760,37262
92254,CA,760,12768
92256,CA,760,3588
92257,CA,760,2326
92258,CA,760,861
92259,CA,760,390
92260,CA,760,31753
92262,CA,760,26179
92264,CA,760,19383
92266,CA,760,234
92267,CA,760,126
92268,CA,760,574
92270,CA,760,17220
92273,CA,760,1823
92274,CA,760,19801
92275,CA,760,1506
92276,CA,760,7585
92277,CA,760,23911
92278,CA,760,3846
92280,CA,714,14
92281,CA,760,2432
92282,CA,714,1239
92283,CA,760,3158
92284,CA,760,25095
92285,CA,760,2632
92301,CA,760,32725
92304,CA,760,17
92305,CA,909,535
92307,CA,760,37630
92308,CA,760,39837
92309,CA,760,763
92310,CA,760,8845
92311,CA,760,31894
92313,CA,909,12025
92314,CA,909,10162
92315,CA,909,5094
92316,CA,909,30830
92320,CA,909,7788
92321,CA,909,1522
92322,CA,909,1257
92324,CA,909,56505
92325,CA,909,9391
92327,CA,760,632
92328,CA,760,445
92332,CA,714,65
92333,CA,909,472
92335,CA,909,96704
92336,CA,909,100571
92337,CA,909,37849
92338,CA,760,12
92339,CA,909,885
92341,CA,909,410
92342,CA,760,6379
92344,CA,760,20769
92345,CA,760,87476
92346,CA,909,54923
92347,CA,760,1692
92352,CA,909,8004
92354,CA,909,21559
92356,CA,760,6455
92358,CA,909,707
92359,CA,909,8103
92363,CA,760,5321
92364,CA,760,90
92365,CA,760,2637
92368,CA,760,1113
92371,CA,760,16763
92372,CA,760,6220
92373,CA,909,33423
92374,CA,909,40267
92376,CA,909,85727
92377,CA,909,19989
92378,CA,909,183
92382,CA,909,5268
92384,CA,760,36
92385,CA,714,313
92386,CA,909,2270
92389,CA,760,156
92391,CA,909,2534
92392,CA,760,54858
92394,CA,760,33237
92395,CA,909,42400
92397,CA,760,4894
92398,CA,760,1379
92399,CA,909,52606
92401,CA,909,1932
92404,CA,909,58271
92405,CA,909,28873
92407,CA,909,56689
92408,CA,909,15271
92410,CA,909,49410
92411,CA,909,26214
92501,CA,951,20970
92503,CA,951,88617
92504,CA,951,53778
92505,CA,909,47672
92506,CA,951,44001
92507,CA,951,58002
92508,CA,909,35000
92509,CA,909,80325
92518,CA,951,1162
92530,CA,714,50216
92532,CA,951,18644
92536,CA,714,3810
92539,CA,951,4734
92543,CA,951,33555
92544,CA,951,44734
92545,CA,951,39457
92548,CA,951,6643
92549,CA,951,3926
92551,CA,909,30815
92553,CA,951,73945
92555,CA,951,39076
92557,CA,951,50320
92561,CA,760,1661
92562,CA,951,62079
92563,CA,951,53892
92567,CA,909,9459
92570,CA,951,53697
92571,CA,951,52516
92582,CA,951,15649
92583,CA,909,30236
92584,CA,951,43400
92585,CA,951,17797
92586,CA,951,19815
92587,CA,951,16675
92590,CA,951,3660
92591,CA,951,38272
92592,CA,951,81636
92595,CA,951,29851
92596,CA,714,23172
92602,CA,714,22871
92603,CA,949,20184
92604,CA,949,26853
92606,CA,949,21495
92610,CA,949,11248
92612,CA,949,27522
92614,CA,949,24748
92617,CA,714,14044
92618,CA,949,16366
92620,CA,949,38486
92624,CA,949,7248
92625,CA,949,12478
92626,CA,714,49341
92627,CA,949,61510
92629,CA,949,25756
92630,CA,949,59182
92637,CA,949,16012
92646,CA,714,55224
92647,CA,714,57245
92648,CA,714,45317
92649,CA,714,32463
92651,CA,949,23881
92653,CA,949,29291
92655,CA,714,8337
92656,CA,949,49046
92657,CA,949,9741
92660,CA,949,34797
92661,CA,949,3744
92662,CA,949,2756
92663,CA,949,21649
92672,CA,949,34464
92673,CA,949,29309
92675,CA,949,34731
92676,CA,714,1945
92677,CA,949,63297
92678,CA,714,494
92679,CA,949,32611
92683,CA,714,90630
92688,CA,949,43792
92691,CA,949,47582
92692,CA,949,47222
92694,CA,949,21944
92701,CA,714,53908
92703,CA,714,61593
92704,CA,714,80767
92705,CA,714,44706
92706,CA,714,36457
92707,CA,714,59492
92708,CA,714,56004
92780,CA,714,57741
92782,CA,714,23032
92801,CA,714,62068
92802,CA,714,42709
92804,CA,714,84700
92805,CA,714,73310
92806,CA,714,37173
92807,CA,714,36171
92808,CA,714,20039
92821,CA,714,35533
92823,CA,714,3613
92831,CA,714,34204
92832,CA,714,24752
92833,CA,714,51767
92835,CA,714,24010
92840,CA,714,54083
92841,CA,714,32845
92843,CA,714,45214
92844,CA,714,24307
92845,CA,714,16333
92860,CA,714,27198
92861,CA,714,5781
92865,CA,714,19704
92866,CA,714,14885
92867,CA,714,44515
92868,CA,714,25404
92869,CA,714,37184
92870,CA,714,52033
92879,CA,951,46745
92880,CA,714,58763
92881,CA,951,30991
92882,CA,951,69472
92883,CA,951,29301
92886,CA,714,46564
92887,CA,714,20006
93001,CA,805,32990
93003,CA,805,50474
93004,CA,805,29149
93010,CA,805,42901
93012,CA,805,34617
93013,CA,805,16091
93015,CA,805,17334
93021,CA,805,36422
93022,CA,805,6106
93023,CA,805,20589
93030,CA,805,59372
93033,CA,805,82517
93035,CA,805,27732
93036,CA,805,41691
93040,CA,805,2031
93041,CA,805,23641
93042,CA,805,56
93043,CA,805,333
93060,CA,805,32811
93063,CA,805,54366
93064,CA,714,40
93065,CA,805,72086
93066,CA,805,3102
93067,CA,805,895
93101,CA,805,31683
93103,CA,805,20249
93105,CA,805,24815
93108,CA,805,11112
93109,CA,805,10858
93110,CA,805,16829
93111,CA,805,17370
93117,CA,805,53217
93201,CA,559,1348
93202,CA,559,4143
93203,CA,661,20938
93204,CA,559,15529
93205,CA,661,2113
93206,CA,661,2300
93207,CA,661,263
93208,CA,559,104
93210,CA,559,19504
93212,CA,559,26079
93215,CA,661,55659
93218,CA,559,994
93219,CA,661,10194
93220,CA,714,211
93221,CA,559,14945
93222,CA,661,2099
93223,CA,559,10604
93224,CA,661,451
93225,CA,661,5077
93226,CA,661,282
93230,CA,559,68572
93234,CA,559,6987
93235,CA,559,4559
93238,CA,760,1490
93239,CA,559,1688
93240,CA,760,6056
93241,CA,661,17489
93242,CA,559,3468
93243,CA,661,1699
93244,CA,559,534
93245,CA,559,37412
93247,CA,559,17423
93249,CA,661,2739
93250,CA,661,13522
93251,CA,661,270
93252,CA,661,4176
93254,CA,661,811
93255,CA,559,614
93256,CA,559,5753
93257,CA,559,79217
93258,CA,714,2046
93260,CA,661,200
93261,CA,661,3099
93262,CA,559,63
93263,CA,661,19582
93265,CA,559,3699
93266,CA,559,1587
93267,CA,559,6237
93268,CA,661,16897
93270,CA,559,5837
93271,CA,559,2276
93272,CA,559,3583
93274,CA,559,78831
93276,CA,714,161
93277,CA,559,50607
93280,CA,661,27152
93283,CA,760,2040
93285,CA,760,2536
93286,CA,559,9548
93287,CA,661,119
93291,CA,559,52849
93292,CA,559,39032
93301,CA,661,12248
93304,CA,661,48731
93305,CA,661,37601
93306,CA,661,64587
93307,CA,661,89651
93308,CA,661,52447
93309,CA,661,58409
93311,CA,661,40829
93312,CA,661,56741
93313,CA,661,43553
93314,CA,661,22393
93401,CA,805,28033
93402,CA,805,14318
93405,CA,805,35440
93410,CA,805,0
93420,CA,805,28413
93422,CA,805,31375
93424,CA,805,1261
93426,CA,805,1401
93427,CA,805,5505
93428,CA,805,6314
93429,CA,714,154
93430,CA,805,2972
93432,CA,805,1384
93433,CA,805,13162
93434,CA,805,7110
93436,CA,805,54017
93437,CA,805,3338
93440,CA,805,2058
93441,CA,805,1530
93442,CA,805,10789
93444,CA,805,19244
93445,CA,805,7173
93446,CA,805,43714
93449,CA,805,7657
93450,CA,831,740
93451,CA,805,3779
93452,CA,805,524
93453,CA,805,2899
93454,CA,805,36448
93455,CA,805,41684
93458,CA,805,55431
93460,CA,805,5255
93461,CA,805,1623
93463,CA,805,7646
93465,CA,805,9153
93501,CA,661,5467
93505,CA,661,14038
93510,CA,661,7993
93512,CA,760,277
93513,CA,760,1763
93514,CA,760,13857
93516,CA,760,2299
93517,CA,760,670
93518,CA,661,1146
93519,CA,714,101
93522,CA,714,48
93523,CA,661,3074
93524,CA,661,229
93526,CA,760,719
93527,CA,760,2387
93528,CA,760,172
93529,CA,760,633
93530,CA,760,47
93531,CA,661,509
93532,CA,661,2932
93534,CA,661,39341
93535,CA,661,80905
93536,CA,661,72131
93541,CA,760,449
93543,CA,661,13033
93544,CA,661,1259
93545,CA,760,2082
93546,CA,760,9567
93549,CA,760,344
93550,CA,661,81501
93551,CA,661,50798
93552,CA,661,38158
93553,CA,661,2138
93554,CA,760,72
93555,CA,760,32560
93558,CA,760,125
93560,CA,661,18910
93561,CA,661,34630
93562,CA,760,1818
93563,CA,661,388
93591,CA,661,7285
93592,CA,714,64
93601,CA,559,1909
93602,CA,559,3862
93603,CA,559,222
93604,CA,559,674
93605,CA,559,175
93606,CA,559,1217
93608,CA,559,1114
93609,CA,559,5640
93610,CA,559,23833
93611,CA,559,45614
93612,CA,559,35351
93614,CA,559,11661
93615,CA,559,6042
93616,CA,559,2627
93618,CA,559,28262
93619,CA,714,28965
93620,CA,209,9591
93621,CA,559,464
93622,CA,559,9581
93623,CA,559,69
93624,CA,559,1134
93625,CA,559,7313
93626,CA,559,1359
93627,CA,559,123
93628,CA,559,327
93630,CA,559,19162
93631,CA,559,15941
93633,CA,559,25
93634,CA,559,33
93635,CA,209,38776
93636,CA,714,11908
93637,CA,559,37743
93638,CA,559,49068
93640,CA,559,11880
93641,CA,559,595
93643,CA,559,3171
93644,CA,559,8637
93645,CA,559,318
93646,CA,559,10557
93647,CA,559,11874
93648,CA,559,15719
93650,CA,559,4055
93651,CA,559,1674
93652,CA,559,415
93653,CA,559,1229
93654,CA,559,29776
93656,CA,559,6313
93657,CA,559,34999
93660,CA,559,4675
93662,CA,559,30237
93664,CA,559,585
93665,CA,209,472
93666,CA,559,692
93667,CA,559,2604
93668,CA,559,1118
93669,CA,559,295
93673,CA,559,713
93675,CA,559,3721
93701,CA,559,12529
93702,CA,559,48607
93703,CA,559,31868
93704,CA,559,27156
93705,CA,559,36703
93706,CA,559,41087
93710,CA,559,30202
93711,CA,559,36731
93720,CA,559,45191
93721,CA,559,6959
93722,CA,559,86387
93723,CA,714,9547
93725,CA,559,24979
93726,CA,559,40705
93727,CA,559,82176
93728,CA,559,15743
93730,CA,714,9941
93901,CA,831,26863
93905,CA,831,61087
93906,CA,831,59461
93907,CA,831,21726
93908,CA,831,13043
93920,CA,831,1369
93921,CA,831,3281
93923,CA,831,12073
93924,CA,831,6279
93925,CA,831,1671
93926,CA,831,8726
93927,CA,831,17547
93928,CA,831,506
93930,CA,831,15866
93932,CA,831,592
93933,CA,831,22406
93940,CA,831,31615
93943,CA,831,6
93950,CA,831,15046
93953,CA,831,4509
93954,CA,831,302
93955,CA,831,33359
93960,CA,831,27080
93962,CA,831,673
94002,CA,650,25992
94005,CA,415,4282
94010,CA,650,40737
94014,CA,415,47014
94015,CA,650,60927
94019,CA,650,18424
94020,CA,650,1559
94021,CA,650,192
94022,CA,650,18500
94024,CA,650,22385
94025,CA,650,40526
94027,CA,650,7089
94028,CA,650,6534
94030,CA,650,21536
94037,CA,650,2913
94038,CA,650,3040
94040,CA,650,32996
94041,CA,650,13292
94043,CA,650,28358
94044,CA,650,37296
94060,CA,650,1554
94061,CA,650,36245
94062,CA,650,25876
94063,CA,650,30949
94065,CA,650,11359
94066,CA,650,41130
94070,CA,650,29166
94074,CA,650,214
94080,CA,650,63975
94085,CA,408,21247
94086,CA,408,45697
94087,CA,408,54293
94089,CA,408,19245
94102,CA,415,31176
94103,CA,415,32400
94104,CA,415,406
94105,CA,415,5846
94107,CA,415,26599
94108,CA,415,13768
94109,CA,415,55984
94110,CA,415,69679
94111,CA,415,3713
94112,CA,415,80880
94114,CA,415,31124
94115,CA,415,33021
94116,CA,415,43698
94117,CA,415,39169
94118,CA,415,38319
94121,CA,415,41203
94122,CA,415,56023
94123,CA,415,23088
94124,CA,415,33996
94127,CA,415,19289
94128,CA,650,69
94129,CA,415,3183
94130,CA,415,2880
94131,CA,415,26881
94132,CA,415,28129
94133,CA,415,26237
94134,CA,415,40798
94158,CA,714,4792
94301,CA,650,16995
94303,CA,650,45467
94304,CA,650,3627
94305,CA,650,13862
94306,CA,650,26469
94401,CA,650,34429
94402,CA,650,23981
94403,CA,650,39642
94404,CA,650,33749
94501,CA,510,60212
94502,CA,510,13600
94503,CA,707,19681
94505,CA,714,13403
94506,CA,925,22452
94507,CA,925,14889
94508,CA,707,3661
94509,CA,925,62439
94510,CA,707,27088
94511,CA,925,2137
94512,CA,707,108
94513,CA,925,54605
94514,CA,925,1360
94515,CA,707,7050
94516,CA,714,211
94517,CA,925,12385
94518,CA,925,26778
94519,CA,925,18453
94520,CA,925,37208
94521,CA,925,41249
94523,CA,925,33569
94525,CA,510,3127
94526,CA,925,31102
94528,CA,925,964
94530,CA,510,23877
94531,CA,925,40290
94533,CA,707,78129
94534,CA,714,36416
94535,CA,707,3793
94536,CA,510,71445
94538,CA,510,61148
94539,CA,510,50031
94541,CA,510,61635
94542,CA,510,12717
94544,CA,510,77712
94545,CA,510,29707
94546,CA,510,42209
94547,CA,510,24092
94548,CA,714,412
94549,CA,925,26864
94550,CA,925,46896
94551,CA,925,36867
94552,CA,510,14454
94553,CA,925,47065
94555,CA,510,34143
94556,CA,925,15229
94558,CA,707,65084
94559,CA,707,27184
94560,CA,510,42573
94561,CA,925,36515
94563,CA,925,17672
94564,CA,510,18287
94565,CA,925,100826
94566,CA,925,40884
94567,CA,707,623
94568,CA,925,46016
94569,CA,510,198
94571,CA,707,7911
94572,CA,510,8684
94573,CA,707,94
94574,CA,707,8742
94575,CA,714,974
94576,CA,707,164
94577,CA,510,45560
94578,CA,510,38558
94579,CA,510,20571
94580,CA,510,27152
94582,CA,714,38537
94583,CA,925,34859
94585,CA,707,28263
94586,CA,925,925
94587,CA,510,69502
94588,CA,925,30842
94589,CA,707,29876
94590,CA,707,35420
94591,CA,707,53042
94592,CA,707,742
94595,CA,925,16425
94596,CA,925,20037
94597,CA,925,20277
94598,CA,925,25818
94599,CA,707,3021
94601,CA,510,50294
94602,CA,510,28329
94603,CA,510,31403
94605,CA,510,39016
94606,CA,510,36672
94607,CA,510,24978
94608,CA,510,28019
94609,CA,510,20596
94610,CA,510,29287
94611,CA,510,36565
94612,CA,510,14389
94613,CA,714,715
94618,CA,510,16046
94619,CA,510,23299
94621,CA,510,29870
94702,CA,510,15979
94703,CA,510,19846
94704,CA,510,25592
94705,CA,510,12762
94706,CA,510,19615
94707,CA,510,11710
94708,CA,510,10985
94709,CA,510,11806
94710,CA,510,6948
94720,CA,510,2964
94801,CA,510,29395
94803,CA,510,24904
94804,CA,510,38559
94805,CA,510,13648
94806,CA,510,59861
94850,CA,714,0
94901,CA,415,41157
94903,CA,415,29040
94904,CA,415,11995
94920,CA,415,12474
94922,CA,707,425
94923,CA,707,1411
94924,CA,415,1638
94925,CA,415,9253
94928,CA,707,43170
94929,CA,415,264
94930,CA,415,8500
94931,CA,707,8470
94933,CA,415,865
94937,CA,415,837
94938,CA,415,812
94939,CA,415,6859
94940,CA,415,268
94941,CA,415,30496
94945,CA,415,17167
94946,CA,415,699
94947,CA,415,24283
94949,CA,415,17202
94950,CA,415,89
94951,CA,707,4124
94952,CA,707,32858
94954,CA,707,37365
94956,CA,415,1756
94957,CA,415,1332
94960,CA,415,15740
94963,CA,415,569
94964,CA,714,5094
94965,CA,415,10847
94970,CA,415,683
94971,CA,415,337
94972,CA,707,52
94973,CA,415,1429
95002,CA,408,2077
95003,CA,831,23974
95004,CA,831,3918
95005,CA,831,6311
95006,CA,831,8979
95007,CA,831,676
95008,CA,408,45260
95010,CA,831,9137
95012,CA,831,10320
95013,CA,408,80
95014,CA,408,60717
95017,CA,831,834
95018,CA,831,7778
95019,CA,831,7727
95020,CA,408,57349
95023,CA,831,48841
95030,CA,408,12791
95032,CA,408,25089
95033,CA,408,9372
95035,CA,408,79393
95037,CA,408,45579
95039,CA,831,1377
95041,CA,714,160
95043,CA,831,639
95045,CA,831,4046
95046,CA,408,6417
95050,CA,408,35923
95051,CA,408,54327
95053,CA,714,2206
95054,CA,408,23364
95060,CA,831,46377
95062,CA,831,36079
95064,CA,831,7331
95065,CA,831,8113
95066,CA,831,14749
95070,CA,408,30617
95073,CA,831,10154
95075,CA,831,331
95076,CA,831,83716
95110,CA,408,18730
95111,CA,408,58466
95112,CA,408,55927
95113,CA,408,893
95116,CA,408,51496
95117,CA,408,30067
95118,CA,408,31932
95119,CA,408,9970
95120,CA,408,37457
95121,CA,408,37469
95122,CA,408,56545
95123,CA,408,62228
95124,CA,408,47082
95125,CA,408,51939
95126,CA,408,31049
95127,CA,408,61325
95128,CA,408,34836
95129,CA,408,38720
95130,CA,408,13911
95131,CA,408,28565
95132,CA,408,40299
95133,CA,408,25401
95134,CA,408,15268
95135,CA,408,20120
95136,CA,408,42989
95138,CA,408,18889
95139,CA,408,6748
95140,CA,408,191
95148,CA,408,45528
95202,CA,209,6521
95203,CA,209,15696
95204,CA,209,27786
95205,CA,209,38069
95206,CA,209,65004
95207,CA,209,47965
95209,CA,209,39488
95210,CA,209,39009
95211,CA,209,1545
95212,CA,209,25239
95215,CA,209,23224
95219,CA,209,27884
95220,CA,209,7273
95222,CA,209,5292
95223,CA,209,4612
95224,CA,209,429
95225,CA,209,672
95226,CA,209,84
95227,CA,209,941
95228,CA,209,3976
95230,CA,209,718
95231,CA,209,4374
95232,CA,209,304
95233,CA,209,436
95234,CA,714,70
95236,CA,209,4223
95237,CA,209,3167
95240,CA,209,47172
95242,CA,209,25393
95245,CA,209,2277
95246,CA,209,1615
95247,CA,209,4368
95248,CA,209,301
95249,CA,209,4042
95251,CA,209,767
95252,CA,209,13460
95254,CA,209,480
95255,CA,209,2042
95257,CA,209,413
95258,CA,209,4018
95301,CA,209,37073
95303,CA,209,912
95304,CA,209,15706
95305,CA,209,245
95306,CA,209,970
95307,CA,209,42753
95310,CA,209,1882
95311,CA,209,2197
95312,CA,209,268
95313,CA,209,1386
95315,CA,209,13018
95316,CA,209,6573
95317,CA,714,817
95318,CA,209,541
95319,CA,209,1749
95320,CA,209,12819
95321,CA,209,3736
95322,CA,209,8942
95323,CA,209,1260
95324,CA,209,7324
95325,CA,209,81
95326,CA,209,9581
95327,CA,209,9806
95328,CA,209,3993
95329,CA,209,2460
95330,CA,209,17853
95333,CA,209,2942
95334,CA,209,15457
95335,CA,209,541
95336,CA,209,42675
95337,CA,209,31557
95338,CA,209,11062
95340,CA,209,33931
95341,CA,714,32967
95345,CA,209,708
95346,CA,209,1272
95348,CA,209,30805
95350,CA,209,51046
95351,CA,209,46458
95354,CA,209,25394
95355,CA,209,58311
95356,CA,209,30918
95357,CA,209,11559
95358,CA,209,31668
95360,CA,209,11712
95361,CA,209,31610
95363,CA,209,25237
95364,CA,209,53
95365,CA,209,4985
95366,CA,209,16575
95367,CA,209,23173
95368,CA,209,13614
95369,CA,209,1099
95370,CA,209,26803
95372,CA,209,1963
95374,CA,209,2030
95375,CA,209,106
95376,CA,209,49859
95377,CA,209,30902
95379,CA,209,3898
95380,CA,209,41201
95382,CA,209,36176
95383,CA,209,3937
95385,CA,209,429
95386,CA,209,9877
95387,CA,209,636
95388,CA,209,13074
95389,CA,209,1272
95391,CA,714,9959
95401,CA,707,36981
95403,CA,707,45164
95404,CA,707,39761
95405,CA,707,21399
95407,CA,707,39352
95409,CA,707,27187
95410,CA,707,950
95412,CA,707,401
95415,CA,707,1592
95417,CA,707,297
95420,CA,707,374
95421,CA,707,1592
95422,CA,707,15585
95423,CA,707,3747
95425,CA,707,10841
95426,CA,707,2147
95427,CA,707,459
95428,CA,707,2516
95429,CA,714,70
95430,CA,707,44
95431,CA,714,631
95432,CA,707,426
95435,CA,714,82
95436,CA,707,5418
95437,CA,707,14799
95439,CA,714,675
95441,CA,707,2014
95442,CA,707,3178
95443,CA,707,233
95444,CA,707,748
95445,CA,707,2093
95446,CA,707,4750
95448,CA,707,16852
95449,CA,707,1507
95450,CA,707,387
95451,CA,707,11213
95452,CA,707,1393
95453,CA,707,11256
95454,CA,707,2556
95456,CA,707,795
95457,CA,707,2893
95458,CA,707,3104
95459,CA,707,504
95460,CA,707,2285
95461,CA,707,3413
95462,CA,707,1417
95463,CA,707,169
95464,CA,707,2673
95465,CA,707,2083
95466,CA,707,946
95467,CA,714,5498
95468,CA,707,1258
95469,CA,707,1767
95470,CA,707,6032
95471,CA,707,522
95472,CA,707,28255
95476,CA,707,35394
95482,CA,707,31808
95485,CA,707,2557
95486,CA,707,62
95488,CA,714,280
95490,CA,707,13264
95492,CA,707,28532
95493,CA,707,198
95494,CA,707,139
95497,CA,707,1305
95501,CA,707,23976
95503,CA,707,24152
95511,CA,707,360
95514,CA,707,254
95519,CA,707,17432
95521,CA,707,20199
95524,CA,707,1787
95525,CA,707,1733
95526,CA,707,378
95527,CA,530,627
95528,CA,707,1139
95531,CA,707,24528
95536,CA,707,2849
95537,CA,714,276
95540,CA,707,13657
95542,CA,707,2533
95543,CA,707,765
95545,CA,707,153
95546,CA,530,3494
95547,CA,707,1222
95548,CA,707,1373
95549,CA,707,805
95550,CA,707,128
95551,CA,707,1739
95552,CA,707,697
95553,CA,707,1062
95554,CA,707,533
95555,CA,707,410
95556,CA,530,605
95558,CA,707,425
95559,CA,707,182
95560,CA,707,1648
95562,CA,707,3450
95563,CA,530,652
95564,CA,714,462
95565,CA,707,1071
95567,CA,707,1930
95568,CA,530,136
95569,CA,707,361
95570,CA,707,2579
95571,CA,707,271
95573,CA,530,1744
95585,CA,707,508
95587,CA,707,201
95589,CA,707,1612
95595,CA,707,262
95601,CA,209,198
95602,CA,530,17509
95603,CA,530,27844
95604,CA,530,75
95605,CA,916,14179
95606,CA,530,196
95607,CA,530,431
95608,CA,916,59418
95610,CA,916,44147
95612,CA,916,1239
95614,CA,530,3833
95615,CA,916,834
95616,CA,530,47032
95618,CA,530,27281
95619,CA,530,4842
95620,CA,707,20553
95621,CA,916,39819
95623,CA,530,3806
95624,CA,916,61989
95625,CA,714,155
95626,CA,916,5975
95627,CA,530,3513
95628,CA,916,40196
95629,CA,209,832
95630,CA,916,76599
95631,CA,530,6076
95632,CA,209,29269
95633,CA,530,3349
95634,CA,530,3232
95635,CA,530,1262
95636,CA,714,1101
95637,CA,530,370
95638,CA,209,2255
95639,CA,916,283
95640,CA,209,11353
95641,CA,916,1986
95642,CA,209,7164
95645,CA,530,2037
95646,CA,209,158
95648,CA,916,47354
95650,CA,916,12447
95651,CA,530,637
95652,CA,916,739
95653,CA,714,527
95655,CA,916,4314
95658,CA,530,6285
95659,CA,530,702
95660,CA,916,30714
95661,CA,916,29791
95662,CA,916,31558
95663,CA,916,2377
95664,CA,530,1380
95665,CA,209,4426
95666,CA,209,5336
95667,CA,530,36726
95668,CA,916,815
95669,CA,916,2443
95670,CA,916,52973
95672,CA,530,4773
95673,CA,916,15455
95674,CA,530,935
95675,CA,209,381
95677,CA,916,23333
95678,CA,916,41192
95679,CA,530,55
95680,CA,714,146
95681,CA,530,1226
95682,CA,530,29114
95683,CA,916,6180
95684,CA,530,3422
95685,CA,209,4680
95686,CA,209,1405
95687,CA,707,68996
95688,CA,707,34379
95689,CA,209,1244
95690,CA,916,2533
95691,CA,916,34737
95692,CA,530,4769
95693,CA,916,6758
95694,CA,530,9156
95695,CA,530,37946
95697,CA,714,425
95698,CA,714,236
95699,CA,714,154
95701,CA,530,983
95703,CA,530,897
95709,CA,530,4772
95713,CA,530,9495
95714,CA,530,382
95715,CA,530,115
95717,CA,530,231
95720,CA,530,157
95721,CA,714,37
95722,CA,530,4585
95724,CA,530,27
95726,CA,530,8842
95728,CA,530,386
95735,CA,530,68
95736,CA,530,240
95742,CA,916,7749
95746,CA,916,21460
95747,CA,916,51870
95757,CA,714,40222
95758,CA,916,60435
95762,CA,916,38797
95765,CA,916,33974
95776,CA,530,21902
95811,CA,714,7595
95814,CA,916,9922
95815,CA,916,24680
95816,CA,916,15579
95817,CA,916,13534
95818,CA,916,19811
95819,CA,916,17141
95820,CA,916,34480
95821,CA,916,33550
95822,CA,916,42347
95823,CA,916,82983
95824,CA,916,30221
95825,CA,916,31084
95826,CA,916,36628
95827,CA,916,20269
95828,CA,916,57862
95829,CA,916,24755
95830,CA,714,934
95831,CA,916,41321
95832,CA,916,11924
95833,CA,916,37293
95834,CA,916,25899
95835,CA,916,35936
95837,CA,916,315
95838,CA,916,36764
95841,CA,916,19448
95842,CA,916,31806
95843,CA,916,45048
95864,CA,916,22447
95901,CA,530,31314
95903,CA,530,1732
95910,CA,530,86
95912,CA,530,4685
95914,CA,530,578
95915,CA,714,44
95916,CA,530,1441
95917,CA,530,3155
95918,CA,530,2339
95919,CA,530,1378
95920,CA,530,274
95922,CA,530,687
95923,CA,530,58
95925,CA,530,295
95926,CA,530,37725
95928,CA,530,36511
95930,CA,530,69
95932,CA,530,7718
95934,CA,530,274
95935,CA,530,631
95936,CA,530,352
95937,CA,530,1491
95938,CA,530,3787
95939,CA,530,604
95941,CA,530,563
95942,CA,530,1301
95943,CA,530,879
95944,CA,530,46
95945,CA,530,25199
95946,CA,530,9790
95947,CA,530,1899
95948,CA,530,10810
95949,CA,530,19741
95950,CA,530,569
95951,CA,530,2601
95953,CA,530,10718
95954,CA,530,12251
95955,CA,530,1517
95956,CA,530,401
95957,CA,530,761
95959,CA,530,17838
95960,CA,530,796
95961,CA,530,26510
95962,CA,530,1567
95963,CA,530,15493
95965,CA,530,20384
95966,CA,530,30643
95968,CA,530,1412
95969,CA,530,27549
95970,CA,530,530
95971,CA,530,5970
95973,CA,530,31957
95974,CA,530,8
95975,CA,530,1769
95977,CA,530,1678
95978,CA,714,143
95979,CA,530,597
95981,CA,530,97
95982,CA,530,3221
95983,CA,530,428
95984,CA,714,120
95986,CA,530,162
95987,CA,530,5992
95988,CA,530,8857
95991,CA,530,40593
95993,CA,530,36067
96001,CA,530,33865
96002,CA,530,33298
96003,CA,530,44461
96006,CA,530,557
96007,CA,530,22841
96008,CA,530,1231
96009,CA,530,569
96010,CA,530,239
96011,CA,530,218
96013,CA,530,4212
96014,CA,530,211
96015,CA,530,465
96016,CA,530,366
96017,CA,530,171
96019,CA,530,10082
96020,CA,530,2416
96021,CA,530,16097
96022,CA,530,15768
96023,CA,530,1240
96024,CA,530,1145
96025,CA,530,2310
96027,CA,530,2227
96028,CA,530,1464
96029,CA,530,124
96031,CA,530,158
96032,CA,530,2407
96033,CA,530,432
96034,CA,530,294
96035,CA,530,3324
96037,CA,530,308
96038,CA,530,589
96039,CA,530,1251
96040,CA,530,341
96041,CA,530,2747
96044,CA,530,1022
96046,CA,714,304
96047,CA,530,1004
96048,CA,530,736
96049,CA,530,95
96050,CA,530,414
96051,CA,530,1139
96052,CA,530,1460
96054,CA,530,366
96055,CA,530,3935
96056,CA,530,1642
96057,CA,530,1355
96058,CA,530,798
96059,CA,530,688
96061,CA,530,36
96062,CA,530,1105
96063,CA,530,125
96064,CA,530,4574
96065,CA,530,357
96067,CA,530,7165
96068,CA,530,183
96069,CA,530,982
96071,CA,530,125
96073,CA,530,4082
96074,CA,530,260
96075,CA,530,369
96076,CA,530,166
96080,CA,530,28764
96084,CA,530,625
96085,CA,714,85
96086,CA,530,338
96087,CA,530,600
96088,CA,530,4506
96090,CA,530,421
96091,CA,530,699
96092,CA,530,496
96093,CA,530,4133
96094,CA,530,6630
96096,CA,530,695
96097,CA,530,10031
96101,CA,530,5490
96103,CA,530,1725
96104,CA,530,748
96105,CA,530,527
96106,CA,530,479
96107,CA,530,1269
96108,CA,530,122
96109,CA,530,2197
96110,CA,530,166
96111,CA,714,160
96112,CA,530,214
96113,CA,530,1000
96114,CA,530,3220
96115,CA,530,145
96116,CA,530,233
96117,CA,530,405
96118,CA,530,1627
96119,CA,530,90
96120,CA,530,957
96121,CA,530,368
96122,CA,530,3883
96123,CA,530,48
96124,CA,530,326
96125,CA,530,258
96126,CA,530,215
96128,CA,530,752
96129,CA,530,261
96130,CA,530,23150
96132,CA,530,119
96133,CA,530,110
96134,CA,530,2512
96135,CA,530,128
96136,CA,714,104
96137,CA,530,3297
96140,CA,530,1170
96141,CA,530,744
96142,CA,530,1037
96143,CA,530,4414
96145,CA,530,3161
96146,CA,530,1366
96148,CA,530,788
96150,CA,530,29792
96155,CA,714,8
96161,CA,530,18451
96701,HI,808,40281
96703,HI,808,2368
96704,HI,808,6505
96705,HI,808,2319
96706,HI,808,62730
96707,HI,808,38817
96708,HI,808,10220
96710,HI,808,613
96712,HI,808,7352
96713,HI,808,1990
96714,HI,808,1390
96716,HI,808,2823
96717,HI,808,5555
96719,HI,808,1692
96720,HI,808,46165
96722,HI,808,2484
96725,HI,808,3592
96726,HI,808,661
96727,HI,808,4878
96728,HI,808,610
96729,HI,808,1303
96730,HI,808,1541
96731,HI,808,3292
96732,HI,808,24816
96734,HI,808,50746
96737,HI,808,4552
96738,HI,808,6609
96740,HI,808,33321
96741,HI,808,5929
96742,HI,808,90
96743,HI,808,12160
96744,HI,808,54247
96746,HI,808,18319
96747,HI,808,749
96748,HI,808,4503
96749,HI,808,17047
96750,HI,808,3793
96751,HI,808,175
96752,HI,808,3680
96753,HI,808,26892
96754,HI,808,4084
96755,HI,808,3575
96756,HI,808,5190
96757,HI,808,758
96759,HI,808,457
96760,HI,808,3001
96761,HI,808,22156
96762,HI,808,6419
96763,HI,808,3135
96764,HI,808,799
96765,HI,808,553
96766,HI,808,14683
96768,HI,808,17668
96769,HI,808,464
96770,HI,808,691
96771,HI,808,8339
96772,HI,808,2304
96773,HI,808,210
96774,HI,808,342
96776,HI,808,1490
96777,HI,808,1479
96778,HI,808,14409
96779,HI,808,3088
96780,HI,808,557
96781,HI,808,1670
96782,HI,808,40496
96783,HI,808,2060
96785,HI,808,2646
96786,HI,808,40859
96789,HI,808,54129
96790,HI,808,8065
96791,HI,808,8014
96792,HI,808,48519
96793,HI,808,29549
96795,HI,808,10034
96796,HI,808,1881
96797,HI,808,72605
96813,HI,808,22881
96814,HI,808,18721
96815,HI,808,31470
96816,HI,808,49368
96817,HI,808,54628
96818,HI,808,50586
96819,HI,808,49492
96821,HI,808,19856
96822,HI,808,45007
96825,HI,808,30263
96826,HI,808,30842
96850,HI,808,0
96853,HI,808,462
96857,HI,808,2522
96859,HI,808,156
96860,HI,808,1124
96863,HI,808,52
97001,OR,541,229
97002,OR,503,5623
97004,OR,503,4388
97005,OR,503,24906
97006,OR,503,63036
97007,OR,503,48524
97008,OR,503,28969
97009,OR,503,7762
97011,OR,503,582
97013,OR,503,22688
97014,OR,541,1288
97015,OR,503,19521
97016,OR,503,6083
97017,OR,503,2922
97018,OR,503,1952
97019,OR,503,3161
97020,OR,503,791
97021,OR,541,1089
97022,OR,503,3722
97023,OR,503,9832
97024,OR,503,10242
97026,OR,503,3815
97027,OR,503,12131
97028,OR,503,217
97029,OR,541,285
97030,OR,503,36693
97031,OR,541,18375
97032,OR,503,5043
97033,OR,541,60
97034,OR,503,18905
97035,OR,503,23912
97037,OR,541,849
97038,OR,503,15113
97039,OR,541,472
97040,OR,541,1244
97041,OR,541,2817
97042,OR,503,2923
97045,OR,503,51359
97048,OR,503,6691
97049,OR,503,1899
97050,OR,541,272
97051,OR,503,15957
97053,OR,503,3247
97054,OR,503,1579
97055,OR,503,17350
97056,OR,503,11497
97057,OR,541,36
97058,OR,541,19838
97060,OR,503,21226
97062,OR,503,27434
97063,OR,541,1074
97064,OR,503,3464
97065,OR,541,676
97067,OR,503,2138
97068,OR,503,28305
97070,OR,503,20957
97071,OR,503,28803
97080,OR,503,40888
97086,OR,503,26010
97089,OR,503,11986
97101,OR,503,3794
97102,OR,503,205
97103,OR,503,16859
97106,OR,503,4550
97107,OR,503,1530
97108,OR,503,490
97109,OR,503,577
97110,OR,503,1284
97111,OR,503,3156
97112,OR,503,1901
97113,OR,503,14155
97114,OR,503,4762
97115,OR,503,4139
97116,OR,503,24104
97117,OR,503,679
97118,OR,503,775
97119,OR,503,4420
97121,OR,503,1383
97122,OR,503,460
97123,OR,503,44537
97124,OR,503,48349
97125,OR,503,157
97127,OR,503,3740
97128,OR,503,36141
97130,OR,503,710
97131,OR,503,2498
97132,OR,503,28278
97133,OR,503,4000
97134,OR,503,175
97135,OR,503,861
97136,OR,503,1761
97137,OR,503,1307
97138,OR,503,10021
97140,OR,503,23474
97141,OR,503,13140
97144,OR,503,195
97145,OR,503,441
97146,OR,503,5905
97147,OR,503,408
97148,OR,503,3406
97149,OR,503,574
97201,OR,503,15484
97202,OR,503,38762
97203,OR,503,31042
97204,OR,503,1036
97205,OR,503,7688
97206,OR,503,47596
97208,OR,503,0
97209,OR,503,14950
97210,OR,503,10887
97211,OR,503,31254
97212,OR,503,24126
97213,OR,503,29219
97214,OR,503,23813
97215,OR,503,16375
97216,OR,503,15594
97217,OR,503,31438
97218,OR,503,14561
97219,OR,503,38709
97220,OR,503,28495
97221,OR,503,11630
97222,OR,503,34979
97223,OR,503,46699
97224,OR,503,31122
97225,OR,503,24176
97227,OR,503,3847
97229,OR,503,58217
97230,OR,503,39752
97231,OR,503,4280
97232,OR,503,11472
97233,OR,503,39367
97236,OR,503,36852
97239,OR,503,14150
97266,OR,503,33300
97267,OR,503,30839
97301,OR,503,53518
97302,OR,503,37131
97303,OR,503,38663
97304,OR,503,28454
97305,OR,503,40176
97306,OR,503,27360
97317,OR,503,24355
97321,OR,541,24928
97322,OR,503,34039
97324,OR,541,1126
97325,OR,503,6614
97326,OR,541,961
97327,OR,541,2871
97329,OR,503,90
97330,OR,541,41472
97331,OR,541,2408
97333,OR,541,21377
97338,OR,503,20045
97341,OR,541,2325
97342,OR,503,267
97343,OR,541,434
97344,OR,503,1076
97345,OR,541,574
97346,OR,503,883
97347,OR,503,1878
97348,OR,541,1625
97350,OR,503,182
97351,OR,503,10307
97352,OR,541,5604
97355,OR,541,28613
97357,OR,541,253
97358,OR,503,2576
97360,OR,503,2249
97361,OR,503,11258
97362,OR,503,4338
97364,OR,541,446
97365,OR,541,10744
97366,OR,541,1460
97367,OR,541,9416
97368,OR,541,3435
97369,OR,541,193
97370,OR,541,8271
97371,OR,503,730
97373,OR,503,178
97374,OR,503,5266
97375,OR,503,1252
97376,OR,541,1301
97377,OR,541,917
97378,OR,503,8882
97380,OR,541,2449
97381,OR,503,14711
97383,OR,503,9587
97384,OR,503,23
97385,OR,503,3257
97386,OR,541,13567
97388,OR,541,888
97389,OR,541,1676
97390,OR,541,555
97391,OR,541,5344
97392,OR,503,5191
97394,OR,541,4643
97396,OR,503,3154
97401,OR,541,40521
97402,OR,541,50342
97403,OR,541,11622
97404,OR,541,32255
97405,OR,541,44645
97406,OR,541,105
97408,OR,541,11711
97410,OR,541,759
97411,OR,541,6953
97412,OR,541,521
97413,OR,541,915
97414,OR,541,273
97415,OR,541,14051
97416,OR,541,937
97417,OR,541,2439
97419,OR,541,1066
97420,OR,541,27473
97423,OR,541,6809
97424,OR,541,17594
97426,OR,541,9716
97429,OR,541,684
97430,OR,541,385
97431,OR,541,2335
97434,OR,541,928
97435,OR,541,2349
97436,OR,541,841
97437,OR,541,2572
97438,OR,541,1191
97439,OR,541,14343
97441,OR,541,260
97442,OR,541,2232
97443,OR,541,2232
97444,OR,541,5181
97446,OR,541,4812
97447,OR,541,794
97448,OR,541,12244
97449,OR,541,1959
97450,OR,541,671
97451,OR,541,387
97452,OR,541,1420
97453,OR,541,897
97454,OR,541,1337
97455,OR,541,2538
97456,OR,541,2985
97457,OR,541,10208
97458,OR,541,4733
97459,OR,541,14096
97461,OR,541,683
97462,OR,541,3938
97463,OR,541,3877
97465,OR,541,2145
97466,OR,541,816
97467,OR,541,5339
97469,OR,541,2596
97470,OR,541,19985
97471,OR,503,29100
97473,OR,541,328
97476,OR,541,217
97477,OR,541,36874
97478,OR,541,37011
97479,OR,541,9505
97480,OR,541,379
97481,OR,541,679
97484,OR,541,235
97486,OR,541,714
97487,OR,541,8449
97488,OR,541,1011
97489,OR,541,868
97490,OR,541,326
97492,OR,541,597
97493,OR,541,323
97494,OR,503,49
97495,OR,541,1450
97496,OR,541,7634
97497,OR,541,1523
97498,OR,541,1814
97499,OR,541,1957
97501,OR,541,42117
97502,OR,541,27694
97503,OR,541,10528
97504,OR,541,44444
97520,OR,541,24469
97522,OR,541,658
97523,OR,541,6264
97524,OR,541,14459
97525,OR,541,4601
97526,OR,541,34205
97527,OR,541,33713
97530,OR,541,6916
97531,OR,541,522
97532,OR,541,2378
97534,OR,541,756
97535,OR,541,5047
97536,OR,541,965
97537,OR,541,6918
97538,OR,541,2063
97539,OR,541,3329
97540,OR,541,7930
97541,OR,541,1478
97543,OR,503,736
97544,OR,541,2206
97601,OR,541,22459
97603,OR,541,29525
97604,OR,541,28
97620,OR,541,111
97621,OR,541,320
97622,OR,541,558
97623,OR,541,2310
97624,OR,541,3500
97625,OR,541,199
97626,OR,541,88
97627,OR,541,780
97630,OR,541,5096
97632,OR,541,1466
97633,OR,541,1361
97634,OR,503,212
97635,OR,530,289
97636,OR,541,387
97637,OR,541,76
97638,OR,541,507
97639,OR,541,570
97640,OR,541,99
97641,OR,541,1313
97701,OR,541,58993
97702,OR,541,40583
97707,OR,541,5814
97710,OR,541,120
97711,OR,541,61
97712,OR,503,38
97720,OR,541,4530
97721,OR,541,271
97722,OR,541,91
97730,OR,541,252
97731,OR,541,278
97732,OR,541,139
97733,OR,541,770
97734,OR,541,2786
97735,OR,541,165
97736,OR,541,73
97737,OR,541,496
97738,OR,541,1941
97739,OR,541,11018
97741,OR,541,11912
97750,OR,541,386
97751,OR,541,129
97752,OR,541,44
97753,OR,541,2016
97754,OR,541,18574
97756,OR,541,33554
97758,OR,503,101
97759,OR,541,6294
97760,OR,541,6757
97761,OR,541,3987
97801,OR,541,21521
97810,OR,541,815
97812,OR,541,851
97813,OR,541,1302
97814,OR,541,12382
97817,OR,541,38
97818,OR,541,4159
97819,OR,541,29
97820,OR,541,1095
97823,OR,541,948
97824,OR,541,1661
97825,OR,541,244
97826,OR,541,1085
97827,OR,541,2628
97828,OR,541,3124
97830,OR,541,748
97833,OR,541,895
97834,OR,541,986
97835,OR,541,361
97836,OR,541,1983
97837,OR,541,95
97838,OR,541,25346
97839,OR,541,475
97840,OR,541,98
97841,OR,541,476
97842,OR,541,153
97843,OR,541,647
97844,OR,541,3806
97845,OR,541,2652
97846,OR,541,1891
97848,OR,541,195
97850,OR,541,16955
97856,OR,541,366
97857,OR,541,457
97859,OR,541,123
97862,OR,541,11666
97864,OR,541,262
97865,OR,541,1160
97867,OR,541,763
97868,OR,541,1991
97869,OR,541,1135
97870,OR,541,573
97873,OR,541,228
97874,OR,541,349
97875,OR,541,2610
97876,OR,541,837
97877,OR,541,283
97880,OR,541,272
97882,OR,541,7760
97883,OR,541,2473
97884,OR,541,157
97885,OR,541,1383
97886,OR,541,1140
97901,OR,541,692
97903,OR,541,109
97904,OR,541,176
97905,OR,541,133
97906,OR,541,249
97907,OR,541,560
97908,OR,541,56
97909,OR,541,51
97910,OR,541,641
97911,OR,541,109
97913,OR,541,5531
97914,OR,541,19205
97918,OR,541,4537
97920,OR,541,60
98001,WA,253,31911
98002,WA,253,31647
98003,WA,253,44151
98004,WA,425,27946
98005,WA,425,17714
98006,WA,425,36364
98007,WA,425,24889
98008,WA,425,24411
98010,WA,360,5025
98011,WA,425,29212
98012,WA,425,51136
98014,WA,425,6765
98019,WA,206,10725
98020,WA,425,18304
98021,WA,425,26722
98022,WA,360,20987
98023,WA,253,47510
98024,WA,425,5650
98026,WA,425,35921
98027,WA,425,26141
98028,WA,425,20419
98029,WA,425,24348
98030,WA,253,33769
98031,WA,253,36581
98032,WA,253,33853
98033,WA,425,34338
98034,WA,425,40407
98036,WA,425,36000
98037,WA,425,26889
98038,WA,425,31171
98039,WA,425,2971
98040,WA,206,22699
98042,WA,253,43673
98043,WA,425,19943
98045,WA,425,13888
98047,WA,253,6339
98050,WA,425,322
98051,WA,425,3270
98052,WA,425,58442
98053,WA,425,18784
98055,WA,425,21904
98056,WA,425,32489
98057,WA,206,10613
98058,WA,425,41938
98059,WA,425,34463
98065,WA,425,12699
98068,WA,425,403
98070,WA,206,10624
98072,WA,425,22312
98074,WA,425,25748
98075,WA,425,20715
98077,WA,206,13585
98087,WA,206,29976
98092,WA,253,39816
98101,WA,206,16302
98102,WA,206,20756
98103,WA,206,45911
98104,WA,206,13095
98105,WA,206,43924
98106,WA,206,22873
98107,WA,206,21147
98108,WA,206,22374
98109,WA,206,20715
98110,WA,206,23025
98112,WA,206,21077
98115,WA,206,46206
98116,WA,206,22241
98117,WA,206,31365
98118,WA,206,42731
98119,WA,206,21039
98121,WA,206,12628
98122,WA,206,31454
98125,WA,206,37081
98126,WA,206,20698
98133,WA,206,44555
98134,WA,206,644
98136,WA,206,14770
98144,WA,206,26881
98146,WA,206,25922
98148,WA,206,10010
98154,WA,206,0
98155,WA,206,32778
98158,WA,206,0
98164,WA,206,141
98166,WA,206,20301
98168,WA,206,33734
98174,WA,206,0
98177,WA,206,19030
98178,WA,206,24092
98188,WA,206,23111
98195,WA,206,0
98198,WA,206,34584
98199,WA,206,19686
98201,WA,425,29582
98203,WA,425,34354
98204,WA,425,39380
98207,WA,425,758
98208,WA,425,51802
98220,WA,360,634
98221,WA,360,20429
98222,WA,360,33
98223,WA,360,40815
98224,WA,360,294
98225,WA,360,46172
98226,WA,360,41235
98229,WA,206,30321
98230,WA,360,15710
98232,WA,360,3920
98233,WA,360,14871
98235,WA,360,103
98236,WA,360,5635
98237,WA,360,4025
98238,WA,360,85
98239,WA,360,6646
98240,WA,360,3061
98241,WA,360,2129
98243,WA,360,507
98244,WA,360,3001
98245,WA,360,3651
98247,WA,360,9072
98248,WA,360,22361
98249,WA,360,4561
98250,WA,360,7664
98251,WA,360,4567
98252,WA,360,8777
98253,WA,360,1837
98255,WA,360,245
98256,WA,360,420
98257,WA,360,4134
98258,WA,360,30524
98260,WA,360,5278
98261,WA,360,2383
98262,WA,360,964
98263,WA,360,76
98264,WA,360,18893
98266,WA,360,3642
98267,WA,360,534
98270,WA,360,45899
98271,WA,360,27184
98272,WA,360,27942
98273,WA,360,28717
98274,WA,360,16613
98275,WA,425,20256
98276,WA,360,450
98277,WA,360,37823
98278,WA,360,1065
98279,WA,360,608
98280,WA,360,480
98281,WA,360,1314
98282,WA,360,15661
98283,WA,360,434
98284,WA,360,24331
98286,WA,360,240
98288,WA,360,333
98290,WA,360,32714
98292,WA,360,20987
98294,WA,360,6595
98295,WA,360,2409
98296,WA,425,27956
98297,WA,206,106
98303,WA,253,1037
98304,WA,503,759
98305,WA,360,358
98310,WA,360,18703
98311,WA,360,25880
98312,WA,360,30203
98314,WA,360,3329
98315,WA,360,6054
98320,WA,360,1250
98321,WA,253,15152
98323,WA,360,702
98325,WA,360,1848
98326,WA,360,1412
98327,WA,253,8267
98328,WA,253,10433
98329,WA,253,10545
98330,WA,360,149
98331,WA,360,6261
98332,WA,253,15855
98333,WA,253,3633
98335,WA,253,24925
98336,WA,360,970
98337,WA,360,6697
98338,WA,253,24098
98339,WA,360,3326
98340,WA,360,2537
98342,WA,360,1370
98345,WA,360,554
98346,WA,360,9297
98349,WA,253,4614
98350,WA,360,460
98351,WA,253,1115
98353,WA,206,4
98354,WA,253,6976
98355,WA,360,628
98356,WA,360,2149
98357,WA,360,1414
98358,WA,360,897
98359,WA,253,4887
98360,WA,360,12221
98361,WA,360,1158
98362,WA,360,22230
98363,WA,360,13343
98364,WA,360,45
98365,WA,360,4528
98366,WA,360,34258
98367,WA,360,27693
98368,WA,360,14724
98370,WA,360,29528
98371,WA,253,20468
98372,WA,253,22475
98373,WA,253,22246
98374,WA,253,37360
98375,WA,253,26863
98376,WA,360,1998
98377,WA,360,1922
98380,WA,360,4173
98381,WA,360,371
98382,WA,360,26856
98383,WA,360,19727
98385,WA,360,459
98387,WA,253,43173
98388,WA,253,7508
98390,WA,253,10461
98391,WA,206,44309
98392,WA,360,2994
98394,WA,253,1107
98396,WA,360,662
98402,WA,253,6356
98403,WA,253,7713
98404,WA,253,32086
98405,WA,253,22851
98406,WA,253,21610
98407,WA,253,19885
98408,WA,253,18830
98409,WA,253,22989
98416,WA,206,1014
98418,WA,253,10069
98421,WA,253,1308
98422,WA,253,20151
98424,WA,253,10140
98430,WA,206,13
98433,WA,253,14584
98438,WA,253,366
98439,WA,253,4839
98443,WA,253,5371
98444,WA,253,33956
98445,WA,253,29661
98446,WA,253,10173
98447,WA,206,842
98465,WA,253,6340
98466,WA,253,26944
98467,WA,253,14728
98498,WA,253,27546
98499,WA,253,29750
98501,WA,360,38133
98502,WA,360,30491
98503,WA,360,36611
98506,WA,360,18199
98512,WA,360,28130
98513,WA,360,31975
98516,WA,360,20166
98520,WA,360,23814
98524,WA,360,3232
98526,WA,360,398
98527,WA,360,324
98528,WA,360,9983
98530,WA,360,565
98531,WA,360,24121
98532,WA,360,23596
98533,WA,360,609
98535,WA,360,445
98536,WA,360,211
98537,WA,360,2129
98538,WA,360,304
98541,WA,360,10101
98542,WA,360,656
98544,WA,206,73
98546,WA,360,2909
98547,WA,360,1436
98548,WA,360,2193
98550,WA,360,11382
98552,WA,360,508
98555,WA,360,599
98557,WA,360,3225
98558,WA,360,192
98559,WA,206,93
98560,WA,206,142
98562,WA,360,195
98563,WA,360,8001
98564,WA,360,2459
98565,WA,360,618
98568,WA,360,2519
98569,WA,360,5784
98570,WA,360,3889
98571,WA,360,483
98572,WA,360,797
98575,WA,360,228
98576,WA,360,4667
98577,WA,360,6338
98579,WA,360,12870
98580,WA,253,11099
98581,WA,360,424
98582,WA,360,611
98583,WA,360,124
98584,WA,360,36630
98585,WA,360,655
98586,WA,360,1944
98587,WA,360,942
98588,WA,360,1829
98589,WA,360,7320
98590,WA,360,356
98591,WA,360,3952
98592,WA,360,1764
98593,WA,360,1113
98595,WA,360,2917
98596,WA,360,6524
98597,WA,360,21557
98601,WA,360,2982
98602,WA,509,200
98603,WA,360,1017
98604,WA,360,34232
98605,WA,509,1225
98606,WA,360,9027
98607,WA,360,27899
98610,WA,509,2871
98611,WA,360,9133
98612,WA,360,2704
98613,WA,509,400
98614,WA,360,353
98616,WA,360,150
98617,WA,509,1042
98619,WA,509,457
98620,WA,509,7123
98621,WA,360,276
98624,WA,360,1532
98625,WA,360,6133
98626,WA,360,24523
98628,WA,509,385
98629,WA,360,8364
98631,WA,360,3243
98632,WA,360,49205
98635,WA,509,1735
98638,WA,360,1525
98639,WA,509,847
98640,WA,360,4380
98641,WA,360,5
98642,WA,360,15696
98643,WA,360,362
98644,WA,360,473
98645,WA,360,1429
98647,WA,360,404
98648,WA,509,3100
98649,WA,360,895
98650,WA,509,959
98651,WA,509,939
98660,WA,360,11858
98661,WA,360,41740
98662,WA,360,31644
98663,WA,360,14115
98664,WA,360,21771
98665,WA,360,24057
98670,WA,509,113
98671,WA,360,21220
98672,WA,509,6146
98673,WA,509,404
98674,WA,360,12029
98675,WA,360,6713
98682,WA,360,52893
98683,WA,360,30832
98684,WA,360,26968
98685,WA,360,26217
98686,WA,360,17385
98801,WA,509,40977
98802,WA,509,28719
98811,WA,509,71
98812,WA,509,4899
98813,WA,509,3176
98814,WA,509,466
98815,WA,509,7233
98816,WA,509,6394
98817,WA,509,366
98819,WA,509,258
98821,WA,509,519
98822,WA,509,1953
98823,WA,509,11055
98824,WA,509,181
98826,WA,509,6504
98827,WA,509,312
98828,WA,509,2146
98829,WA,509,564
98830,WA,509,494
98831,WA,509,3708
98832,WA,509,320
98833,WA,509,150
98834,WA,509,239
98836,WA,509,584
98837,WA,509,39722
98840,WA,509,4851
98841,WA,509,9197
98843,WA,509,1817
98844,WA,509,4740
98845,WA,206,128
98846,WA,509,1173
98847,WA,509,1920
98848,WA,509,11518
98849,WA,509,1078
98850,WA,509,1543
98851,WA,509,4014
98852,WA,206,104
98853,WA,509,23
98855,WA,509,5863
98856,WA,509,2464
98857,WA,509,4082
98858,WA,509,1521
98859,WA,509,238
98860,WA,509,259
98862,WA,509,2218
98901,WA,509,30169
98902,WA,509,46322
98903,WA,509,14517
98908,WA,509,35240
98921,WA,206,516
98922,WA,509,5468
98923,WA,509,1434
98925,WA,509,689
98926,WA,509,30239
98930,WA,509,15252
98932,WA,509,5032
98933,WA,509,1267
98934,WA,509,1117
98935,WA,509,4190
98936,WA,509,5872
98937,WA,509,4112
98938,WA,509,2177
98939,WA,509,167
98940,WA,509,760
98941,WA,509,919
98942,WA,509,16973
98943,WA,509,660
98944,WA,509,22014
98946,WA,509,495
98947,WA,509,2902
98948,WA,509,13225
98950,WA,509,177
98951,WA,509,13739
98952,WA,509,2330
98953,WA,509,6681
99001,WA,509,6151
99003,WA,509,4848
99004,WA,509,18376
99005,WA,509,8574
99006,WA,509,11946
99008,WA,509,641
99009,WA,509,3947
99011,WA,509,2776
99012,WA,509,1064
99013,WA,509,1785
99016,WA,509,12480
99017,WA,509,161
99018,WA,509,282
99019,WA,509,9502
99020,WA,206,82
99021,WA,509,9174
99022,WA,509,8820
99023,WA,509,529
99025,WA,509,5232
99026,WA,509,9042
99027,WA,509,6101
99029,WA,509,1289
99030,WA,509,1032
99031,WA,509,1137
99032,WA,509,691
99033,WA,509,895
99034,WA,509,209
99036,WA,509,1448
99037,WA,509,12973
99039,WA,509,87
99040,WA,509,734
99101,WA,509,1453
99102,WA,509,500
99103,WA,509,497
99105,WA,509,61
99109,WA,509,5109
99110,WA,509,1667
99111,WA,509,4047
99113,WA,509,761
99114,WA,509,12018
99115,WA,509,1143
99116,WA,509,1439
99117,WA,509,485
99118,WA,509,931
99119,WA,509,1204
99121,WA,509,145
99122,WA,509,3773
99123,WA,509,1058
99124,WA,509,240
99125,WA,509,527
99126,WA,509,877
99128,WA,208,321
99129,WA,509,793
99130,WA,509,828
99131,WA,509,170
99133,WA,509,1493
99134,WA,509,643
99135,WA,509,255
99136,WA,509,29
99137,WA,509,343
99138,WA,509,1209
99139,WA,509,1301
99140,WA,509,475
99141,WA,509,5240
99143,WA,509,650
99144,WA,509,43
99146,WA,206,56
99147,WA,509,190
99148,WA,509,2106
99149,WA,509,208
99150,WA,509,380
99151,WA,206,164
99152,WA,509,197
99153,WA,509,467
99154,WA,509,20
99155,WA,509,1350
99156,WA,509,8114
99157,WA,509,697
99158,WA,509,603
99159,WA,509,1375
99160,WA,206,149
99161,WA,509,1400
99163,WA,509,31404
99164,WA,509,0
99166,WA,509,3222
99167,WA,509,625
99169,WA,509,2459
99170,WA,509,1072
99171,WA,509,959
99173,WA,509,1532
99174,WA,509,44
99176,WA,509,145
99179,WA,509,437
99180,WA,509,939
99181,WA,509,1901
99185,WA,509,1295
99201,WA,509,13342
99202,WA,509,21580
99203,WA,509,20192
99204,WA,509,6681
99205,WA,509,42137
99206,WA,509,34802
99207,WA,509,30854
99208,WA,509,49193
99212,WA,509,19197
99216,WA,509,24362
99217,WA,509,17423
99218,WA,509,15531
99223,WA,509,29273
99224,WA,509,18289
99301,WA,509,85210
99320,WA,509,9201
99321,WA,509,531
99322,WA,509,217
99323,WA,509,3684
99324,WA,509,9202
99326,WA,509,4956
99328,WA,509,3733
99329,WA,206,160
99330,WA,509,907
99333,WA,509,50
99335,WA,509,340
99336,WA,509,48753
99337,WA,509,29845
99338,WA,509,11555
99341,WA,509,884
99343,WA,509,3040
99344,WA,509,16817
99345,WA,509,213
99346,WA,509,352
99347,WA,509,2293
99348,WA,509,1364
99349,WA,509,8483
99350,WA,509,12979
99352,WA,509,26975
99353,WA,509,13306
99354,WA,206,21343
99356,WA,509,294
99357,WA,509,4323
99359,WA,509,158
99360,WA,509,1350
99361,WA,509,1902
99362,WA,509,41056
99363,WA,206,216
99371,WA,509,311
99401,WA,509,273
99402,WA,509,1875
99403,WA,509,19548
99501,AK,907,17603
99502,AK,907,24168
99503,AK,907,14563
99504,AK,907,40914
99505,AK,907,6174
99506,AK,907,7749
99507,AK,907,37850
99508,AK,907,35857
99510,AK,907,353
99513,AK,907,0
99515,AK,907,22441
99516,AK,907,20095
99517,AK,907,16645
99518,AK,907,10225
99519,AK,907,1316
99540,AK,907,320
99546,AK,907,326
99547,AK,907,61
99548,AK,907,73
99549,AK,907,102
99550,AK,907,197
99551,AK,907,627
99552,AK,907,346
99553,AK,907,1027
99554,AK,907,677
99555,AK,907,221
99556,AK,907,2510
99557,AK,907,726
99558,AK,907,85
99559,AK,907,7632
99561,AK,907,418
99563,AK,907,938
99564,AK,907,91
99565,AK,907,78
99566,AK,907,192
99567,AK,907,9211
99568,AK,907,279
99569,AK,907,64
99571,AK,907,160
99572,AK,907,296
99573,AK,907,1115
99574,AK,907,2348
99575,AK,907,105
99576,AK,907,2603
99577,AK,907,25771
99578,AK,907,296
99579,AK,907,109
99580,AK,907,115
99581,AK,907,762
99583,AK,907,35
99585,AK,907,417
99586,AK,907,605
99587,AK,907,2250
99588,AK,907,980
99589,AK,907,243
99590,AK,907,194
99591,AK,907,102
99602,AK,907,178
99603,AK,907,9840
99604,AK,907,1093
99605,AK,907,211
99606,AK,907,469
99607,AK,907,216
99609,AK,907,569
99610,AK,907,2167
99611,AK,907,15122
99612,AK,907,938
99613,AK,907,434
99614,AK,907,639
99615,AK,907,12899
99620,AK,907,577
99621,AK,907,723
99622,AK,907,321
99624,AK,907,90
99625,AK,907,72
99626,AK,907,282
99627,AK,907,406
99628,AK,907,443
99630,AK,907,191
99631,AK,907,228
99632,AK,907,813
99633,AK,907,544
99634,AK,907,354
99636,AK,907,510
99637,AK,907,590
99638,AK,907,18
99639,AK,907,1131
99640,AK,907,174
99641,AK,907,496
99643,AK,907,218
99644,AK,907,175
99645,AK,907,25176
99647,AK,907,44
99648,AK,907,113
99649,AK,907,80
99650,AK,907,568
99651,AK,907,61
99652,AK,907,3703
99653,AK,907,159
99654,AK,907,52168
99655,AK,907,669
99656,AK,907,25
99657,AK,907,329
99658,AK,907,616
99659,AK,907,401
99660,AK,907,479
99661,AK,907,978
99662,AK,907,480
99663,AK,907,414
99664,AK,907,4932
99665,AK,907,83
99666,AK,907,189
99667,AK,907,65
99668,AK,907,86
99669,AK,907,14191
99670,AK,907,79
99671,AK,907,556
99672,AK,907,3704
99674,AK,907,1444
99676,AK,907,1546
99677,AK,907,88
99678,AK,907,891
99679,AK,907,373
99680,AK,907,408
99681,AK,907,325
99682,AK,907,373
99683,AK,907,524
99684,AK,907,688
99685,AK,907,4224
99686,AK,907,4005
99688,AK,907,2759
99689,AK,907,662
99690,AK,907,280
99691,AK,907,95
99692,AK,907,152
99693,AK,907,248
99694,AK,907,1512
99695,AK,907,7
99701,AK,907,19019
99702,AK,907,2647
99703,AK,907,7065
99704,AK,907,24
99705,AK,907,22544
99706,AK,907,13
99709,AK,907,29830
99712,AK,907,13866
99714,AK,907,1385
99720,AK,907,208
99721,AK,907,324
99722,AK,907,152
99723,AK,907,4213
99724,AK,907,84
99726,AK,907,30
99727,AK,907,416
99729,AK,907,231
99730,AK,907,144
99732,AK,907,10
99733,AK,907,104
99734,AK,907,845
99736,AK,907,122
99737,AK,907,5011
99738,AK,907,187
99739,AK,907,330
99740,AK,907,585
99741,AK,907,470
99742,AK,907,681
99743,AK,907,1069
99744,AK,907,226
99745,AK,907,78
99746,AK,907,277
99747,AK,907,239
99748,AK,907,190
99749,AK,907,363
99750,AK,907,374
99751,AK,907,151
99752,AK,907,3553
99753,AK,907,332
99754,AK,907,96
99755,AK,907,217
99756,AK,907,119
99757,AK,907,17
99758,AK,907,210
99759,AK,907,189
99760,AK,907,785
99761,AK,907,514
99762,AK,907,4038
99763,AK,907,668
99764,AK,907,290
99765,AK,907,264
99766,AK,907,678
99767,AK,907,24
99768,AK,907,175
99769,AK,907,671
99770,AK,907,841
99771,AK,907,251
99772,AK,907,567
99773,AK,907,262
99774,AK,907,78
99775,AK,907,1251
99776,AK,907,124
99777,AK,907,246
99778,AK,907,254
99780,AK,907,1535
99781,AK,907,167
99782,AK,907,556
99783,AK,907,145
99784,AK,907,190
99785,AK,907,388
99786,AK,907,259
99788,AK,907,69
99789,AK,907,402
99790,AK,907,20
99791,AK,907,237
99801,AK,907,29164
99820,AK,907,479
99824,AK,907,2111
99825,AK,907,120
99826,AK,907,442
99827,AK,907,2602
99829,AK,907,777
99830,AK,907,561
99832,AK,907,104
99833,AK,907,3202
99835,AK,907,8880
99836,AK,907,52
99840,AK,907,968
99841,AK,907,133
99901,AK,907,13508
99903,AK,907,31
99918,AK,907,231
99919,AK,907,531
99921,AK,907,1920
99922,AK,907,384
99923,AK,907,87
99925,AK,907,819
99926,AK,907,1460
99927,AK,907,94
99929,AK,907,2338
